id,code,name,rufname,rasse,geschlecht,geburtsdatum,gewicht_kg,groesse_cm,kunden_id,trainingsziele,notizen,felltyp,kastriert,fellfarbe,groesse_typ,herkunft,chip_nummer,created_at,updated_at,schema_version,version,status
019b6fbf-c2b7-70ad-a276-245efcb19832,DT-1,Jecko,,Zwergbullterrier,W,2007-04-30,0.00,,019b6f8b-fc47-768e-bfc8-a0964e841abd,,"16.12.2011 rifo: Heute xxxxx
Nä. Mal yyyyy",,,,,Hund,123456789101234,,,1,0,
019b6fbf-c2b7-726b-b5e7-6fe986887c79,DT-8,Bonnie zum hohlen Fels,Bonnie,Cairn Terrier,W,2011-04-21,0.00,,019b6f8b-fc47-775d-bc15-1b521ca9ad9b,,,,,,,Hund,,,,1,0,
019b6fbf-c2b7-733e-ae98-4e2c5d53f332,DT-10,Sunny,Sunny,Appenzeller x Bordercollie,M,2007-06-12,0.00,,019b6f8b-fc48-71a6-bd82-806792803290,,,,,,,Hund,,,2026-01-22T15:34:36.000Z,1,0,
019b6fbf-c2b7-7348-9a88-eb249e87d7da,DT-5,Bella,Bella,Bolonka Zwetna,W,2010-11-18,0.00,,019b6f8b-fc47-73b7-87c6-bfebb369c918,,,,,,,Hund,,,2026-01-22T15:34:37.000Z,1,0,
019b6fbf-c2b7-73a3-aba1-081fcc2a6c48,DT-2,Keron,Keron,Mittelschnauzer,M,2010-04-29,0.00,,019b6f8b-fc47-7309-a1ba-77f7aed5b220,,10.08.2011 rifo: Leinenaggression,,1,,,Hund,,,2026-01-22T15:34:36.000Z,1,0,
019b6fbf-c2b7-74d0-b1e2-19cb7a383c92,DT-7,Lester,Lester,Engl. Cocker Spaniel,M,2008-12-30,0.00,,019b6f8b-fc47-7403-b766-90c1caf66802,,,,,,,Hund,,,2026-01-22T15:34:36.000Z,1,0,
019b6fbf-c2b7-7594-95c6-7797fb015e55,DT-9,Stone,Stone,Altdeutscher Schäferhund,M,2011-02-12,0.00,,019b6f8b-fc47-70b2-9652-23248f4e1590,,,langhaar,0,braun-schwarz,,Hund,276098104094204,,2026-01-22T15:34:36.000Z,1,0,
019b6fbf-c2b7-7c31-b540-7257c5fce974,DT-3,Nanook,Nanook,Tibet Terrier,M,2011-05-31,0.00,,019b6f8b-fc47-70b8-89ca-39da6b1c0907,,,,,,,Hund,,,2026-01-22T15:34:36.000Z,1,0,
019b6fbf-c2b7-7cde-a98c-4a8816427bfb,DT-6,Balou,Balou,Border-Mix,M,2010-08-13,0.00,,019b6f8b-fc47-7769-b2ce-ed0a862b1a59,,,,,,,Hund,,,2026-01-22T15:34:36.000Z,1,0,
019b6fbf-c2b8-700a-828e-8ea681fb81ef,DT-89,Zeus,Zeus,Biewer Yorkshire Terrier,M,2011-02-08,0.00,,019b6f8b-fc48-7b23-a400-2621ad0194cc,,,,,,,Hund,,,2026-01-22T15:34:36.000Z,1,0,
019b6fbf-c2b8-700b-b663-9a0695937571,DT-125,Mirio,Miro,Berger Blanc Suisse,M,2011-01-22,0.00,,019b6f8b-fc48-7754-a88f-12c298b29dc7,,,halblanghaar,0,weiss,,Hund,7560981005339724,,,1,0,
019b6fbf-c2b8-701b-ba7b-ace9a02d00e0,DT-34,Nero,Nero,Allerlei (Bergamasker/Sch,M,2010-07-27,0.00,,019b6f8b-fc48-7ae8-bbc2-d29ddb0ea3bd,,,,,,,Hund,,,2026-01-22T15:34:36.000Z,1,0,
019b6fbf-c2b8-703e-89e4-ac5b5509b9df,DT-117,Tschaba,Tschaba,Belgischer Schäferhund M,W,2007-05-01,0.00,,019b6f8b-fc48-7eb2-9d21-685ea96df30d,,,,,,,Hund,,,2026-01-22T15:34:36.000Z,1,0,
019b6fbf-c2b8-703e-b2f4-de43ad5251bd,DT-85,Onyx,Onyx,Deutscher Schäferhund,M,2009-01-01,0.00,,019b6f8b-fc48-7b05-bfcc-7965c7dde5d8,,,,0,,,Hund,,,2026-01-22T15:34:36.000Z,1,0,
019b6fbf-c2b8-704f-acb4-1e095e9de5cc,DT-69,Pippin,Pippin,Serbische Bracke Mix,M,2004-04-01,0.00,,019b6f8b-fc43-704d-89e9-83e440895c5f,,"19.08.2011 such: zickt bei andern Hunden. Schlechtes Kommunikationsverhalten.
19.08.2011 such: läuft in der Jagd mit",halblanghaar,1,black & tan,,Hund,,,,1,0,
019b6fbf-c2b8-709a-a1ff-d5ddfd26619f,DT-101,Ambra,Ambra,Bretonischer Spaniel,W,2008-08-01,0.00,,019b6f8b-fc48-7cf1-a74c-f6eb5cb0f61d,,22.08.2011 such: aus Tötungsstation,halblanghaar,1,weiss-rot,,Hund,985170000068323,,,1,0,
019b6fbf-c2b8-70a2-a8f5-384569e62690,DT-154,Juma,Juma,Tervueren / Belgischer Schäferhund,W,2009-05-27,0.00,,019b6f8b-fc48-7fb8-8b4e-372b16d5ccfb,,,langhaar,,hellbraun-schwarz,,Hund,756098100453954,,2026-01-22T15:34:36.000Z,1,0,
019b6fbf-c2b8-70f8-8ed8-80c3ed1107f8,DT-48,Adou,Adou,Viszla,M,2005-06-16,0.00,,019b6f8b-fc48-7446-8037-e5ce577b544f,,,,,,,Hund,,,2026-01-22T15:34:36.000Z,1,0,
019b6fbf-c2b8-710a-9a9f-47cc3b136626,DT-108,Wasco,Wasco,Bergamasker x Labrador,M,2009-01-31,0.00,,019b6f8b-fc48-7d60-8545-3541ba0005ba,,,,,,,Hund,756 098 100 423 962,,2026-01-22T15:34:36.000Z,1,0,
019b6fbf-c2b8-714a-9c87-631d19f1fd2d,DT-82,Pippo,Pippo,Lagotto,M,2011-01-12,0.00,,019b6f8b-fc48-7f2f-b087-8b83722589c8,,,Gelockt,0,bianco-arancio,,Hund,756 097 200 152 050,,2026-01-22T15:34:36.000Z,1,0,
019b6fbf-c2b8-7150-88bd-8f01bf2d55f3,DT-51,Cinco van Stormhaven,Cinco,Holl.Schäferhund kurzhaar,M,2008-12-07,0.00,,019b6f8b-fc48-76bb-87f8-2ece54ff2b11,,"15.08.2011 such: Hyperaktiver Hund, therapieresistent",,1,,,Hund,,,,1,0,
019b6fbf-c2b8-715c-9b3d-e94b6ec5c048,DT-64,Chemmhuk vom Holligenwald,Chemmhuk,Beauceron,M,2008-01-05,0.00,,019b6f8b-fc48-7a7f-98a5-a8b53b2664d5,,,,,,,Hund,,,,1,0,
019b6fbf-c2b8-717d-aae1-156591bbac64,DT-20,Chyvas,Chyvas,Bordercollie x Labrador,M,2002-02-02,0.00,,019b6f8b-fc48-7f00-8117-f31a3d339969,,,,,,,Hund,,,,1,0,
019b6fbf-c2b8-7186-90b9-a7f5a41c628f,DT-67,Cliff of Mosslake,Cliff,Golden Retriever,M,1997-09-24,0.00,,019b6f8b-fc43-73a2-9bb8-4b871c45b1b1,,,,,,,Hund,,,,1,0,
019b6fbf-c2b8-718d-85b7-3e3afc035ce0,DT-60,Nala,Nala,Bordercollie x Aussie,W,2008-10-03,0.00,,019b6f8b-fc48-75da-926f-8295d52452a0,,17.08.2011 such: Sehr auf Führer fixiert. Typisches Agility-Verhalten,,,,,Hund,,,2026-01-22T15:34:37.000Z,1,0,
019b6fbf-c2b8-71b7-868b-5d2deeabb4f6,DT-46__dup1,Nino,Nino,Belgischer Schäferhund Mix,M,2012-10-23,0.00,,019b6f8b-fc48-75f9-924a-db1f37ca5727,,,kurzhaar,1,beige,,Hund,756098100593209,,2026-01-22T15:34:36.000Z,1,0,
019b6fbf-c2b8-71f6-8c4d-56ad7f2d5e43,DT-28,Iron of Rhodesian,Eron,Rhodesien Ridgeback,M,2010-02-01,0.00,,019b6f8b-fc43-758d-813a-f9b9a6c59832,,,kurzhaar,0,red weizen,,Hund,,,,1,0,
019b6fbf-c2b8-71fc-b36b-544b4968d345,DT-49,Miko,Miko,Terrier Mix,M,2007-01-01,0.00,,019b6f8b-fc48-7f57-aeda-5c1a360edb88,,,,,,,Hund,,,2026-01-22T15:34:36.000Z,1,0,
019b6fbf-c2b8-722c-9466-b13ddcdbf9b0,DT-116,Jack,Jack,Mischling,M,2004-04-01,0.00,,019b6f8b-fc48-7742-ba8b-e8ee40fcfa85,,02.09.2011 such: seit Jahren Leinenzwang,,,,,Hund,756 098 100 198 756,,2026-01-22T15:34:36.000Z,1,0,
019b6fbf-c2b8-724d-94f6-e81f37655b6f,DT-109,Butch,Butch,Berner Sennenhund,M,2009-01-25,0.00,,019b6f8b-fc48-7e24-8b49-1c3b40926dd6,,,,,,,Hund,,,2026-01-22T15:34:36.000Z,1,0,
019b6fbf-c2b8-7289-ac2c-cb3273ae9857,DT-155,Bender,Bender,Labrador Mix,M,2011-04-12,0.00,,019b6f8b-fc48-7f70-ac16-15bc32eccca8,,,kurzhaar,,,,Hund,,,2026-01-22T15:34:37.000Z,1,0,
019b6fbf-c2b8-72a0-8b59-f98244439b04,DT-73,Essi,Essi,West Highland Terrier,W,2005-06-16,0.00,,019b6f8b-fc47-785d-a832-c716ee24a7db,,,,,,,Hund,,,2026-01-22T15:34:36.000Z,1,0,
019b6fbf-c2b8-72bb-ad55-1763b629c6eb,DT-19,Marlo vom Tenk Hof,Madoxx,Franz. Bulldogge,M,2008-03-28,0.00,,019b6f8b-fc48-7796-b264-e2653f422352,,,,,,,Hund,,,,1,0,
019b6fbf-c2b8-72dc-af9d-7a50594d1c36,DT-15,Nubia,Nubia,Jack Russell Terrier,W,2009-03-06,0.00,,019b6f8b-fc48-7599-8e03-1ab3d68442b6,,14.08.2011 such: zickig gegen andere Hunde aus Unsicherheit,,,,,Hund,,,2026-01-22T15:34:36.000Z,1,0,
019b6fbf-c2b8-72ec-b850-6e093873e68b,DT-36,Jawango du domaine de straz,Jawango,Mastiff,M,2010-04-04,0.00,,019b6f8b-fc48-752c-bc50-07e73e8afdf5,,,,,,,Hund,,,,1,0,
019b6fbf-c2b8-72f0-b162-bafc6b2e85ad,DT-91,Willy,Willy,Mischling Typ Volpino Itali,M,2010-11-01,0.00,,019b6f8b-fc48-74d6-9720-a976ed5eab66,,22.08.2011 such: Der Hund ist sehr keck. Scheut sich nicht zu schnappen,,,,,Hund,,,2026-01-22T15:34:36.000Z,1,0,
019b6fbf-c2b8-72f4-90b4-460a6fdb3d0d,DT-26,Lucy,Lucy,Jack Russell Terrier,W,2009-06-03,0.00,,019b6f8b-fc48-7c61-9a88-fede35ac9ef1,,,,,,,Hund,,,2026-01-22T15:34:36.000Z,1,0,
019b6fbf-c2b8-72f8-9ecc-b1f2190fb669,DT-153,Pepper,Pepper,Boxer,M,2008-05-19,0.00,,019b6f8b-fc48-7a10-b4b9-4d84b9130bc6,,,kurzhaar,,dunkel gestromt,,Hund,276097 200 855 922,,,1,0,
019b6fbf-c2b8-730c-bbd6-f131f9bbe4bb,DT-118,Fanny,Fanny,Deutscher Schäferhund,W,2010-04-21,0.00,,019b6f8b-fc48-7a69-a803-f990c4bcada8,,02.09.2011 such: Hund aus Leistungszucht,,0,,,Hund,756 097 200 192 306,,2026-01-22T15:34:36.000Z,1,0,
019b6fbf-c2b8-7318-95d2-f0f875560aca,DT-111,Mugen,Mugen,Malinios,M,2005-06-20,0.00,,019b6f8b-fc48-75de-9af8-263954d843fe,,,,1,,,Hund,756 098 100 266 957,,2026-01-22T15:34:36.000Z,1,0,
019b6fbf-c2b8-733b-ace4-6739901bcadb,DT-95,Coco von der Bernard Ranch,Coco,Chihuahua,M,2009-06-23,0.00,,019b6f8b-fc48-7060-a4b9-7b31dc9404ed,,,,,,,Hund,,,,1,0,
019b6fbf-c2b8-734b-9a53-0c05d97588ef,DT-121,Aaron,Aaron,Beauceron,M,2005-03-24,0.00,,019b6f8b-fc48-788f-bb09-38c043199c53,,"02.09.2011 such: hat zeitweilig Probleme mit Artgenossen, da er massiv gebissen wurde.",,0,,,Hund,,,2026-01-22T15:34:36.000Z,1,0,
019b6fbf-c2b8-734e-b56f-799e606c2917,DT-151,Joy,Joy,Yorkshire Terrier,M,2011-03-21,0.00,,019b6f8b-fc48-79b4-b982-bed6724d9ec0,,,langhaar,0,schwarz-braun,,Hund,756097200191785,,,1,0,
019b6fbf-c2b8-7359-875b-eccb8cf47660,DT-23,Darkhan D`Avicenna,Darkhan,Afghanischer Windhund,M,2010-10-27,0.00,,019b6f8b-fc48-75e0-a7de-fcc68fcaebbf,,,langhaar,0,beige Sattelzeichnung,,Hund,276098104083517,,,1,0,
019b6fbf-c2b8-737e-87a5-b599dd189809,DT-12,Farina v. Gugelturm,Farina,Dt. Schäferhund,W,2006-05-11,0.00,,019b6f8b-fc43-7288-9b01-ea0b941533ae,,14.08.2011 such: Hund im Erwachsenenalter aus schlechter Ausbildung übernommen,,,,,Hund,,,,1,0,
019b6fbf-c2b8-739a-914a-88062fe80c76,DT-113,Inka,Inka,Altdeutscher Schäferhund,W,2009-01-06,0.00,,019b6f8b-fc48-740e-8f72-7c31594f39d7,,,,,,,Hund,756 098 100 458 029,,2026-01-22T15:34:37.000Z,1,0,
019b6fbf-c2b8-73ab-81e0-483e7328dc9e,DT-66,Lenny,Lenny,Appenzeller x Spitz,M,2008-10-14,0.00,,019b6f8b-fc48-76f3-9c16-c5c822dca13d,,,,,,,Hund,,,2026-01-22T15:34:36.000Z,1,0,
019b6fbf-c2b8-73bf-9314-02653be0c29b,DT-27,Bigi,Bigi,Pekinese,M,2009-10-20,0.00,,019b6f8b-fc48-79ca-a986-e0861f9a9924,,,,,,,Hund,968 000 005 424 341,,2026-01-22T15:34:36.000Z,1,0,
019b6fbf-c2b8-73c0-b491-41ab418ccf57,DT-18,Charisma du Champagne,Inoa,Franz. Bulldogge,W,2010-02-17,0.00,,019b6f8b-fc48-7796-b264-e2653f422352,,,kurzhaar,,dunkel gestromt,,Hund,,,,1,0,
019b6fbf-c2b8-73da-b76b-f378fb940e7c,DT-120,Eila,Eila,Beauceron,W,2009-08-04,0.00,,019b6f8b-fc48-7ef7-915e-a6274a371714,,,,,,,Hund,,,2026-01-22T15:34:37.000Z,1,0,
019b6fbf-c2b8-7401-bcde-3cec47f94b40,DT-70,Ianka,Ianka,Gr. Schweizer Sennenhun,W,2007-08-07,0.00,,019b6f8b-fc48-783d-b0c8-2b0c8f951099,,,,,,,Hund,,,2026-01-22T15:34:36.000Z,1,0,
019b6fbf-c2b8-7424-a603-d44aedeb3faf,DT-88,Camaro,Camaro,Pitbull,M,2010-12-31,0.00,,019b6f8b-fc48-7976-bd75-2f1ae0924e9e,,,,,,,Hund,,,2026-01-22T15:34:37.000Z,1,0,
019b6fbf-c2b8-743a-a323-950121f98cd1,DT-40,Gysmo,Gysmo,Bordercollie x Labrador,M,2008-02-17,0.00,,019b6f8b-fc48-7e31-b08d-27b5c7dd1b6c,,,,,,,Hund,,,2026-01-22T15:34:36.000Z,1,0,
019b6fbf-c2b8-7445-8590-1959b80614b2,DT-81,Tajga,Tajga,Collie x Aussie,W,2010-06-23,0.00,,019b6f8b-fc48-7c7d-8c28-bac596ff194a,,,,1,,,Hund,,,2026-01-22T15:34:36.000Z,1,0,
019b6fbf-c2b8-7479-9767-b9dcbb79ebc2,DT-17,Tata-Varudvari Oxford,Willow,Franz. Bulldog,M,2010-08-03,0.00,,019b6f8b-fc48-7796-b264-e2653f422352,,,kurzhaar,,beige,,Hund,,,,1,0,
019b6fbf-c2b8-74ae-b6d9-9626da7c7d83,DT-87,Hope of Shenjamo,Hope,Labrador,M,2008-06-15,0.00,,019b6f8b-fc43-7254-8314-80dd64001677,,,,0,,,Hund,,,,1,0,
019b6fbf-c2b8-74be-a8ae-0f0fdee875f4,DT-24,Pico,Pico,Appenzeller-Mix,M,2006-12-06,0.00,,019b6f8b-fc48-78df-a10d-234a4a1b865d,,,,,,,Hund,,,2026-01-22T15:34:37.000Z,1,0,
019b6fbf-c2b8-74df-a3f5-f6d507185426,DT-132,Chico,Chico,Mischling,M,2009-12-01,0.00,,019b6f8b-fc48-70c2-99c0-f07ee62d2f0f,,,,,,,Hund,981 098 102 566 704,,2026-01-22T15:34:36.000Z,1,0,
019b6fbf-c2b8-74ef-bf72-efe177ce346c,DT-41,Nanni von der Schädelzmatt,Nanni,Entlebucher Sennenhund,W,2009-06-09,0.00,,019b6f8b-fc48-7276-b5ed-99feaaec24fd,,15.08.2011 such: Hund hatte gesundheitliche Probleme,,,,,Hund,,,,1,0,
019b6fbf-c2b8-7511-9a73-7f4ac31c6e74,DT-96,Chanel von der Bernard Ranch,Chanel,Chihuahua,W,2010-02-07,0.00,,019b6f8b-fc48-7060-a4b9-7b31dc9404ed,,,,,,,Hund,,,,1,0,
019b6fbf-c2b8-7536-bce4-f3880efc5aa8,DT-58,Luna,Luna,Labrador Retriever,W,2007-11-14,0.00,,019b6f8b-fc48-7c47-98d3-1ddebac38627,,"17.08.2011 such: Zieht an der Leine, keine Erziehung, Ausbildung nur über Futter",,,,,Hund,,,2026-01-22T15:34:36.000Z,1,0,
019b6fbf-c2b8-753b-8a63-9bee164f8cfc,DT-86,Ayun,Ayun,Beauceron x Bernhardiner,M,2009-01-23,0.00,,019b6f8b-fc48-7071-b853-a8a58c3f4a97,,,,0,,,Hund,,,2026-01-22T15:34:36.000Z,1,0,
019b6fbf-c2b8-7549-8b24-c469fa4c8847,DT-77,Nana,Nana,Golden Retriever,W,2003-04-12,0.00,,019b6f8b-fc48-77a8-9a43-c8b043029c74,,,,,,,Hund,,,2026-01-22T15:34:36.000Z,1,0,
019b6fbf-c2b8-7553-bb22-c0733c375127,DT-148,Gipsy,Gipsy,Westi x Yorky Mischling,W,2011-06-28,0.00,,019b6f8b-fc48-7293-97fe-e47da8769f90,,,halblanghaar,,braun mit Brand,,Hund,756097200152297,,,1,0,
019b6fbf-c2b8-755c-990a-d7cb77d33ed6,DT-47,Yuma,Yuma,Mischling,W,2005-12-01,0.00,,019b6f8b-fc48-73e6-84c9-94f040d9e9ff,,,,,,,Hund,,,2026-01-22T15:34:37.000Z,1,0,
019b6fbf-c2b8-756e-8ce4-f433eb3cce24,DT-62,Finn of Easter Song,Finn,Flat Coated Retriever,M,2010-04-23,0.00,,019b6f8b-fc48-756a-aaa6-7aa11966fd81,,17.08.2011 such: Macht noch Dummy-Training,,,,,Hund,,,,1,0,
019b6fbf-c2b8-7587-85f5-69ea1e7d6d4b,DT-21,Erich von der Ostfront,Rick,Dt. Schäferhund,M,2008-09-05,0.00,,019b6f8b-fc48-7f00-8117-f31a3d339969,,"14.08.2011 such: relativ heftiger Rüde, ev. Unterforderung",,,,,Hund,,,,1,0,
019b6fbf-c2b8-75e2-865c-027db9da1c4b,DT-44,Arthus,Arthus,Weisser Sch,M,2009-12-25,0.00,,019b6f8b-fc48-72ca-944e-e18db4e3487a,,,,,,,Hund,,,2026-01-22T15:34:36.000Z,1,0,
019b6fbf-c2b8-7600-9fc2-ad953bb5e833,DT-78,Janos vom Rottal,Janos,Gr. Schweizer Sennenhund,M,2003-07-19,0.00,,019b6f8b-fc43-7542-a8b2-2437e4e4f669,,19.08.2011 such: laut Frauchen ein Psychopath,kurzhaar,1,tricolor schwarz,,Hund,,,,1,0,
019b6fbf-c2b8-7608-b722-07ff8d7e649b,DT-92,Luna,Luna,Labrador Mix,W,2009-01-28,0.00,,019b6f8b-fc48-7085-8b10-9ac5562d2837,,,,,,,Hund,,,2026-01-22T15:34:37.000Z,1,0,
019b6fbf-c2b8-760c-ab52-3a8843fb6f13,DT-30,Deiro,Deiro,Appenzeller x Bordercollie,M,2010-11-11,0.00,,019b6f8b-fc48-7390-bc75-8315880db92e,,,,,,,Hund,,,2026-01-22T15:34:36.000Z,1,0,
019b6fbf-c2b8-760e-aef8-65d5e81e3bbf,DT-157,Devon,Devon,Hovawart,M,2010-03-07,0.00,,019b6f8b-fc43-7340-b69f-e51642c2a1c5,,,langhaar,0,schwarz-braun,,Hund,2760981029311028,,,1,0,
019b6fbf-c2b8-7625-9769-2791d5ff883b,DT-123,Ashan,Ashan,Dt. Schäferhund,M,,0.00,,019b6f8b-fc48-701b-9df5-a8d503aa7801,,"10.09.2011 such: Wird Sportmässig gearbeitet. IPO 3. Wurde über Wehrtrieb ""ausgebildet"" und hat daher z. T. Probleme mit Männern.Ansonsten nicht erzogen. Zieht an der Leine. Ist aber sicher zugänglich",,0,,,Hund,,,,1,0,
019b6fbf-c2b8-7643-8511-e5f4835a5e06,DT-37,Glynn vom hohlen Fels,Glynn,Cairn Terrier,W,2009-04-05,0.00,,019b6f8b-fc48-756b-8428-d9a1b1e64047,,,,,,,Hund,,,,1,0,
019b6fbf-c2b8-7659-b017-95e5027ca333,DT-140,Olita,Olita,Havaneser,W,2011-06-12,0.00,,019b6f8b-fc48-71eb-b1b2-780ac101a6bf,,,langhaar,,schwarz weisse Abzeichen,,Hund,756 098 100 540 571,,2026-01-22T15:34:36.000Z,1,0,
019b6fbf-c2b8-76c4-8177-ac4183a59cd5,DT-93,Basco von den  Rehbachhexen,Basco,Mittelschnauzer,M,2010-08-12,0.00,,019b6f8b-fc48-77db-ad40-1a342f6ec930,,,,0,,,Hund,,,,1,0,
019b6fbf-c2b8-774b-8b57-520479cb34f1,DT-39,Dhoruba,Dhoruba,Rhodesien Ridgeback,M,2007-04-13,0.00,,019b6f8b-fc48-7a73-bf88-e955d1ca6f34,,,,,,,Hund,,,2026-01-22T15:34:37.000Z,1,0,
019b6fbf-c2b8-77a6-a2ec-c61e22ddfefc,DT-128,Frasco,Frasco,Beauceron,M,2010-06-19,0.00,,019b6f8b-fc48-7dd8-99a0-d06e741a960b,,,kurzhaar,,schwarz braun,,Hund,756098100447519,,,1,0,
019b6fbf-c2b8-77ad-b52d-126446ec077a,DT-14,Filou,Filou,Malteser,M,2004-11-09,0.00,,019b6f8b-fc43-78ca-a167-9bee3277aab7,,,,,,,Hund,,,2026-01-22T15:34:36.000Z,1,0,
019b6fbf-c2b8-77c2-83e1-a79135723072,DT-63,Nuna,Nuna,Weisser Sch,W,2009-12-25,0.00,,019b6f8b-fc48-731f-bf58-8c62a8b26405,,,,,,,Hund,,,2026-01-22T15:34:36.000Z,1,0,
019b6fbf-c2b8-77dc-ba48-6a633225dcd4,DT-115,Inka,Inka,Altdeutscher Schäferhund,W,2009-01-06,0.00,,019b6f8b-fc48-7347-b758-31c2a14a78eb,,,,,,,Hund,756 089 100 458 029,,2026-01-22T15:34:37.000Z,1,0,
019b6fbf-c2b8-7816-961f-833d632aa172,DT-65,Chiara of Plainfairs,Chiara,Flatcoated Retriever,W,2009-01-30,0.00,,019b6f8b-fc48-7126-832b-5feaa60a45b9,,,,,,,Hund,,,,1,0,
019b6fbf-c2b8-7832-9b38-bfdf1a42d7c5,DT-150,Cory,Cory,chihuahua Mischling,W,2009-07-01,0.00,,019b6f8b-fc47-707f-b2ba-b08ae31162fa,,,kurzhaar,1,hellbraun,,Hund,941000012655296,,,1,0,
019b6fbf-c2b8-783e-af50-572cb56a6393,DT-122,Esperanza,Esperanza,Beauceron,W,2009-04-01,0.00,,019b6f8b-fc48-701b-9df5-a8d503aa7801,,,,,,,Hund,,,2026-01-22T15:34:36.000Z,1,0,
019b6fbf-c2b8-7844-bf6b-26990d217ed0,DT-105,Samson,Samson,Golden Retriever,M,2009-07-26,0.00,,019b6f8b-fc48-7a93-b137-cc75096c4384,,"22.08.2011 such: Starker, temperamentvoller Rüde. Wird nicht erzogen. Falscher Hund für diesen Führer",,0,,,Hund,,,2026-01-22T15:34:36.000Z,1,0,
019b6fbf-c2b8-7846-81b4-974c3e4cd2b3,DT-83,Chayenne,Chayenne,Tervueren,W,2010-06-01,0.00,,019b6f8b-fc48-7db7-93ae-3218e59d8868,,,langhaar,,tricolor braun,,Hund,,,2026-01-22T15:34:36.000Z,1,0,
019b6fbf-c2b8-787a-8f46-758c01b92ca1,DT-131,Zera,Zera,Labrador Retriever,W,2008-08-06,0.00,,019b6f8b-fc48-77ac-8a62-5e9484f5bb16,,,kurzhaar,,schwarz,,Hund,756 097 200 092 613,,,1,0,
019b6fbf-c2b8-78dd-a1e5-eb522078338b,DT-25,Maisha vom schwarzes Spitzohr,Maisha,Schipperke,W,2009-07-17,0.00,,019b6f8b-fc48-7e9b-b129-e9525e8227d7,,,,,,,Hund,,,,1,0,
019b6fbf-c2b8-78f4-bb68-23bf1e758196,DT-156,Devon,Devon,Hovawart,M,2010-03-07,0.00,,019b6f8b-fc43-7340-b69f-e51642c2a1c5,,,langhaar,0,braun-schwarz,,Hund,276 098 102 931 1028,,2026-01-22T15:34:36.000Z,1,0,
019b6fbf-c2b8-793f-8975-8c503fa966b6,DT-107,Carlos,Carlos,Gordon Setter,M,2008-03-16,0.00,,019b6f8b-fc48-7845-837d-d7a2b094c41a,,,,,,,Hund,,,2026-01-22T15:34:37.000Z,1,0,
019b6fbf-c2b8-795d-a537-0550aed7a820,DT-138,Nandi,,Schipperke,M,2010-11-01,0.00,,019b6f8b-fc48-7e9b-b129-e9525e8227d7,,,kurzhaar,,,,Hund,,,2026-01-22T15:34:36.000Z,1,0,
019b6fbf-c2b8-796f-a778-734ff164dd07,DT-75,Sara,,Labrador Mix,W,2007-04-20,0.00,,019b6f8b-fc48-728f-897c-703cbf76cb95,,,,,,,Hund,,,2026-01-22T15:34:37.000Z,1,0,
019b6fbf-c2b8-79cc-b9da-f4322bcd4bf3,DT-22,Wino vom Stägefässli,Wino,Zwergschnauzer,M,2009-04-01,0.00,,019b6f8b-fc48-7b50-b14e-d33f2abdc0ef,,,,,,,Hund,,,,1,0,
019b6fbf-c2b8-7a26-bb64-1645bbd31635,DT-141,Schneeball,Schneeball,Samojede,W,2011-05-20,0.00,,019b6f8b-fc48-71b4-9377-f67a174a3d3b,,,langhaar,0,weiss,,Hund,756097200149193,,,1,0,
019b6fbf-c2b8-7a33-ae6d-00068920ea7d,DT-71,Leo,Leo,Pitbull Mix,M,2007-03-01,0.00,,019b6f8b-fc48-7fef-ba79-d77373ed06f4,,,,1,,,Hund,,,2026-01-22T15:34:37.000Z,1,0,
019b6fbf-c2b8-7a3b-bf8e-634441e5ad9f,DT-50,Queen von der Villa Kunterbunt,Queen,AC weisser Schäferhund,W,2010-06-05,0.00,,019b6f8b-fc48-7336-8e51-657ac2e099af,,,,,,,Hund,,,,1,0,
019b6fbf-c2b8-7a5e-b36f-e824e647d8ba,DT-99,Noah von Britho,Noah,Labrador,M,2008-12-25,0.00,,019b6f8b-fc48-71cd-9378-c1569f7e0ed2,,,kurzhaar,0,schwarz,,Hund,756095200119324,,,1,0,
019b6fbf-c2b8-7a8f-8012-0c6b68c7bf17,DT-102,Ayda,Ayda,Dt. Dogge,W,,0.00,,019b6f8b-fc48-7226-aff2-b22432f22218,,"22.08.2011 such: Einerseits verspielt, andererseits attackiert sie bei Unaufmerksamkeit des Halterin andere eher schwache Hunde. Wurde angezeigt, musste Hund zeigen, Test bestanden",,,,,Hund,,,,1,0,
019b6fbf-c2b8-7aa5-8a74-2655c634b860,DT-112,Blue,Blue,Deutscher Schäferhund,M,2009-08-20,0.00,,019b6f8b-fc48-70be-a7b5-f736fc39c674,,,,0,,,Hund,,,2026-01-22T15:34:37.000Z,1,0,
019b6fbf-c2b8-7ac2-baa5-0f0f0e995916,DT-152,Dexter,Dexter,Altdeutscher Schäferhund,M,2007-09-01,0.00,,019b6f8b-fc48-7efd-bc84-2c337710e07e,,,langhaar,1,schwarz braun,,Hund,756097200127163,,,1,0,
019b6fbf-c2b8-7af1-b747-cd3d939586f2,DT-45,Sedlarska Naro,Naro,Dt. Schäferhund,M,2010-10-27,0.00,,019b6f8b-fc48-7468-8921-5f4818c77bdf,,,langhaar,0,schwarz-braun,,Hund,756097200167208,,,1,0,
019b6fbf-c2b8-7afe-841f-338258058f0d,DT-29,Malouk,Malouk,Labrador,M,2009-09-03,0.00,,019b6f8b-fc48-7209-840b-6b99c964a9f6,,,,,,,Hund,,,2026-01-22T15:34:36.000Z,1,0,
019b6fbf-c2b8-7b02-8109-2e2cee183d1a,DT-124,Inush,Inush,Cavalier King Charles,W,2010-05-07,0.00,,019b6f8b-fc48-7c46-a85a-8141cfa17f65,,,,0,,,Hund,756 098 100 448 294,,2026-01-22T15:34:36.000Z,1,0,
019b6fbf-c2b8-7b04-ba1f-43b0c25f0717,DT-119,Ginger,Ginger,Mischling,W,2004-04-01,0.00,,019b6f8b-fc48-7b21-8a31-76b39276d5da,,,,,,,Hund,756 097 200 025 622,,2026-01-22T15:34:36.000Z,1,0,
019b6fbf-c2b8-7b0b-a717-cf004f6de23e,DT-43,Jamie,Jamie,Bolonka Zwetna,M,2009-10-01,0.00,,019b6f8b-fc48-71b0-93c7-ef266c5241ec,,,,,,,Hund,,,2026-01-22T15:34:36.000Z,1,0,
019b6fbf-c2b8-7b22-8b9f-483f3c865565,DT-31,Harvey Lord of Forest,Harvey,Beagle,M,2009-11-18,0.00,,019b6f8b-fc48-7c3f-9651-e6b57241b794,,,,,,,Hund,,,,1,0,
019b6fbf-c2b8-7b35-947e-ddcf105ffa99,DT-13,Haifa am Wupplis,Haifa,Golden Retriever,W,2003-05-07,0.00,,019b6f8b-fc43-7868-9e5d-98de01fb6df0,,,,,,,Hund,,,,1,0,
019b6fbf-c2b8-7b3c-95d7-943149bdcdda,DT-79,Bonnie,Bonnie,Bobtail,W,2010-01-01,0.00,,019b6f8b-fc48-7744-b397-2576884f9c8d,,,,,,,Hund,,,2026-01-22T15:34:36.000Z,1,0,
019b6fbf-c2b8-7b9b-b8d4-3ca3d744a659,DT-135,Levin,Levin,Biewer Yorkshire Terrier x Yorkshire Terrier,M,2011-07-08,0.00,,019b6f8b-fc48-76ee-8bc1-f103a0adfd44,,,halblanghaar,,tricolor,,Hund,756097200103964,,2026-01-22T15:34:36.000Z,1,0,
019b6fbf-c2b8-7be4-9302-ba73a421f8e3,DT-33,Emma vom Eichblatt,Emma,Rauhhaardackel,W,2008-01-06,0.00,,019b6f8b-fc43-7eb6-8edc-baefa977c67a,,,,,,,Hund,,,,1,0,
019b6fbf-c2b8-7c3a-acd6-f8d67b293a9e,DT-94,Gioia von Poptime,Gioia,Boxer,W,2010-05-20,0.00,,019b6f8b-fc48-70cb-82f3-9b516d8fcb7a,,,,,,,Hund,,,,1,0,
019b6fbf-c2b8-7c51-a366-d5eefcc05095,DT-142,Lilo,Lilo,Chihuahua langhaariger Schlag,M,2011-03-26,0.00,,019b6f8b-fc48-7391-9532-7463d21c5bc9,,,langhaar,,braun mit Brand,,Hund,939000 010188915,,2026-01-22T15:34:36.000Z,1,0,
019b6fbf-c2b8-7c53-8c04-f5c751563825,DT-130,Amon,Amon,Hovawart,M,2009-12-05,0.00,,019b6f8b-fc48-744e-ba1d-c4c261ca0b7c,,,langhaar,1,schwarz,,Hund,,,,1,0,
019b6fbf-c2b8-7c5a-8449-e8aea899f793,DT-158,Kaya,Kaya,Lagotto Romagnolo,W,2010-06-26,0.00,,019b6f8b-fc48-75af-a427-b15b1040d66f,,,,,,,Hund,,,2026-01-22T15:34:36.000Z,1,0,
019b6fbf-c2b8-7c76-8038-38641f4d4a30,DT-90,Orlando,Orlando,Bolonka Zwetna,M,2011-02-02,0.00,,019b6f8b-fc48-72ab-9dde-447c1eda186a,,,,,,,Hund,,,2026-01-22T15:34:36.000Z,1,0,
019b6fbf-c2b8-7c8c-91b5-52ed3b5e5616,DT-42,Gorkij von Belaja Gora,Gorkij,Schwarzer Terrier ( Russischer T.),M,2007-12-04,0.00,,019b6f8b-fc48-734d-9e35-fa17162014e2,,,,,,,Hund,,,,1,0,
019b6fbf-c2b8-7c95-a3db-d1e12cea5ebf,DT-38,Sasso vom hohlen Fels,Sasso,Cairn Terrier,M,2009-04-05,0.00,,019b6f8b-fc48-756b-8428-d9a1b1e64047,,,,,,,Hund,,,,1,0,
019b6fbf-c2b8-7c95-a5b1-0cb718752be0,DT-11,Billy,Billy,Malinois x Tschechischer,M,2008-07-17,0.00,,019b6f8b-fc48-763e-89d2-de1cede70338,,,,,,,Hund,,,2026-01-22T15:34:36.000Z,1,0,
019b6fbf-c2b8-7ca7-ae7c-c571dbda023c,DT-16,Kaydee,Kaydee,Französische Bulldogge,W,2011-04-25,0.00,,019b6f8b-fc48-7796-b264-e2653f422352,,,kurzhaar,,red/pied,,Hund,250268720054687,,,1,0,
019b6fbf-c2b8-7ca9-8a5a-47993f9601a1,DT-76,Cindy,Cindy,Nova Scotia Duck Tolling,W,2008-11-15,0.00,,019b6f8b-fc48-7683-b789-fb2902e22cd5,,,,,,,Hund,,,2026-01-22T15:34:36.000Z,1,0,
019b6fbf-c2b8-7cc4-b8d1-0b31036a5a63,DT-106,Danochi of isamashii Nakama,Danochi,Shiba Inu,W,2007-01-22,0.00,,019b6f8b-fc48-7bfb-8691-05ea28bddb21,,"22.08.2011 such: eher schwieriger Hund, war schon an verschiedenen Orten in der Hundeschule , die nicht gut für sie waren. u.a. Oberthaler",,,,,Hund,,,,1,0,
019b6fbf-c2b8-7d16-95c5-2862fa3a7a11,DT-98,Beni,Beni,Labrador x Golden Retriev,M,2009-08-01,0.00,,019b6f8b-fc48-7e5b-b0b6-0a04356f4557,,,,,,,Hund,,,2026-01-22T15:34:36.000Z,1,0,
019b6fbf-c2b8-7d49-92a6-7c30283f8961,DT-139,Rokky,Rokky,Leonberger x Appenzeller,M,2011-05-05,0.00,,019b6f8b-fc47-7ce5-897d-b28f7e0e8951,,,langhaar,0,schwarz-braun,,Hund,756098100522558,,,1,0,
019b6fbf-c2b8-7d4f-830a-921d9fb33881,DT-103,Diesel,Diesel,Kelpie Mix,M,2001-06-01,0.00,,019b6f8b-fc48-7402-9528-2704448d0355,,,,1,,,Hund,,,2026-01-22T15:34:36.000Z,1,0,
019b6fbf-c2b8-7d5a-8eb1-049d5e6b6ed4,DT-74,Kimi vom Gränzwerg,Kimi,Berner Sennenhund,W,2011-04-25,0.00,,019b6f8b-fc48-74f7-bdf0-c1e1d25281ed,,,,,,,Hund,,,,1,0,
019b6fbf-c2b8-7d80-ac57-92dd9d140afe,DT-80,Charly,Charly,Golden Retriever,M,2011-05-02,0.00,,019b6f8b-fc43-74df-880f-33ebd99916d3,,,,,,,Hund,945000001219528,,,1,0,
019b6fbf-c2b8-7d83-b57a-40dd731e73f0,DT-32,Billy,Billy,Appenzeller Mix,M,2010-05-15,0.00,,019b6f8b-fc48-7368-bc4f-6ef52ea844c6,,,,,,,Hund,,,2026-01-22T15:34:36.000Z,1,0,
019b6fbf-c2b8-7db1-8c40-5849d90d5254,DT-68,Clooney,Clooney,Altdeutscher Schäferhund,M,2010-05-12,0.00,,019b6f8b-fc43-73a2-9bb8-4b871c45b1b1,,,,,,,Hund,,,2026-01-22T15:34:36.000Z,1,0,
019b6fbf-c2b8-7e22-821b-0420ab0e8c33,DT-97,Lyrco,Lyrco,Mischling (Bulgarien),M,2010-03-15,0.00,,019b6f8b-fc48-7046-8fc9-4d3f94a10508,,"22.08.2011 such: Hund aus Tierheim, Deprivat",,1,,,Hund,,,2026-01-22T15:34:36.000Z,1,0,
019b6fbf-c2b8-7e30-ae8b-b008c3daa4f2,DT-143,Jerry,Jerry,Bergamasker x Appenzeller,M,2011-01-15,0.00,,019b6f8b-fc48-74f9-ac51-ab56b36b0120,,,langhaar,,grau gestromt,,Hund,756098100515658,,,1,0,
019b6fbf-c2b8-7e4a-995f-0e24fe75edcb,DT-126,Lobo,Lobo,PON,M,2009-10-30,0.00,,019b6f8b-fc48-754e-8f73-3adbc5630a1e,,,langhaar,0,gefleckt grauer Untergrund,,Hund,,,2026-01-22T15:34:36.000Z,1,0,
019b6fbf-c2b8-7e57-83fb-42d24323f7c4,DT-56,Rambo,Rambo,Bordercollie x Berner Sen,M,2009-08-06,0.00,,019b6f8b-fc48-791e-b9a9-26e433abee89,,,,,,,Hund,,,2026-01-22T15:34:36.000Z,1,0,
019b6fbf-c2b8-7e78-b86c-92853444c756,DT-61,Aurora,Aurora,Cane Corso,W,,0.00,,019b6f8b-fc48-7edf-bba7-7fe77d675bee,,,,,,,Hund,,,2026-01-22T15:34:36.000Z,1,0,
019b6fbf-c2b8-7e84-b507-78fc0bcb9349,DT-114,Rina,Rina,Dobermann x Belg. Sch,W,2006-03-01,0.00,,019b6f8b-fc48-723a-9ab7-c3b04c9c56e2,,,,1,,,Hund,,,2026-01-22T15:34:36.000Z,1,0,
019b6fbf-c2b8-7e87-9d65-b0f139b6083a,DT-52,Dylan v.Trajectum ad mosam,Dylan,Holl. Schäferhund Langhaar,Rüde,2010-06-12,0.00,,019b6f8b-fc43-7f7a-9a23-a31fda684482,,,langhaar,0,gold gestromt,,züchter,,,2026-01-13T12:28:06.182Z,1,0,verstorben
019b6fbf-c2b8-7f09-885a-6a9eb6da80f8,DT-129,Leika,Leika,Zwergpudel,W,,0.00,,019b6f8b-fc48-7c07-bc18-cea89e3ceb82,,,,1,grau,,Hund,,,2026-01-22T15:34:37.000Z,1,0,
019b6fbf-c2b8-7f16-8d93-696b111e9651,DT-136,Cherry,Cherry,Havaneser,M,2011-09-19,0.00,,019b6f8b-fc48-7c7c-9e9e-f8e6ed643a40,,,langhaar,,weiss,,Hund,276093400218194,,,1,0,
019b6fbf-c2b8-7f29-b7be-4a47f5ff12c0,DT-110,Daisy,Daisy,Staffordshire Bullterrier,W,2010-03-01,0.00,,019b6f8b-fc48-7d13-985b-90f2bc0a8446,,,,,,,Hund,,,2026-01-22T15:34:36.000Z,1,0,
019b6fbf-c2b8-7f2e-bbf1-0266fff9f92b,DT-57,Rocky,Rocky,Bordercollie x Appenzeller,M,2010-03-22,0.00,,019b6f8b-fc48-79d8-b583-8e3cc8c7d43a,,,,,,,Hund,,,2026-01-22T15:34:36.000Z,1,0,
019b6fbf-c2b8-7f33-9007-8d6bbc9a8c7a,DT-55,Indiana Jones,Indy,Norwich Terrier,M,2010-08-15,0.00,,019b6f8b-fc48-791f-86ca-081116cfe7c8,,,,,,,Hund,,,,1,0,
019b6fbf-c2b8-7f5b-877e-38d883704fd2,DT-133,Roxy,Roxy,Labrador x Husky Mix,W,2005-03-04,0.00,,019b6f8b-fc48-74cf-83c4-d92151370136,,,kurzhaar,,schwarz weisse Abzeichen,,Hund,756 097 200 014 236,,2026-01-22T15:34:36.000Z,1,0,
019b6fbf-c2b8-7f99-881f-dd5c4163c99d,DT-149,Sheela,Sheela,Yorkshire Terrier,W,2008-08-11,0.00,,019b6f8b-fc47-707f-b2ba-b08ae31162fa,,,langhaar,,black & tan,,Hund,756097200088731,,,1,0,
019b6fbf-c2b8-7f9c-b708-a07c3b534ca4,DT-53,Bobby,Bobby,Beagle,M,2010-05-22,0.00,,019b6f8b-fc48-7a2e-8320-bd4b516e1e95,,,,,,,Hund,,,2026-01-22T15:34:36.000Z,1,0,
019b6fbf-c2b8-7fa0-b35c-191b72dfdc90,DT-134,Sira,Sira,Border Collie,W,2011-10-26,0.00,,019b6f8b-fc48-7cac-89dc-8e6a92b8deb1,,,halblanghaar,0,schwarz weisse Abzeichen,,Hund,756 098 100 542 447,,2026-01-22T15:34:37.000Z,1,0,
019b6fbf-c2b8-7fa9-8721-42903a02a212,DT-100,Ronaldo,Roni,Labrador,M,1999-10-07,0.00,,019b6f8b-fc48-77ac-8a62-5e9484f5bb16,,,,,,,Hund,,,,1,0,
019b6fbf-c2b8-7fcd-8dc6-894446c60477,DT-147,Emmy,Emmy,Westi x Yorky Mischling,W,2011-06-28,0.00,,019b6f8b-fc48-7293-97fe-e47da8769f90,,,langhaar,,braun mit Brand,,Hund,756097200147305,,,1,0,
019b6fbf-c2b8-7ff1-86c7-27964de7fab9,DT-59,Popy,Popy,Yorkshire Terrier,W,2009-11-03,0.00,,019b6f8b-fc43-7bd6-8690-29300793d432,,"17.08.2011 such: Hat anfänglich nur gekläfft, weil keine Führung. Am Sonntagsplausch sehr ängstlich.Nun sehr freudiger, aufgestellter lustiger Hund, der mit allen spielt, egal welche Grösse.",,,,,Hund,,,2026-01-22T15:34:36.000Z,1,0,
019b6fbf-c2b8-7ff7-a084-37b6e8be4132,DT-54,Aaron,Aaron,Labrador Mix,M,2011-02-19,0.00,,019b6f8b-fc48-7e3d-82b9-4a2710495a9f,,,,,,,Hund,,,2026-01-22T15:34:36.000Z,1,0,
019b6fbf-c2b9-7017-88c5-949155f20c33,DT-173,Bianca,Bianca,Chihuahua langhaariger Schlag,W,2010-02-01,0.00,,019b6f8b-fc48-7e96-8835-9c7d8963aa8f,,,langhaar,0,weiss,,Hund,756098100406305,,2026-01-22T15:34:36.000Z,1,0,
019b6fbf-c2b9-7023-8443-1f46f8a4ad7f,DT-178,Daniels,Daniels,Deutscher Schäferhund,M,2011-11-11,0.00,,019b6f8b-fc48-7fcc-89a6-29023d6539f9,,,langhaar,0,Braun schwarz,,Hund,,,2026-01-22T15:34:37.000Z,1,0,
019b6fbf-c2b9-703e-b363-1b7191ce4730,DT-228,Luna,Luna,Appenzeller Mix,W,2012-05-27,0.00,,019b6f8b-fc48-70bc-9ba1-70a045b1cef7,,,kurzhaar,0,schwarz-braun-weiss,,Hund,756093900000260,,,1,0,
019b6fbf-c2b9-7049-93e3-f64b4c983df3,DT-300,Louis,Louis,Labrador Retriever,M,2006-07-01,0.00,,019b6f8b-fc49-7af6-afb0-2ee86e586854,,,kurzhaar,,schwarz,,Hund,,,2026-01-22T15:34:37.000Z,1,0,
019b6fbf-c2b9-7053-8e0c-72373b30d55b,DT-330,Tessy,Tessy,Airedale Terrier,W,2009-04-28,0.00,,019b6f8b-fc49-7f90-b5cb-81b636dd8403,,,lockig-gekraust,,,,Hund,276098102701659,,,1,0,
019b6fbf-c2b9-705d-8575-701557e7f0b9,DT-319,Mäx,Mäx,Beagle,M,2004-07-29,0.00,,019b6f8b-fc49-7519-9877-9d3355a88e7f,,,kurzhaar,,braun mit Brand,,Hund,756097200088253,,,1,0,
019b6fbf-c2b9-7072-84d1-70027e999c57,DT-313,Nirco,Mirco,Schweizer Sennenhund Mix,M,2012-07-23,0.00,,019b6f8b-fc49-78f9-b541-57af4c410729,,,,,,,Hund,756098500072045,,,1,0,
019b6fbf-c2b9-708b-85f0-03e3a05942cf,DT-244,Leroy,Leroy,Flat Coated Retriever,M,2010-03-20,0.00,,019b6f8b-fc48-7046-8f9d-d778fdab3f51,,,langhaar,,chocholat,,Hund,756 097 200 170 150,,2026-01-22T15:34:36.000Z,1,0,
019b6fbf-c2b9-7095-a48b-38be4215ade6,DT-201,Mira,Mira,Australian Shepherd Dog,W,2011-01-03,0.00,,019b6f8b-fc48-7c77-a37b-c15620ea458d,,,langhaar,,,,Hund,756097200180551,,,1,0,
019b6fbf-c2b9-70a8-bc74-d0a7d6bb50b4,DT-254,Phila,Phila,Berger Blanc Suisse,H,2011-04-26,0.00,,019b6f8b-fc48-7091-9b91-c24df39ec492,,,halblanghaar,,weiss,,Hund,040098100327993,,,1,0,
019b6fbf-c2b9-70da-a48a-2e76b22b99e3,DT-223,Zuma,Lara,Deutscher Wachtelhund,W,2011-12-24,0.00,,019b6f8b-fc48-7765-b623-dfabbc370b5b,,,halblanghaar,0,chocholat,,Hund,756095200162543,,,1,0,
019b6fbf-c2b9-70f1-8646-b2b7d54d39cb,DT-168,Mike,Mike,Chihuahua kurzhaariger Schlag,M,2011-08-27,0.00,,019b6f8b-fc48-7849-84da-a59fe559eb53,,,kurzhaar,0,beige - weiss,,Hund,939000010236039,,,1,0,
019b6fbf-c2b9-7118-81c3-0a4381ff02a0,DT-253,Piri,Piri,Zwergschnauzer,W,2012-06-08,0.00,,019b6f8b-fc48-7f68-b379-ad03a27a26d8,,,lockig-gekraust,,,,Hund,,,2026-01-22T15:34:36.000Z,1,0,
019b6fbf-c2b9-7139-b6c4-5d16ed1b1a9d,DT-221,Xira of Ironlad,Xira,Airedale Terrier,W,2011-10-02,0.00,,019b6f8b-fc48-77d3-b450-8e126c9c7ec4,,,halblanghaar,0,black & tan,,Hund,756098100573834,,,1,0,
019b6fbf-c2b9-7159-856c-85fa47a64759,DT-291,Benny,Benny,Labrador Retriever,M,2005-03-11,0.00,,019b6f8b-fc49-77e4-95a3-906ca3ff9e79,,,kurzhaar,,,,Hund,,,2026-01-22T15:34:36.000Z,1,0,
019b6fbf-c2b9-716e-a459-05907b05b897,DT-200,Dundee,Dundee,Airedale Terrier,M,2011-09-25,0.00,,019b6f8b-fc48-79bb-b31c-d6bc7f6afd8e,,,,,,,Hund,,,2026-01-22T15:34:36.000Z,1,0,
019b6fbf-c2b9-7171-94d6-7303b0071397,DT-183,Smartie,Smartie,Pudelmix,M,2007-01-01,0.00,,019b6f8b-fc48-7b1d-abc7-9c3a06c5424c,,,halblanghaar,1,beige weiss,,Hund,977200007409943,,,1,0,
019b6fbf-c2b9-7173-a712-92656214df07,DT-236,Bella,Bella,West Highland White Terrier,W,2010-01-27,0.00,,019b6f8b-fc48-7cdc-9dbe-471ad37b3bcf,,,langhaar,1,weiss,,Hund,348 098 100 210 955,,2026-01-22T15:34:37.000Z,1,0,
019b6fbf-c2b9-7189-951b-f34cd60d2606,DT-202,Mailo,Mailo,Appenzeller-Mix,M,2009-12-01,0.00,,019b6f8b-fc48-752d-9497-f78ba4f6c890,,,kurzhaar,,,,Hund,756 097 200 185 657,,2026-01-22T15:34:36.000Z,1,0,
019b6fbf-c2b9-71be-b320-6c5912e7c87c,DT-207,Danny v. Bono Vox,Danny,Deutscher Schäferhund,M,2012-02-01,0.00,,019b6f8b-fc48-737d-8333-43d300fef627,,,stockhaar,0,braun schwarz,,Hund,756 098 100 553 938,,,1,0,
019b6fbf-c2b9-71c9-9beb-afed993de3ce,DT-322,Rocco,Rocco,Deutscher Schäferhund X Laufhundmischling,M,2011-07-17,0.00,,019b6f8b-fc49-7078-87ea-1c1dff3b7d36,,,,,,,Hund,380260040240487,,,1,0,
019b6fbf-c2b9-7201-ab1f-426c9823760b,DT-176,Crystal,Crystel,American Staffordshire Terrier,W,2010-11-15,0.00,,019b6f8b-fc48-77c6-8b5c-b1314e073409,,,kurzhaar,0,beige,,Hund,191100000321864,,,1,0,
019b6fbf-c2b9-7208-b505-5b4a0886227a,DT-264,Amalee,Amalee,Französische Bulldogge,W,2012-09-19,0.00,,019b6f8b-fc48-7f2b-9463-a85eb792b2fe,,,kurzhaar,,,,Hund,,,2026-01-22T15:34:36.000Z,1,0,
019b6fbf-c2b9-7237-a2a7-ab1fc54007c1,DT-190,Eika,Eika,Jack-Russell-Terrier,W,2010-12-20,0.00,,019b6f8b-fc48-7d4a-9740-91bc73ca73de,,,kurzhaar,,,,Hund,,,2026-01-22T15:34:36.000Z,1,0,
019b6fbf-c2b9-7258-8ea7-ef80333e3438,DT-213,Felix,Felix,Beagle,M,2011-01-04,0.00,,019b6f8b-fc48-7309-bce1-2e71af55457b,,,kurzhaar,0,tricolor braun,,Hund,756098100497880,,,1,0,
019b6fbf-c2b9-725e-a392-42b8ecc10954,DT-312,Bobby,Bobby,Französische Bulldogge,M,2012-06-18,0.00,,019b6f8b-fc49-760d-9d8a-11a38b20aa6b,,,,,,,Hund,900182000184387,,,1,0,
019b6fbf-c2b9-7262-b4d0-046b77eb4a1b,DT-256,Akilah,Akilah,Leonberger,H,2012-01-17,0.00,,019b6f8b-fc48-7a17-abd0-a367978666b6,,,lockig-gekraust,,,,Hund,756098100580730,,,1,0,
019b6fbf-c2b9-726c-8da1-9b052a54611e,DT-212,Tobi,Tobi,Mischling,M,2011-06-02,0.00,,019b6f8b-fc48-7490-9098-fa76af8da1ec,,,kurzhaar,,braun mit Brand,,Hund,,,2026-01-22T15:34:36.000Z,1,0,
019b6fbf-c2b9-7291-89d2-771bde9d0ae5,DT-248,Lori,Lori,Border Collie,W,2009-08-06,0.00,,019b6f8b-fc48-7df3-bc12-c807e952f10b,,,,,,,Hund,756 098 100 450 916,,2026-01-22T15:34:37.000Z,1,0,
019b6fbf-c2b9-72a1-a8c0-b7f8fe989c78,DT-283,Pirinia,Pirinia,Mischling,W,,0.00,,019b6f8b-fc49-785a-a84f-7650f5c7b828,,,lockig-gekraust,,beige,,Hund,,,2026-01-22T15:34:36.000Z,1,0,
019b6fbf-c2b9-72c3-8abf-056e606eb79e,DT-274,Kaya,Kaya,Irish Setter,W,2012-05-15,0.00,,019b6f8b-fc49-7ac5-90a9-d74f4f0de0aa,,,langhaar,,rot,,Hund,756098100584510,,,1,0,
019b6fbf-c2b9-72ca-8585-a04ddf731ef6,DT-306,Basil,Basil,West Highland White Terri,M,2007-06-24,0.00,,019b6f8b-fc49-715b-be64-4cbf0666c99f,,,lockig-gekraust,,weiss,,Hund,,,2026-01-22T15:34:36.000Z,1,0,
019b6fbf-c2b9-72cb-8b37-2bcbeab7d5fb,DT-297,Tobi,Tobi,Entlebucher-Mix,M,2007-10-13,0.00,,019b6f8b-fc49-733c-a3a7-754f08210f16,,,kurzhaar,,,,Hund,,,2026-01-22T15:34:36.000Z,1,0,
019b6fbf-c2b9-72cd-9d42-3b63306d5652,DT-227,Kira,Kira,Cairn Terrier x Beagle,W,2012-05-05,0.00,,019b6f8b-fc48-7945-b5ab-455fdef4a835,,,rauhaar,0,tricolor braun,,Hund,756098100570271,,,1,0,
019b6fbf-c2b9-7354-8dfd-fe3cc42579eb,DT-335,Sissi,Sissi,Appenzeller x Belg.Schäfer,W,2011-11-26,0.00,,019b6f8b-fc49-74b3-ad2e-a5c0bda0afb9,,,kurzhaar,,schwarz weiss/braune Abzeichen,,Hund,756098100559091,,2026-01-22T15:34:36.000Z,1,0,
019b6fbf-c2b9-7355-ad37-f323c5ae8fe4,DT-184,Kosmo Merle  (Jöra),Jöra,Australian Shepherd Dog,W,2012-02-10,0.00,,019b6f8b-fc48-7408-98c8-944260635700,,,langhaar,0,red-merle-crème-weiss,,Hund,756098100540207,,,1,0,
019b6fbf-c2b9-735a-9295-2154a6481201,DT-206,Aramis,Ari,Berner Sennenhund,M,2008-03-16,0.00,,019b6f8b-fc48-7508-b6b1-003fba872bdd,,,langhaar,1,tricolor schwarz,,Hund,250268500065162,,,1,0,
019b6fbf-c2b9-738e-a53f-247d82e85328,DT-285,Cando Scalloways,Cando,Groenendael,M,2008-05-01,0.00,,019b6f8b-fc49-7b59-8a6c-4af844f2cdef,,,langhaar,,schwarz,,Hund,,,,1,0,
019b6fbf-c2b9-7399-b934-aa29e359ba85,DT-294,Jenny,Jenny,West Highland White Terri,W,2004-03-15,0.00,,019b6f8b-fc49-78f4-be12-2b21858a9968,,,lockig-gekraust,,weiss,,Hund,,,2026-01-22T15:34:36.000Z,1,0,
019b6fbf-c2b9-739d-bcc5-da7ff4eef6fe,DT-216,Vasco,Vasco,Cairn Terrier,M,2014-02-04,0.00,,019b6f8b-fc48-7762-9e41-855d0085fcae,,,rauhaar,0,brindle,,Hund,756098100582509,,2026-01-22T15:34:36.000Z,1,0,
019b6fbf-c2b9-73cd-b7f6-e78335d44fbf,DT-267,Tegan,Tegan,Mix,H,2010-08-15,0.00,,019b6f8b-fc48-79ed-beaf-19f34a75bc8d,,,,,,,Hund,978101080614046,,,1,0,
019b6fbf-c2b9-73e2-941d-7c95e0a4998a,DT-299,Awacho v. Klonhof,Awacho,Rhodesian Ridgeback,M,2008-02-01,0.00,,019b6f8b-fc49-7458-977b-2527f4302c8a,,,kurzhaar,,,,Hund,,,,1,0,
019b6fbf-c2b9-73ec-965f-39466c633056,DT-337,Baco,Paco,Rehpinscher,M,2012-09-01,0.00,,019b6f8b-fc49-7794-a8c2-2ad12266c041,,,kurzhaar,,,,Hund,756098100571955,,,1,0,
019b6fbf-c2b9-73f3-8a27-12adf012f4ec,DT-340,Afroudite,Afroudite,Yorkshire Terrier,W,2010-02-02,0.00,,019b6f8b-fc49-7b29-87e0-dc90495f48ae,,,,,,,Hund,756097200187458,,,1,0,
019b6fbf-c2b9-73f4-afe4-8f13cae659b9,DT-239,Jack,Jack,Deutschen Jagdterrier,M,2012-07-27,0.00,,019b6f8b-fc48-76aa-9515-791b05a0dad9,,,rauhaar,0,braun mit Brand,,Hund,756097200101125,,,1,0,
019b6fbf-c2b9-7424-9629-0a36ef381094,DT-218,Aldavinur Fijall,Fijall,Samojede,M,2012-05-22,0.00,,019b6f8b-fc48-7e53-977c-9ec209be2952,,,langhaar,0,weiss,,Hund,756098100602411,,,1,0,
019b6fbf-c2b9-7429-9825-adb8e2b16b73,DT-234,Neo,Neo,Berner Sennenhund,M,2010-10-27,0.00,,019b6f8b-fc48-7df6-bbfd-b6b42b9f201b,,,langhaar,,tricolor schwarz,,Hund,756097200146814,,,1,0,
019b6fbf-c2b9-742d-91c2-f77e1654ffb7,DT-279,Branco,Branco,Golden x Labrador x Neuf,M,2003-01-06,0.00,,019b6f8b-fc48-7e24-8b49-1c3b40926dd6,,,langhaar,,schwarz,,Hund,,,2026-01-22T15:34:36.000Z,1,0,
019b6fbf-c2b9-743b-ab9a-4d3790e67687,DT-226,Kira,Kira,Appenzeller Mischling,W,2006-05-08,0.00,,019b6f8b-fc48-7e11-aa66-8b8477f05d1e,,,kurzhaar,0,Scharz braun weiss,,Hund,756097200036967,,,1,0,
019b6fbf-c2b9-7481-8bd5-daff880dda33,DT-323,Lara,Lara,Labrador Retriever,W,2012-11-11,0.00,,019b6f8b-fc49-7f68-836d-a775b68e7460,,,kurzhaar,,silber,,Hund,,,2026-01-22T15:34:36.000Z,1,0,
019b6fbf-c2b9-7487-b77b-ce854500cc64,DT-237,Rocky,Rocky,Schäfer x Appenzeller,M,2008-07-02,0.00,,019b6f8b-fc48-7a4b-8b24-46f41e22bb05,,"24.09.2012 rifo: Ziel wäre es ihn mit zum Reiten zu nehmen

jagt wie verrückt

24.09.2012 rifo: Reisst an Leine wenn ein anderer Hund gekreutzt wird

Am Gartenzaun Bellt er wie wild",halblanghaar,1,tricolor,,Hund,756098100412606,,,1,0,
019b6fbf-c2b9-7491-b5a9-670288ec15df,DT-225,Kian,Kian,Irish Terrier,M,2012-07-15,0.00,,019b6f8b-fc48-7b6a-85d4-4fb91e599516,,,,,,,Hund,,,,1,0,
019b6fbf-c2b9-74e1-81bd-100847073329,DT-243,Gilli,Gilli,Papillon,W,2012-05-08,0.00,,019b6f8b-fc48-7c4e-8c56-bb7db86756bd,,,langhaar,,weiss braun,,Hund,75608100590395,,2026-01-22T15:34:36.000Z,1,0,
019b6fbf-c2b9-74fd-aae3-8dfd74870428,DT-255,Djamal,Djamal,Berger de Beauce,R,2010-04-28,0.00,,019b6f8b-fc48-728a-944b-83028661e3f2,,,kurzhaar,,,,Hund,276096900373001,,,1,0,
019b6fbf-c2b9-750b-a947-0b4627149b8c,DT-188,Ronja,Römmie,Beagle,W,2011-06-08,0.00,,019b6f8b-fc43-7e92-b83c-9d1059374b82,,,kurzhaar,0,tricolor braun,,Hund,756098100553506,,,1,0,
019b6fbf-c2b9-7512-898d-b6fd85e33c8c,DT-182,Zwirbel,Zwirbel,Prager Rattler (Prazsky Krysarik),M,2008-09-26,0.00,,019b6f8b-fc48-73d1-9c34-1e8fdf5a6373,,,halblanghaar,,black-loh,,Hund,756097200144514,,2026-01-22T15:34:36.000Z,1,0,
019b6fbf-c2b9-751b-8300-2356db6f05ad,DT-257,Zamph,Zamph,Deutscher Schäferhund,R,2011-04-30,0.00,,019b6f8b-fc48-7922-b86d-5448c991acb5,,,Stockhaar,,,,Hund,756098100547418,,,1,0,
019b6fbf-c2b9-753b-9d20-ed5e21638bd3,DT-214,Arko,Arko,Deutscher Schäferhund,M,2011-08-14,0.00,,019b6f8b-fc48-77f5-8bbb-a7118d324fd9,,,lang-stock,0,grau,,Hund,756098100504490,,,1,0,
019b6fbf-c2b9-7540-a7a6-3b7e0b908530,DT-303,Chico v. Wiesentalidyll,Chico,Golden Retriever,M,2007-06-11,0.00,,019b6f8b-fc49-754f-aa26-57ac811e4a6b,,,lockig-gekraust,,beige,,Hund,,,,1,0,
019b6fbf-c2b9-7541-9f63-6b8aad87a6f5,DT-336,Luna,Luna,Appenzeller Mischling,W,2001-05-16,0.00,,019b6f8b-fc49-731d-ab05-95b2f5c6cee2,,,,,,,Hund,756097200029844,,,1,0,
019b6fbf-c2b9-755c-8e95-24cd9b940de4,DT-250,Balu,Balu,Rottweiler x Cane Corso,X,2008-11-28,0.00,,019b6f8b-fc48-77ae-ac2c-fc69d403708f,,,kurzhaar,,schwarz,,Hund,756 097 2000 84 923,,2026-01-22T15:34:36.000Z,1,0,
019b6fbf-c2b9-7589-9a82-092123ac04f2,DT-302,Grace,,Berner Sennenhund x Schäfer,W,,0.00,,019b6f8b-fc49-7525-8584-f4ca6c8ca5a8,,,,,,,Hund,,,,1,0,
019b6fbf-c2b9-759c-8aa9-8fab9311f09b,DT-329,Bella,Bella,Labrador Retriever,W,2010-09-01,0.00,,019b6f8b-fc49-7cf7-b31f-42b3174b20d3,,,,,,,Hund,,,2026-01-22T15:34:36.000Z,1,0,
019b6fbf-c2b9-759c-9643-0ac8806f1f92,DT-278,Rika von der Bachhöhle,Rika,Deutscher Schäferhund,W,2004-07-30,0.00,,019b6f8b-fc49-7599-b555-c05349896476,,,,,,,Hund,,,,1,0,
019b6fbf-c2b9-75a7-965d-7e3bd8b46b27,DT-325,Mahalia,Mahalia,Chihuahua kurzhaariger Schlag,W,2008-07-19,0.00,,019b6f8b-fc49-73e1-b0a3-ad27a8230cb1,,,kurzhaar,,braun,,Hund,276098510256601,,2026-01-22T15:34:36.000Z,1,0,
019b6fbf-c2b9-75a8-8ffb-9963d8ed6da9,DT-164,Eiko the happy black foot,Eiko,Labrador Retriever,M,2011-11-14,0.00,,019b6f8b-fc48-75b0-96af-e419e14e821b,,,kurzhaar,0,schwarz,,Hund,756098100571376,,,1,0,
019b6fbf-c2b9-75aa-9577-74e137f8e967,DT-268,Bläss,Drake,Appenzeller Sennenhund,M,2011-03-25,0.00,,019b6f8b-fc48-7996-9b58-a8dec5b5a43a,,,kurzhaar,,tricolor,,Hund,756098100551310,,,1,0,
019b6fbf-c2b9-75b7-95d2-ad29cc984a10,DT-273,Nino,Nino,Belgischer Schäfer Mix,M,2012-10-23,0.00,,019b6f8b-fc49-7ba7-b799-3676a3d2d02e,,,,,grau-schwarz,,Hund,756098100593209,,,1,0,
019b6fbf-c2b9-75d2-93f3-a7cde99da2ce,DT-180,Charisma von Goldstück,Cara,Labrador,W,2009-08-09,0.00,,019b6f8b-fc48-794d-98a0-75c6b6282217,,,kurzhaar,,silber,,Hund,756097200185015,,,1,0,
019b6fbf-c2b9-75de-8155-5755d475c32f,DT-334,Alegra,Alegra,Border Collie Mix,W,2007-08-09,0.00,,019b6f8b-fc49-7570-af7e-d4f2e4e49e4d,,,,,,,Hund,756098100365477,,2026-01-22T15:34:36.000Z,1,0,
019b6fbf-c2b9-75fd-9d41-61000475ef58,DT-170,Nils,Nils,Bichon Bologneser,M,2011-05-27,0.00,,019b6f8b-fc48-78ad-a4dd-8f77a8eadde5,,,lockig-gekraust,0,weiss,,Hund,348093900003380,,,1,0,
019b6fbf-c2b9-761b-b88c-e57437117b70,DT-245,Nayak,Nayak,Samojede,X,2008-01-02,0.00,,019b6f8b-fc48-700a-b1c3-af21f2a6095d,,,langhaar,0,weiss,,Hund,276 097 200 731 430,,2026-01-22T15:34:36.000Z,1,0,
019b6fbf-c2b9-7637-b48d-751a898fb68d,DT-185,Cayenne,Cayenne,Berger de Picardie,W,2007-02-20,0.00,,019b6f8b-fc48-7c02-8cc1-fc5ebd37b06b,,,rauhaar,0,fauve-charbonné,,Hund,981100000119930,,,1,0,
019b6fbf-c2b9-765b-9c0d-81d215f0dbc7,DT-308,Gina,Gina,Deutscher Schäferhund,W,2008-07-01,0.00,,019b6f8b-fc49-7038-bdca-a4a1f8c5eeac,,,kurzhaar,,schwarz braun,,Hund,756 098 100 411 327,,2026-01-22T15:34:36.000Z,1,0,
019b6fbf-c2b9-7677-84f8-b9f6a01cac03,DT-160,JJ,JJ,Dalmatiner,W,2010-11-24,0.00,,019b6f8b-fc48-7d94-85cb-4a866230020e,,,kurzhaar,,weiss-schwarz,,Hund,,,2026-01-22T15:34:36.000Z,1,0,
019b6fbf-c2b9-769a-a18c-a3ec7805c561,DT-252,Akita,Akita,Labrador x Appenzeller,H,2012-07-29,0.00,,019b6f8b-fc48-72b3-a88f-a236c6fe73aa,,,halblanghaar,,schwarz,,Hund,756098500073400,,,1,0,
019b6fbf-c2b9-76aa-9b4e-31c83a322194,DT-162,Timi v. den Farbigen Pfoten,Timi,Bolonka Zwetna,M,2011-12-03,0.00,,019b6f8b-fc48-719e-afe4-c393c58bdd54,,,gewellt,0,schwarz weiss,,Hund,756095200137053,,,1,0,
019b6fbf-c2b9-76bc-bbf2-cc2ef1640392,DT-197,Gipsy,Gipsy,Yorkie x Malteser,M,2011-07-01,0.00,,019b6f8b-fc48-7cd2-ab3c-cf62d319632f,,,,,,,Hund,,,2026-01-22T15:34:36.000Z,1,0,
019b6fbf-c2b9-76d0-9d31-017c6edcb34a,DT-341,Chica,Chica,Bologneser,W,2013-01-26,0.00,,019b6f8b-fc49-7b53-b7cc-6f55c29aef06,,,,,,,Hund,900032001645169,,,1,0,
019b6fbf-c2b9-76d1-aa16-a25dee282819,DT-318,Stella,Stella,Lagotto Romagnolo,W,2012-03-15,0.00,,019b6f8b-fc49-7de0-a9fc-ba699f223c38,,,lockig-gekraust,,,,Hund,756098100565904,,,1,0,
019b6fbf-c2b9-774e-b650-3768d76ad7a5,DT-290,Kira,Kira,Appenzeller x Bergamask,W,2008-04-30,0.00,,019b6f8b-fc49-75e0-97c6-275828716c5b,,,halblanghaar,,,,Hund,,,2026-01-22T15:34:36.000Z,1,0,
019b6fbf-c2b9-775d-959d-98f5e8d6cbec,DT-203,Roy,Roy,Pudel,M,2005-08-12,0.00,,019b6f8b-fc48-71bd-a7e5-39d48ce3316a,,,lockig-gekraust,1,black & tan,,Hund,756098100243095,,,1,0,
019b6fbf-c2b9-776d-967d-aba65a8b49b3,DT-314,Luna,Luna,Bichon Havanese,W,2012-12-01,0.00,,019b6f8b-fc49-7874-97b0-0d9521e95775,,,,,,,Hund,941000014672692,,,1,0,
019b6fbf-c2b9-7776-b086-201376a16cf9,DT-211,Diamond-Dayna,Dayna,Leonberger,W,2011-07-18,0.00,,019b6f8b-fc47-728e-8505-37d234486078,,,langhaar,1,Löwengelb mit Maske,,Hund,756098100559269,,,1,0,
019b6fbf-c2b9-7784-b185-4ba2ad0508e4,DT-315,Lola,Lola,Australien Shepherd,W,2013-01-02,0.00,,019b6f8b-fc48-76bb-87f8-2ece54ff2b11,,,,0,,,Hund,756098100613993,,,1,0,
019b6fbf-c2b9-7784-b7ce-8c22aaa2dc90,DT-220,Germaine,Germaine,Beauceron Berger de Beauce,W,2012-04-15,0.00,,019b6f8b-fc48-76cf-a6ee-7562aa8dcbbf,,,kurzhaar,0,harlekin,,Hund,276096901137448,,,1,0,
019b6fbf-c2b9-778e-b665-ded2c9562d14,DT-332,Polly v. Greenparadise,Polly,Labrador Retriever,W,2009-08-31,0.00,,019b6f8b-fc49-7ff7-99bb-7c9606022ab6,,,kurzhaar,,chocholat,,Hund,,,,1,0,
019b6fbf-c2b9-779a-8562-ed45819346c0,DT-192,Boubou,Boubou,Biewer Yorkshire Terrier,M,2010-02-20,0.00,,019b6f8b-fc48-72e2-9ee1-08e0e0ecd52e,,,,,,,Hund,,,2026-01-22T15:34:36.000Z,1,0,
019b6fbf-c2b9-77dc-83ff-566c05ae3dbc,DT-166,Ruca,Ruca,Zwergspitz,M,2011-10-25,0.00,,019b6f8b-fc48-728f-8be1-0b1f7422c884,,,langhaar,0,salz & pfeffer,,Hund,978000001461777,,,1,0,
019b6fbf-c2b9-77e0-bd22-728932277c57,DT-165,Argo,Argo,Tschechischen Wolfshund,M,2011-10-21,0.00,,019b6f8b-fc48-72de-9bfd-93a40c52d0c7,,,kurzhaar,0,gefleckt grauer Untergrund,,Hund,978000001423540,,,1,0,
019b6fbf-c2b9-77e2-9d7c-0759e9711112,DT-345,Maddie,Maddie,Chihuahua langhaariger Schlag,W,2008-12-18,0.00,,019b6f8b-fc49-7de0-9f5f-e773d9c350f2,,,langhaar,,braun,,Hund,040096100119477,,,1,0,
019b6fbf-c2b9-77f5-9eec-fa03d38229f6,DT-266,Aslan,Aslan,Golden Retriever,M,2012-06-20,0.00,,019b6f8b-fc48-7b95-8bc2-69143ca0215d,,,langhaar,,golden,,Hund,756098100601199,,,1,0,
019b6fbf-c2b9-7822-9037-cf4468c3bf84,DT-282,Amigo/Aragon v. Palmenstein,Amigo/Aragon,Landseer,M,2007-01-28,0.00,,019b6f8b-fc49-74c2-8019-84162506f477,,,halblanghaar,,schwarz weisse Abzeichen,,Hund,,,,1,0,
019b6fbf-c2b9-7894-89c9-50d8b0a0ccc5,DT-208,Daisy,Daisy,Appenzeller  Mischling,W,2012-02-05,0.00,,019b6f8b-fc43-7aa9-b9bc-6e4a4c145c9e,,,kurzhaar,,tricolor schwarz,,Hund,756 098 100 558 163,,,1,0,
019b6fbf-c2b9-7901-91dc-d5ad9519655b,DT-247,Luci,Luci,Chihuahua,H,,0.00,,019b6f8b-fc48-7a6a-b558-fcebd79ab27a,,,,,,,Hund,,,,1,0,
019b6fbf-c2b9-7907-bc59-044decaa5910,DT-288,Zappa,Zappa,Pon,M,1999-01-22,0.00,,019b6f8b-fc49-78ee-b7a8-9eb05d944767,,,,,,,Hund,,,2026-01-22T15:34:37.000Z,1,0,
019b6fbf-c2b9-7908-a533-6799f86f3400,DT-339,Herkules,Herkules,Yorkshire Terrier,M,2009-01-05,0.00,,019b6f8b-fc49-7b29-87e0-dc90495f48ae,,,lockig-gekraust,,,,Hund,941000002837198,,,1,0,
019b6fbf-c2b9-791e-bd1b-d3df472d08d5,DT-219,Moira,Moira,Border Collie Mischling,W,2012-04-08,0.00,,019b6f8b-fc48-7115-a6d2-a1f17dcdd2ee,,,langhaar,,schwarz-weisse,,Hund,756097200095704,,,1,0,
019b6fbf-c2b9-792c-8ca5-3290a6a02430,DT-189,Luna,Luna,Biewer Yorkshire Terrier x Yorkshire Terrier,W,2011-07-07,0.00,,019b6f8b-fc48-76ee-8bc1-f103a0adfd44,,,halblanghaar,0,tricolor braun,,Hund,756097200151161,,2026-01-22T15:34:36.000Z,1,0,
019b6fbf-c2b9-7944-b105-92cb01104100,DT-171,Nicky,Nicky,Bolonka Zwetna,M,2011-08-27,0.00,,019b6f8b-fc48-7b31-87d8-f3cf2eff3aa0,,,langhaar,0,schwarz,,Hund,276093400194982,,,1,0,
019b6fbf-c2b9-7974-91a6-517b849524db,DT-240,Lili,Lili,Border Terrier,W,2012-06-14,0.00,,019b6f8b-fc48-7c46-937b-b9fe65d00081,,,rauhaar,,,,Hund,756098100602821,,,1,0,
019b6fbf-c2b9-7975-a912-c6fedfe037e1,DT-191,Yellow,Yellow,Neufundländer,W,2011-10-01,0.00,,019b6f8b-fc48-7d7c-882b-bd4201f879b4,,,langhaar,0,schwarz,,Hund,276096100301327,,,1,0,
019b6fbf-c2b9-7981-b306-9d36d26d8e31,DT-249,Fredy,Fredy,Deutscher Schäferhund,M,2011-11-20,0.00,,019b6f8b-fc48-7284-ba29-0556acf663ad,,,langhaar,,schwarz-braun,,Hund,756 098 100 566 957,,2026-01-22T15:34:36.000Z,1,0,
019b6fbf-c2b9-7992-9785-76934ed8457b,DT-177,Max,Max,Collie x Schäfer,M,2005-01-01,0.00,,019b6f8b-fc48-794b-80eb-69564a8e9f7f,,20.05.2012 such: gjfgznbjbftzumtzb,kurzhaar,1,hellbraun,,Hund,756098100304708,,,1,0,
019b6fbf-c2b9-7998-83ef-28385f1bfc0c,DT-232,Shila,Shila,Mischling,W,2008-04-02,0.00,,019b6f8b-fc48-73a3-89c8-69ccf9cdabe3,,,kurzhaar,,"weiss, braun gestromt",,Hund,939000010038363,,,1,0,
019b6fbf-c2b9-799a-a858-0f50a99068ea,DT-328,Uschka vom Termitenstaat,Uschka,Deutscher Schäferhund,W,2011-04-08,0.00,,019b6f8b-fc49-71f8-a0a2-3a4673615daf,,,kurzhaar,,,,Hund,756 098 100 527 571,,,1,0,
019b6fbf-c2b9-79bb-b519-8279265a1c1a,DT-311,Minou,Minou,Yorkshire Terrier,W,2010-11-04,0.00,,019b6f8b-fc49-7131-ba3b-c16acc4c9a28,,,,,,,Hund,,,2026-01-22T15:34:37.000Z,1,0,
019b6fbf-c2b9-79c0-8964-9026c5c2c2be,DT-179,Fuchur,Fuchur,Welsh Corgi x Montagne des Pyrénées,M,2010-01-15,0.00,,019b6f8b-fc48-764f-9b72-0169a1e4a0c2,,,langhaar,1,hellbraun-weiss,,Hund,900 032 000 242 158,,2026-01-22T15:34:37.000Z,1,0,
019b6fbf-c2b9-79e5-9059-d4a44e0dde2c,DT-304,Zera,Zera,Labrador Retriever,W,2008-08-06,0.00,,019b6f8b-fc49-7f75-929f-404ae9577a75,,,kurzhaar,,schwarz,,Hund,,,2026-01-22T15:34:36.000Z,1,0,
019b6fbf-c2b9-79fd-a793-affaac58adfc,DT-284,Cenja Scalloways,Cenja,Groenendael,W,2008-05-01,0.00,,019b6f8b-fc49-79f2-8907-97e6c4dd8b71,,,langhaar,,schwarz,,Hund,,,,1,0,
019b6fbf-c2b9-7a08-9a0e-978ecc162caf,DT-196,Callas,Callas,Bernhardiner,W,2011-10-15,0.00,,019b6f8b-fc48-7ca1-9264-7178a4a18890,,,,0,,,Hund,,,2026-01-22T15:34:36.000Z,1,0,
019b6fbf-c2b9-7a4a-9965-f3db513955bb,DT-231,Basci Youma von Arsidi,Basci,Riesenschnauzer,M,2011-05-22,0.00,,019b6f8b-fc48-76ef-b4bd-f019ea4310de,,,rauhaar,,schwarz,,Hund,756098100556252,,,1,0,
019b6fbf-c2b9-7a6e-bd46-1067625f0556,DT-333,Chico,Chico,Bologneser,M,2013-01-26,0.00,,019b6f8b-fc49-7b53-b7cc-6f55c29aef06,,,,,,,Hund,900032001645161,,,1,0,
019b6fbf-c2b9-7a93-9a3a-efb64ca6d23b,DT-292,Aldavinur Fijall,Fijall,Samojede,M,2012-05-22,0.00,,019b6f8b-fc49-7dc7-904f-41eca3088a40,,,langhaar,0,weiss,,Hund,756098100602411,,,1,0,
019b6fbf-c2b9-7a9d-845a-1c51a16b30bd,DT-186,Hector,Hector,Langhaardackel,M,2012-02-10,0.00,,019b6f8b-fc48-7f11-b062-7f24065f99f7,,,langhaar,0,schwarz braun,,Hund,250269604607147,,,1,0,
019b6fbf-c2b9-7ab5-a232-c184893b2396,DT-286,Julie,Julie,Jack-Russell-Terrier,W,2008-04-05,0.00,,019b6f8b-fc49-700f-bb14-30725df2d3cd,,,kurzhaar,,,,Hund,,,2026-01-22T15:34:36.000Z,1,0,
019b6fbf-c2b9-7ab5-a848-6208cd66f841,DT-301,Grappa v. Camwood,Grappa,Flat Coated Retriever,W,2008-03-16,0.00,,019b6f8b-fc49-7391-8f06-471e00148db0,,,langhaar,,schwarz,,Hund,,,,1,0,
019b6fbf-c2b9-7acd-9cfc-16efc9708eb4,DT-262,Daisy,Daisy,American Staffordshire Terrier,W,2010-03-16,0.00,,019b6f8b-fc48-7aab-8c38-284a51fed7c6,,,kurzhaar,,hell gestromt,,Hund,945000000425781,,,1,0,
019b6fbf-c2b9-7ada-84db-773e139eee95,DT-344,Idefix,Idefix,Appenzeller Sennenhund Mischling,M,2007-06-02,0.00,,019b6f8b-fc49-7d95-a646-6755717d58a4,,,kurzhaar,1,tricolor schwarz,,Hund,756097200126268,,,1,0,
019b6fbf-c2b9-7ae7-a139-14315268fd6a,DT-209,Maya,Maya,Siberian Husky,W,2012-03-07,0.00,,019b6f8b-fc47-72c3-bb6c-8257ee334813,,,halblanghaar,0,grau weiss,,Hund,756097200134372,,,1,0,
019b6fbf-c2b9-7af7-87e2-311d236e48e8,DT-307,Azzurro,Azzurro,Australian Shepherd Dog,M,2006-01-18,0.00,,019b6f8b-fc49-769f-bcc4-d944935be619,,,halblanghaar,,,,Hund,,,2026-01-22T15:34:36.000Z,1,0,
019b6fbf-c2b9-7b20-8f94-6ad654b929b5,DT-271,Aashka,Aashka,Hovawart,W,2009-07-09,0.00,,019b6f8b-fc49-7854-844b-8c721cd00ee3,,,langhaar,,schwarz marken,,Hund,276098102763536,,,1,0,
019b6fbf-c2b9-7b3f-9d40-d8ccaffdf2f9,DT-181,Charly,Charly,Australian Shepherd x Border Collie,M,2008-01-01,0.00,,019b6f8b-fc48-7883-b82b-e886de43ef3e,,,langhaar,,schwarz-weiss,,Hund,276093400222065,,2026-01-22T15:34:36.000Z,1,0,
019b6fbf-c2b9-7b7c-b7f9-08733e6ebde6,DT-175,Gazal,Gazal,Anglo-Francais de Petite,M,2011-06-05,0.00,,019b6f8b-fc48-7f27-bc02-7c1cf95bb52e,,,kurzhaar,1,tricolor braun,,Hund,,,2026-01-22T15:34:36.000Z,1,0,
019b6fbf-c2b9-7ba9-bd49-ba4ec9c7c99f,DT-331,Cedor vom Grostal,Cedor,Alpenländische Dachsbracke,M,2009-03-10,0.00,,019b6f8b-fc49-7ebe-9b4f-c0a54341370f,,,,1,,,Hund,,,,1,0,
019b6fbf-c2b9-7bde-a9c7-82c09b726823,DT-327,Higgins,Higgins,Beagle,M,2006-08-27,0.00,,019b6f8b-fc49-7b51-be72-7d69f7164d2b,,,kurzhaar,,,,Hund,,,2026-01-22T15:34:36.000Z,1,0,
019b6fbf-c2b9-7be0-9c4c-ed3610d9d782,DT-295,Ché,Ché,Irish Terrier,M,2008-08-31,0.00,,019b6f8b-fc49-733c-9235-6665b459a6ef,,,lockig-gekraust,,beige,,Hund,756098100306553,,2026-01-22T15:34:36.000Z,1,0,
019b6fbf-c2b9-7c04-a084-734539694270,DT-233,Woody v. Defuns,Woody,Border Collie,M,2011-12-11,0.00,,019b6f8b-fc47-7769-b2ce-ed0a862b1a59,,,langhaar,0,tricolor schwarz,,Hund,756098100548765,,,1,0,
019b6fbf-c2b9-7c07-a930-1e53157949e1,DT-169,Fynn,Fynn,Bichon Bologneser,M,2011-05-27,0.00,,019b6f8b-fc48-78ad-a4dd-8f77a8eadde5,,,lockig-gekraust,0,weiss,,Hund,939000010198639,,,1,0,
019b6fbf-c2b9-7c19-9f95-29d4083167f8,DT-269,Ambitious'N'Delightfully,Banshee,Französische Bulldogge,H,2012-09-19,0.00,,019b6f8b-fc48-7796-b264-e2653f422352,,,kurzhaarig,,reverse- hell gestromt,,Hund,756098500080399,,,1,0,
019b6fbf-c2b9-7c19-aa7e-e2bd956f5ec1,DT-174,Schneeball,Schneeball,Samojede,W,2011-05-20,0.00,,019b6f8b-fc48-785a-8595-fd9dcb2ee3e7,,,langhaar,0,weiss,,Hund,756097200149193,,,1,0,
019b6fbf-c2b9-7c29-abc1-c19023b65baa,DT-204,Chester,Chester,Cocker Spaniel,M,2011-10-28,0.00,,019b6f8b-fc48-77b9-9272-6e3f1a78b85e,,,langhaar,0,hellbraun,,Hund,756094500213655,,,1,0,
019b6fbf-c2b9-7c4d-8cfa-c7a1eea83466,DT-195,Acki,Acki,Zwergpudel,M,2004-11-01,0.00,,019b6f8b-fc48-77ef-90da-be971dc04bca,,,lockig-gekraust,,beige,,Hund,,,2026-01-22T15:34:36.000Z,1,0,
019b6fbf-c2b9-7c56-948e-9af40bb14c06,DT-289,Tara,Tara,Labrador Retriever,W,2008-09-12,0.00,,019b6f8b-fc49-7840-b953-7955d3546c55,,,kurzhaar,,schwarz,,Hund,,,2026-01-22T15:34:36.000Z,1,0,
019b6fbf-c2b9-7c58-9873-f50f7c14e81a,DT-217,Subi,Subi,Französische Bulldogge,W,2012-03-17,0.00,,019b6f8b-fc48-7a57-97df-29d2fa678b8b,,,kurzhaar,0,schwarz weisse Abzeichen,,Hund,900032001250294,,,1,0,
019b6fbf-c2b9-7c75-b360-aeeaa2e470f8,DT-229,Meli,Meli,Boxer,W,2012-04-21,0.00,,019b6f8b-fc48-7732-998b-1c45fcac13d2,,,kurzhaar,0,hirschrot,,Hund,756098100591710,,,1,0,
019b6fbf-c2b9-7c7f-bd15-a1e17ddfbbed,DT-320,Amy,Amy,Mischling,W,2012-02-01,0.00,,019b6f8b-fc48-754e-8f73-3adbc5630a1e,,,,,,,Hund,941000013744825,,,1,0,
019b6fbf-c2b9-7c95-a9d7-0f4076055b9a,DT-338,Amarok,Amarok,Bergamasker Mischling,M,2012-06-10,0.00,,019b6f8b-fc47-7d67-a127-b1c124ee1367,,,,,,,Hund,7560972000856,,,1,0,
019b6fbf-c2b9-7c96-8cff-642796e5cb69,DT-275,Bryan,Bryan,Labrador Retriever,M,2011-08-23,0.00,,019b6f8b-fc49-733e-b306-443d611bc8d1,,,kurzhaar,,chocholat,,Hund,756097200147219,,,1,0,
019b6fbf-c2b9-7ca5-8dd5-e05adc03fb8a,DT-163,Udjno v. Shenjamo,Udjno,Labrador Retriever,M,2011-12-01,0.00,,019b6f8b-fc48-7593-aa85-d60eff9c8085,,,kurzhaar,0,gelb,,Hund,756094500214665,,,1,0,
019b6fbf-c2b9-7ce6-bb01-a8a6e45591ea,DT-161,Frodo vom Rottal,Frodo,Grosser Schweizer Sennenhund,M,2003-09-29,0.00,,019b6f8b-fc48-7a5a-80f0-fe7ba8c4c89f,,,kurzhaar,1,braun weiss,,Hund,,,,1,0,
019b6fbf-c2b9-7cef-8cd1-8fa99235a71b,DT-287,Toby,Toby,Berner Sennenmix,M,2007-08-16,0.00,,019b6f8b-fc49-7c06-bcfd-080c5feda966,,,lockig-gekraust,,,,Hund,,,2026-01-22T15:34:36.000Z,1,0,
019b6fbf-c2b9-7d01-aef0-04825c458c58,DT-261,Aldavinur Frekja,Frekia,Samojede,H,2012-05-22,0.00,,019b6f8b-fc48-711c-b8ba-0e67db573845,,,langhaar,0,weiss,,Hund,756098100604554,,,1,0,
019b6fbf-c2b9-7d08-8bc8-ece8f8b016d6,DT-321,Sira,Sira,Labrador Retriever X,W,2001-11-03,0.00,,019b6f8b-fc49-7991-bb36-af494b5be9dc,,,,,,,Hund,985100008448291,,,1,0,
019b6fbf-c2b9-7d35-a61e-88903453f817,DT-270,Momo,Momo,Mittelpudel,W,2011-12-04,0.00,,019b6f8b-fc49-74ef-b9e3-14d0d225fb64,,,"lang, gelockt",,schwarz-weiss,,Hund,276097202220676,,,1,0,
019b6fbf-c2b9-7d5e-aa03-fcfb78baba89,DT-241,Scalloway`s Lascar,Lascar,Tervueren / Belgischer Schäferhund,M,2012-06-25,0.00,,019b6f8b-fc48-7bb7-a615-d9d3a841371b,,,langhaar,0,braun mit Brand,,Hund,756097200155563,,,1,0,
019b6fbf-c2b9-7d62-8fc6-19ed9f002d94,DT-258,Geordy von der Savrazenen,Geordy,Irish Wolfhound,M,2012-07-10,0.00,,019b6f8b-fc48-73f1-8e2e-801ebe2d9afd,,,rauhaar,,crème,,Hund,276098104485890,,,1,0,
019b6fbf-c2b9-7d80-9a6c-e3e0ea2b92b7,DT-305,Lea v. Luxatori,Lea,Magyar Vizsla,W,2008-06-28,0.00,,019b6f8b-fc49-7b4f-86d8-e8b1ff605a69,,,kurzhaar,,,,Hund,,,,1,0,
019b6fbf-c2b9-7d8c-a06b-7c4699a8b757,DT-224,Mell,Mell,Malteser,W,2010-05-26,0.00,,019b6f8b-fc48-735a-939e-cf8fb0b10448,,,halblanghaar,0,weiss,,Hund,756098100212220,,,1,0,
019b6fbf-c2b9-7db7-a2d9-cb1e4c75d114,DT-172,Speedy,Speedy,Französische Bulldogge,M,2011-08-18,0.00,,019b6f8b-fc48-7fb7-ba9a-3fe680843211,,,kurzhaar,,schwarz-weisse,,Hund,939000010232910,,,1,0,
019b6fbf-c2b9-7db8-b637-36df9d1b71f7,DT-235,Tino,Tino,Neufundländer,M,2008-10-04,0.00,,019b6f8b-fc48-7d7c-882b-bd4201f879b4,,,langhaar,1,schwarz,,Hund,756097200085712,,,1,0,
019b6fbf-c2b9-7dd4-a106-f549caaa61b2,DT-194,Nala,Nala,Collie,W,2010-05-25,0.00,,019b6f8b-fc48-7d0e-8c67-473217bd30b2,,,langhaar,,,,Hund,,,2026-01-22T15:34:36.000Z,1,0,
019b6fbf-c2b9-7e3a-9d40-7dea583790ed,DT-276,Hund,,Yorkshire Terrier,X,,0.00,,019b6f8b-fc49-79f1-8826-8229b39802ed,,"31.01.2013 rifo: Tel. vom 31.01.2013

Agressiver und wilder Yorki",,,,,Hund,,,2026-01-22T15:34:36.000Z,1,0,
019b6fbf-c2b9-7e3f-a77b-854f199c9651,DT-293,Arko,Arko,Brandlbracke,M,2012-05-17,0.00,,019b6f8b-fc49-7b2d-bf47-edcfe55dcd73,,,kurzhaar,0,schwarz-btaun,,Hund,040098100356163,,,1,0,
019b6fbf-c2b9-7e49-bbd8-c23b8732bc9a,DT-215,Arko,Arko,Brandlbracke,M,2012-05-17,0.00,,019b6f8b-fc48-75c0-9279-d68601d35cb1,,,kurzhaar,0,schwarz-braun,,Hund,040098100356163,,,1,0,
019b6fbf-c2b9-7e52-9d4b-8cf813da9583,DT-309,Chipo,Chipo,Rhodesian Ridgeback,M,2012-10-01,0.00,,019b6f8b-fc49-7cc6-b7ce-69c1125e2a2c,,,kurzhaar,,,,Hund,276098104583806,,,1,0,
019b6fbf-c2b9-7e7f-bf6f-df0dfc69dfca,DT-199,Gina,Gina,Lagotto Romagnolo,W,2011-08-15,0.00,,019b6f8b-fc48-70fb-a887-f0e27d521b94,,,lockig-gekraust,0,bianco marrone,,Hund,756098500071275,,,1,0,
019b6fbf-c2b9-7e95-a84e-7e952a6012d8,DT-198,Cheveyo,Cheveyo,Saarlooswolfhond,M,2011-11-01,0.00,,019b6f8b-fc48-702e-aa90-efe846c883ec,,,,,,,Hund,,,2026-01-22T15:34:36.000Z,1,0,
019b6fbf-c2b9-7e9b-8545-6e0b4c9c3b2b,DT-326,Jimbo,Jimbo,Mischling,M,2007-02-01,0.00,,019b6f8b-fc49-7a76-9ddc-b8761e3dd4c1,,,kurzhaar,1,rotbraun,,Hund,756097200138390,,,1,0,
019b6fbf-c2b9-7eac-ae6a-44204efd96ab,DT-246,Anique,Anique,Labrador Retriever,X,2011-06-24,0.00,,019b6f8b-fc48-7190-b0c8-628f31413b11,,,kurzhaar,,chocholat,,Hund,756 098 100 552 911,,2026-01-22T15:34:36.000Z,1,0,
019b6fbf-c2b9-7ecd-8516-6ccdb38009b7,DT-280,Mäx,Mäx,Beagle,M,2004-07-29,0.00,,019b6f8b-fc48-78de-8a63-7256c6bf23f3,,,kurzhaar,,,,Hund,,,2026-01-22T15:34:36.000Z,1,0,
019b6fbf-c2b9-7ed0-8fe7-975d7fbb94f0,DT-210,Kira,Kira,Jack-Russell x Dackel Mix,W,2011-11-27,0.00,,019b6f8b-fc48-7c9a-b9b1-a719e686f4ff,,,kurzhaar,,braun mit Brand,,Hund,276094500027720,,2026-01-22T15:34:36.000Z,1,0,
019b6fbf-c2b9-7ee5-86bc-5c0b160949af,DT-272,Rambo,Rambo,Pudel,M,2011-09-01,0.00,,019b6f8b-fc49-7614-917d-b30cadccc6a9,,,,1,harlekin,,Hund,276094500018085,,,1,0,
019b6fbf-c2b9-7ef0-b38e-457578df1aec,DT-310,Sheriff,Sheriff,Mops,M,2011-03-07,0.00,,019b6f8b-fc49-73bb-a549-989a9781f44c,,,,,,,Hund,,,2026-01-22T15:34:36.000Z,1,0,
019b6fbf-c2b9-7f1a-b5fb-b2b9e18c7e8b,DT-238,Murphy,Murphy,Französische Bulldogge,M,2012-06-01,0.00,,019b6f8b-fc48-79ed-8968-f73d67af1b17,,,kurzhaar,,weiss / schwarz,,Hund,981020007210764,,,1,0,
019b6fbf-c2b9-7f26-9e66-6cc7fc2eb645,DT-296,Pagliaccio,Pagliaccio,Appenzeller x Vorstehhun,M,2005-02-01,0.00,,019b6f8b-fc49-713f-889f-3debfeb21f63,,,kurzhaar,,,,Hund,,,2026-01-22T15:34:36.000Z,1,0,
019b6fbf-c2b9-7f65-aa66-873d8fc93754,DT-187,"""Corwin"" Laub",Corwin,Shetland Sheepdog (Sheltie),M,2012-02-10,0.00,,019b6f8b-fc48-798c-8376-14f2cecfccf3,,,langhaar,0,tricolor schwarz,,Hund,756098500075145,,,1,0,
019b6fbf-c2b9-7f74-b7b6-c816b8cab95f,DT-222,Aijkira,Aijkira,Labrador Retriever,W,2012-05-07,0.00,,019b6f8b-fc48-7d00-b0ef-2d78663d1705,,,kurzhaar,0,chocholat,,Hund,756095200101436,,,1,0,
019b6fbf-c2b9-7f75-a284-7370f1457d46,DT-298,Foxli,Foxli,Foxterrier Mix,M,1999-01-01,0.00,,019b6f8b-fc49-7570-af7e-d4f2e4e49e4d,,,,,,,Hund,,,,1,0,
019b6fbf-c2b9-7f77-b006-0b19b90f358b,DT-263,Amalee,Amalee,Französische Bulldogge,W,2012-09-19,0.00,,019b6f8b-fc48-7555-891c-365d75a4cefc,,,kurzhaar,,beige,,Hund,756 098 500 080 386,,2026-01-22T15:34:36.000Z,1,0,
019b6fbf-c2b9-7f8b-a9ac-732df1ab3097,DT-193,Ben,Ben,Labrador Retriever,M,2011-08-24,0.00,,019b6f8b-fc48-79e7-a686-dcad25c88ddd,,,,,,,Hund,,,2026-01-22T15:34:36.000Z,1,0,
019b6fbf-c2b9-7f9c-90d8-3a2a7432897a,DT-159,Penny,Penny,Labrador Retriever,W,2004-11-26,0.00,,019b6f8b-fc48-76df-919d-ff59da009b90,,,kurzhaar,,,,Hund,,,2026-01-22T15:34:36.000Z,1,0,
019b6fbf-c2b9-7fb8-9275-d50c603837c9,DT-277,Sydney-Nero,Nero,Labrador Retriever,M,2012-08-18,0.00,,019b6f8b-fc48-74ab-8abd-3f12ee806afb,,,kurzhaar,,schwarz,,Hund,756094500218957,,,1,0,
019b6fbf-c2b9-7fd7-8c81-f77fda574858,DT-242,Bruce,Bruce,Beagle,M,,0.00,,019b6f8b-fc48-78de-8a63-7256c6bf23f3,,,kurzhaar,0,braun mit Brand,,Hund,,,2026-01-22T15:34:36.000Z,1,0,
019b6fbf-c2b9-7fd9-bf31-c6a4c3c9eee1,DT-342,Jacki,Jacki,Jack-Russell-Terrier Mix,M,2010-06-20,0.00,,019b6f8b-fc49-7459-b84a-0fe8bedcde0c,,,,,,,Hund,276094100133694,,,1,0,
019b6fbf-c2b9-7fdc-914e-f199a50f046c,DT-281,Gowy v. Happy Paradise,Gowy,Airedale Terrier,M,2008-07-14,0.00,,019b6f8b-fc49-7b29-844e-10deda2f7e3e,,,lockig-gekraust,,,,Hund,,,,1,0,
019b6fbf-c2b9-7fee-9339-40ec835fa8d3,DT-259,Barka,Barka,Jagdhund Mischling,H,2011-03-01,0.00,,019b6f8b-fc48-712f-a110-155173ef6435,,,kurzhaar,,,,Hund,939000010170830,,,1,0,
019b6fbf-c2ba-7032-a324-7bf97e4e892f,DT-396,Pumba,Pumba,Mops,M,2011-12-23,0.00,,019b6f8b-fc49-72af-8e8c-f79c4d2234f6,,,,,,,Hund,756098100578402,,,1,0,
019b6fbf-c2ba-70a1-a4be-1bde9e7cd37c,DT-372,Anni,Änni,Schwarzwälder Schweisshund,W,2011-04-30,0.00,,019b6f8b-fc49-72b6-be90-445dcdd2874a,,,kurzhaar,,hell gestromt,,Hund,982000088383903,,,1,0,
019b6fbf-c2ba-70b1-841a-7e1d50c42077,DT-127,Balou,Balou,Katalan. Hirtenhund x Collie,M,2010-05-23,0.00,,019b6f8b-fc48-7911-9f5d-8e71c5f880c6,,,langhaar,,braun,,Hund,756097200190923,,2026-01-22T15:34:37.000Z,1,0,
019b6fbf-c2ba-70b7-9580-60939d4cd2c6,DT-365,Kenny,Kenny,Chihuahua,M,2007-06-12,0.00,,019b6f8b-fc49-7880-8c0f-734441daafef,,,,1,beige,,Hund,756098100343728,,,1,0,
019b6fbf-c2ba-710a-8ebc-844e2b328c75,DT-384,Spike,Spike,Bolonka Zwetna,M,2008-07-23,0.00,,019b6f8b-fc49-7521-9817-435fec3969f7,,,lockig-gekraust,,chocholat,,Hund,7560981000418023,,,1,0,
019b6fbf-c2ba-7114-afee-4a8d7cf8f622,DT-343,"Dixi , Doki",Dixie,Dachshund,W,2008-01-01,0.00,,019b6f8b-fc49-7f4a-b509-6a7b552ac56b,,,,1,black & tan,,Hund,939000010285853,,,1,0,
019b6fbf-c2ba-7121-8d3f-1bad8f71f0d2,DT-230,Simba,Simba,Havaneser,M,2012-03-01,0.00,,019b6f8b-fc48-7150-8212-c8b4785dd597,,,langhaar,0,beige,,Hund,756098100554292,,,1,0,
019b6fbf-c2ba-719c-b971-5edb63e36636,DT-380,Angel,Angel,Samojede,W,2013-06-01,0.00,,019b6f8b-fc48-785a-8595-fd9dcb2ee3e7,,,langhaar,,weiss,,Hund,756098100615009,,,1,0,
019b6fbf-c2ba-71d5-88fc-142f73582c6d,DT-391,Birka,Birka,Deutscher Schäferhund,W,2013-06-30,0.00,,019b6f8b-fc49-7fb9-9be7-038ed4a783e8,,,kurzhaar,,braun schwarz,,Hund,981189900043289,,,1,0,
019b6fbf-c2ba-71fb-a345-ca376d9ea40c,DT-357,Jango,Jango,Parson-Russell-Terrier,M,2013-01-09,0.00,,019b6f8b-fc49-7840-9e7f-4f90117b9072,,,rauhaar,,tricolor braun,,Hund,756098100645886,,2026-01-22T15:34:37.000Z,1,0,
019b6fbf-c2ba-7210-8c6e-723964e2ce8e,DT-399,Otesse,Otesse,Rottweiler,W,2013-03-28,0.00,,019b6f8b-fc49-7d70-89cb-1f9b3eec7608,,,,,,,Hund,941000014575556,,,1,0,
019b6fbf-c2ba-7225-8fa4-44276647b053,DT-375,Uban,Uban,Mischling,W,2009-09-01,0.00,,019b6f8b-fc49-7a91-9175-9c5ae0f8cac5,,,kurzhaar,1,beige,,Hund,688035000007303,,,1,0,
019b6fbf-c2ba-7265-8777-8bd0cf6c42ca,DT-386,Franky,Franky,Malteser,M,2013-05-23,0.00,,019b6f8b-fc48-715d-aac3-709d07127991,,,langhaar,,weiss,,Hund,688035000077699,,,1,0,
019b6fbf-c2ba-7280-b0bd-0c7282938d67,DT-368,Nadjeschda,Nadjeschda,Katalan. Hirtenhund x Collie,W,2013-01-26,0.00,,019b6f8b-fc48-7911-9f5d-8e71c5f880c6,,,langhaar,,braun,,Hund,,,,1,0,
019b6fbf-c2ba-72a8-bd75-8e877f9dc8fe,DT-346,Sky,Sky,Weisser Schweizer Schäferhund,W,2012-01-03,0.00,,019b6f8b-fc49-74ba-a32a-82b910b2c9f5,,,,,weiss,,Hund,756098100519049,,,1,0,
019b6fbf-c2ba-732d-a94b-502086a1d447,DT-385,Fiby,Fiby,Dalmatiner,W,,0.00,,019b6f8b-fc49-74f1-9e7a-c36616f1089c,,,kurzhaar,,,,Hund,,,2026-01-22T15:34:36.000Z,1,0,
019b6fbf-c2ba-7377-bac0-7c15b6ed0e5e,DT-362,Lumpi,Lumpi,Jack-Russell-Terrier,M,2012-11-11,0.00,,019b6f8b-fc49-770d-b596-7efc9110d2c8,,,kurzhaar,,schwarz-weiss,,Hund,756097200135264,,2026-01-22T15:34:36.000Z,1,0,
019b6fbf-c2ba-73ea-8783-85e150aeea1a,DT-371,Struppi,Struppi,Mittelschnauzer,M,2003-08-01,0.00,,019b6f8b-fc49-7bd5-8bdc-327c2d699c64,,,,,salz & pfeffer,,Hund,756098100180535,,,1,0,
019b6fbf-c2ba-73f4-9ba0-9499c6a5e73c,DT-104,Rex,Rex,Altdeutscher Schäferhund,M,2000-09-30,0.00,,019b6f8b-fc48-715d-aac3-709d07127991,,"22.08.2011 such: Wurde vom Vater ausgebildet. Grundsätzlich eher schwacher Hund im Grundwesen, hat aber gelernt durch Knurren Eindruck zu machen",,0,,,Hund,,,,1,0,
019b6fbf-c2ba-7407-9694-1f34c6e8d493,DT-400,Lenny,Lenny,Mischling,M,2012-07-24,0.00,,019b6f8b-fc47-707f-b2ba-b08ae31162fa,,,,,,,Hund,900182000179239,,,1,0,
019b6fbf-c2ba-741b-9227-d1a3df0a5104,DT-383,Emma,Emma,Berner Sennenhund,W,2013-06-09,0.00,,019b6f8b-fc49-7b07-a2a3-0779d66c2683,,,,,,,Hund,756095200155395,,,1,0,
019b6fbf-c2ba-74b2-b327-ff2cf728decb,DT-366,Ken vom Hohlen Fels,Ken,Cairn Terrier,M,2013-01-23,0.00,,019b6f8b-fc48-756b-8428-d9a1b1e64047,,,,,weizen,,Hund,756098100613047,,,1,0,
019b6fbf-c2ba-7634-9c0e-133dab65ac24,DT-349,Lissy,Lissy,Chihuahua kurzhaariger Schlag,W,2009-12-01,0.00,,019b6f8b-fc49-750f-a6ec-0e2e74b3d9f9,,,kurzhaar,,braun mit Brand,,Hund,756097200085221,,2026-01-22T15:34:36.000Z,1,0,
019b6fbf-c2ba-7651-a5ec-874f14df1d5d,DT-390,Timmy,Timmy,Havaneser,M,2012-10-24,0.00,,019b6f8b-fc49-7355-a0cd-be4c05a53383,,,,,,,Hund,900108000666853,,,1,0,
019b6fbf-c2ba-76ae-b4fd-a7ac6eebfbce,DT-401,Hund,,Tibet Terrier,X,,0.00,,019b6f8b-fc49-7157-96b5-a7efa8314f5f,,,,,,,Hund,,,,1,0,
019b6fbf-c2ba-7735-bba5-5ccd0dd4b391,DT-364,Cora,Cora,Schäfer x Labrador,W,2010-01-01,0.00,,019b6f8b-fc49-79ae-bdaa-9809067d7f9c,,,kurzhaar,,braun,,Hund,961001200033012,,2026-01-22T15:34:36.000Z,1,0,
019b6fbf-c2ba-77b2-8f05-88a9c082f269,DT-352,Choco Cannel,Choco,Chihuahua kurzhaariger Schlag,M,2010-05-25,0.00,,019b6f8b-fc49-7e2c-b2bb-c0ff73f83761,,,kurzhaar,,Dunkelbraun/beige,,Hund,756097200077476,,,1,0,
019b6fbf-c2ba-77b3-904a-f53bddc04053,DT-367,Kamy vom Hohlen Fels,Kamy,Cairn Terrier,W,2013-01-23,0.00,,019b6f8b-fc48-756b-8428-d9a1b1e64047,,,weizen,,,,Hund,756098100614146,,,1,0,
019b6fbf-c2ba-77e5-9cd0-e96442a62a3b,DT-388,Kira,Kira,Wolfspitz,W,2012-09-11,0.00,,019b6f8b-fc49-74fc-8a47-eac408a7e5ad,,,langhaar,,,,Hund,276098104590265,,2026-01-22T15:34:36.000Z,1,0,
019b6fbf-c2ba-77e5-a21e-d4cd8e0e572c,DT-381,Artos,Artos,Deutscher Jagdterrier,M,2013-05-01,0.00,,019b6f8b-fc49-7acf-8d04-37b7f5ce94bf,,,,,,,Hund,,,2026-01-22T15:34:36.000Z,1,0,
019b6fbf-c2ba-7852-acf6-0d2e7d37ee4a,DT-395,Shiva,Shiva,Labrador mix,W,2006-11-08,0.00,,019b6f8b-fc49-7104-97ca-cb9306cb830d,,,,,,,Hund,756098100348774,,2026-01-22T15:34:36.000Z,1,0,
019b6fbf-c2ba-78b4-8d0e-c02e5a1bb381,DT-351,Lylly,Lylli,Chihuahua kurzhaariger Schlag,W,2009-12-01,0.00,,019b6f8b-fc49-78a6-b9c2-4611644af0e2,,,kurzhaar,,braun mit Brand,,Hund,756097200089534,,,1,0,
019b6fbf-c2ba-78b6-86e4-d9e4048e3778,DT-393,Ilana,Ilana,Deutsche Dogge,W,2007-01-01,0.00,,019b6f8b-fc49-7104-97ca-cb9306cb830d,,,,,,,Hund,945000000640961,,2026-01-22T15:34:36.000Z,1,0,
019b6fbf-c2ba-78cd-9f1c-d2ab1eed578a,DT-361,Alina,Alina,Yorkshire Terrier x Jack Russell,W,2010-02-18,0.00,,019b6f8b-fc49-741b-9635-3517a94074a5,,,,,,,Hund,756097200135642,,2026-01-22T15:34:36.000Z,1,0,
019b6fbf-c2ba-78e0-ab74-220f8c8557e4,DT-355,Duke Kiro,Duke,Cairn Terrier,M,2013-01-23,0.00,,019b6f8b-fc49-7041-bf05-b13e32f4a05f,,,rauhaar,,weizen,,Hund,756098100615768,,,1,0,
019b6fbf-c2ba-78e9-9ebc-df3800ab97fe,DT-370,Ayana,Ayana,Australian Shepherd,W,2013-04-08,0.00,,019b6f8b-fc49-7070-aa3d-f9ac37d03f80,,,langhaar,,blue merle,,Hund,,,2026-01-22T15:34:37.000Z,1,0,
019b6fbf-c2ba-7947-92a6-fad2b3b521f6,DT-389,Sissi,Sissi,Chihuahua kurzhaariger Schlag,W,2012-12-19,0.00,,019b6f8b-fc48-7a6a-b558-fcebd79ab27a,,,kurzhaar,,beige,,Hund,756098100647355,,2026-01-22T15:34:36.000Z,1,0,
019b6fbf-c2ba-797c-9275-b634b83f972e,DT-402,Thaio,Thaio,Husky,M,2013-06-01,0.00,,019b6f8b-fc49-74bb-9a82-dcb38454094b,,,,,,,Hund,276097209063690,,2026-01-22T15:34:36.000Z,1,0,
019b6fbf-c2ba-79c3-abf5-b34e44a38d78,DT-374,Diego,Diego,Mischling,M,2010-11-01,0.00,,019b6f8b-fc43-7d1b-8a01-718c876c354f,,,halblanghaar,1,schwarz-gelb,,Hund,982000161064096,,2026-01-22T15:34:36.000Z,1,0,
019b6fbf-c2ba-7a0d-9b40-2dcc646994fe,DT-378,Pippa,Pippa,Lagotto Romagnolo,W,2013-05-05,0.00,,019b6f8b-fc49-7ecc-84f2-96ced16e30d1,,,lockig-gekraust,,braun-weiss,,Hund,380260042104911,,,1,0,
019b6fbf-c2ba-7a5a-985b-37d347988ee5,DT-265,Trixli,Trixli,Border Collie,W,,0.00,,019b6f8b-fc48-78bf-8592-81c88a51c630,,,halblanghaar,,weiss schwarz,,Hund,756097200126050,,2026-01-22T15:34:36.000Z,1,0,
019b6fbf-c2ba-7a60-a90d-feb363f90024,DT-392,Churro,Churro,Labrador,M,2013-07-01,0.00,,019b6f8b-fc49-7c88-88e9-9b2feecead6e,,,,,,,Hund,756098500076993,,,1,0,
019b6fbf-c2ba-7aa9-b69a-8a091b90b52e,DT-387,Motzi wird noch geändert,,Zwergspitz,M,2013-07-25,0.00,,019b6f8b-fc49-7105-bfa1-628896240ee8,,,langhaar,,,,Hund,,,,1,0,
019b6fbf-c2ba-7ab3-85d7-ccc22dbc4d69,DT-360,Belinha,Belinha,Chihuahua kurzhaariger Schlag,W,2012-01-10,0.00,,019b6f8b-fc49-7df0-8be0-cedc5e87c3a9,,,,,,,Hund,972274000093727,,,1,0,
019b6fbf-c2ba-7b1b-936e-6f5c55c014ea,DT-377,Amun,Amun,Appenzeller Sennenhund Mischling,M,2011-02-20,0.00,,019b6f8b-fc49-72f4-b66d-72d9b455e119,,,kurzhaar,1,braun-weiss,,Hund,756098100518778,,,1,0,
019b6fbf-c2ba-7c1e-a4fd-a28572cfbd1e,DT-382,Charlie,Charlie,Flat Coated Retriever,M,2013-06-01,0.00,,019b6f8b-fc49-7063-bc25-a6db8b80aa69,,,langhaar,,schwarz,,Hund,756098100653443,,,1,0,
019b6fbf-c2ba-7c6c-8625-22714ab5b912,DT-397,Hera,Hera,AppenzellerxEntlebucher,W,2006-08-01,0.00,,019b6f8b-fc49-7c8f-bdd3-c3f7a17034b8,,,,1,,,Hund,756098100318976,,2026-01-22T15:34:36.000Z,1,0,
019b6fbf-c2ba-7c6c-92e2-500b54130063,DT-373,Rocky,Rocky,Appenzeller x Schäfer,M,2008-07-02,0.00,,019b6f8b-fc49-7597-a875-0754cf2116fb,,,,,,,Hund,756098100412606,,,1,0,
019b6fbf-c2ba-7c98-be20-b2d184195735,DT-363,Miranda,Miranda,Papillon-Mix,W,2009-09-12,0.00,,019b6f8b-fc49-7e20-98bf-9ee950d8de41,,,,,braun-schwarz,,Hund,941000012418971,,,1,0,
019b6fbf-c2ba-7cc6-ad6e-a1c5e2f2d947,DT-369,Ayana,Ayana,Australian Shepherd,W,2013-04-08,0.00,,019b6f8b-fc49-7c3e-95d2-bef3dc1bbcef,,,langhaar,,blue merle,,Hund,,,2026-01-22T15:34:36.000Z,1,0,
019b6fbf-c2ba-7cc8-8881-b1f265d0650b,DT-356,Bandit,Bandit,Boxer,M,2012-12-25,0.00,,019b6f8b-fc49-7883-b3d1-8f7149c81482,,,kurzhaar,,Braun,,Hund,276098104415985,,,1,0,
019b6fbf-c2ba-7d69-8ded-0160ebaa31b1,DT-359,Sandy,Sandy,Yorkshire Terrier,W,2013-01-16,0.00,,019b6f8b-fc49-7259-af41-b496ed386424,,,lockig-gekraust,,,,Hund,756098100552069,,,1,0,
019b6fbf-c2ba-7ddc-a7d7-449f3670c0b5,DT-403,Frida,frida,Golden Retriever,W,2013-06-21,0.00,,019b6f8b-fc49-7f2f-9367-6db9788df401,,,langhaar,,hellbraun,,Hund,276098104690965,,2026-01-22T15:34:36.000Z,1,0,
019b6fbf-c2ba-7e12-b555-d26271451d7d,DT-354,Milka,Milka,Chihuahua kurzhaariger Schlag,W,2010-05-25,0.00,,019b6f8b-fc49-7e2c-b2bb-c0ff73f83761,,,kurzhaar,,weiss,,Hund,756097200081754,,2026-01-22T15:34:36.000Z,1,0,
019b6fbf-c2ba-7e2c-ab58-912d6157feb8,DT-379,Jabo,Jabo,Entlebucher Sennenhund,M,2012-09-17,0.00,,019b6f8b-fc49-7086-b47b-079fd0225afd,,,,,schwarz-braun-weiss,,Hund,756098100620278,,,1,0,
019b6fbf-c2ba-7e45-9564-a6fc9b1f9943,DT-46__dup2,Nino,Nino,Belgischer Schäferhund Mix,M,2012-10-23,0.00,,019b6f8b-fc48-75f9-924a-db1f37ca5727,,,kurzhaar,1,beige,,Hund,756098100593209,,,1,0,
019b6fbf-c2ba-7e6f-9119-b06abe5b6191,DT-347,Caro,Caro,Alpenländische Dachsbracke,M,2009-12-03,0.00,,019b6f8b-fc49-7309-84ec-d9eb4e46e494,,,kurzhaar,0,hirschrot,,Hund,756098100470873,,,1,0,
019b6fbf-c2ba-7e8d-96d2-478f20076e9e,DT-358,Luna,Luna,Yorkshire Terrier,W,2010-03-30,0.00,,019b6f8b-fc49-792b-ad7e-2dcfe62873a6,,,,,,,Hund,7560981001173,,,1,0,
019b6fbf-c2ba-7ea2-b8a3-ebf91921dfe0,DT-348,Rex,Rex,Jack-Russell-Terrier,M,2012-09-21,0.00,,019b6f8b-fc49-74a5-9e5a-18e492ecf551,,,kurzhaar,1,tricolor braun,,Hund,756098500071656,,,1,0,
019b6fbf-c2ba-7ee9-b595-5f17f69eab17,DT-350,Snoopy,Snoopy,Chihuahua langhaariger Schlag,M,2009-11-26,0.00,,019b6f8b-fc49-78a6-b9c2-4611644af0e2,,,langhaar,,weiss mit schwarzen Flecken,,Hund,756097200089684,,2026-01-22T15:34:36.000Z,1,0,
019b6fbf-c2ba-7f88-a833-d1474fe3396e,DT-398,Lenni,Lenni,Appenzeller/Schäfer,M,2006-08-01,0.00,,019b6f8b-fc49-7f8b-a09d-652a6922a442,,,,,,,Hund,756097200040764,,,1,0,
019b73a4-a4f2-72cc-b278-262a8f78cb0a,H-404,Enaroo,Naru,Holl. Schäferhund Kurzhaar,Rüde,,,,019b6f8b-fc43-7f7a-9a23-a31fda684482,,Ein bisschen gestört,Mittel-Kurz,0,"Schwarz,",M,züchter,,2025-12-31T09:02:08.626Z,2025-12-31T09:02:08.626Z,1,0,aktiv
019bb769-b262-74ae-8c0f-1baddf9280a3,H-405,test,test,test,Hündin,2026-01-13,,,019b6f8b-fc43-7f7a-9a23-a31fda684482,test,test,test,,test,,,,2026-01-13T12:51:56.129Z,2026-01-13T12:51:56.130Z,1,0,aktiv
019bc186-2e63-74d1-bd96-2f5ad4ac2ba2,,Akihito2,Aki2,Akita Inu,Rüde,22.07.2025,,,019bc186-2904-7b07-958c-d86e4bd60083,,,,,,,,,2026-01-15T11:59:15.043Z,2026-01-15T11:59:15.044Z,1,0,
019bc269-4cf6-789d-99e8-0b2c915ad907,,Akihito2,Aki2,Akita Inu,Rüde,22.07.2025,,,019bc269-4274-70b8-b769-ef19596d7c00,,,,,,,,,2026-01-15T16:07:19.542Z,2026-01-15T16:07:19.542Z,1,0,
019be657-de4b-7888-9edc-cfde7d4079cb,DT-404,Glam,,,M,1992-03-22,,,019b6f8b-fc4a-7461-9d24-273bd2ee40fa,,,,,,,,756097200132652,2026-01-22T15:34:36.000Z,2026-01-22T15:34:36.000Z,1,0,
019be657-de4b-731d-abbb-c6c0519a681e,DT-405,Snow,,,M,2021-10-17,,,019b6f8b-fc47-77a7-b1b7-8c04c33e5ea8,,,,,,,,620098500220049,2026-01-22T15:34:36.000Z,2026-01-22T15:34:36.000Z,1,0,
019be657-de4c-7ccd-be43-90553c9faad4,DT-406,Kimbo,,Deutscher Schäferhund,M,,,,019b6f8b-fc44-712e-bc1f-941d1ded77cb,,,,,,,,,2026-01-22T15:34:36.000Z,2026-01-22T15:34:36.000Z,1,0,
019be657-de4c-73b7-9bd7-2b0744cd2981,DT-407,Maggy,,,W,2017-03-13,,,019b6f8b-fc47-7a33-985e-cf87f96acd3a,,,,,,,,756098000010414,2026-01-22T15:34:36.000Z,2026-01-22T15:34:36.000Z,1,0,
019be657-de4c-7d11-9e80-d22ff79a24ab,DT-408,Sky,,,W,2012-01-03,,,019b6f8b-fc49-74ba-a32a-82b910b2c9f5,,,,,,,,756 098 100 519 049,2026-01-22T15:34:36.000Z,2026-01-22T15:34:36.000Z,1,0,
019be657-de4c-7401-a461-9e6abae2c0cd,DT-409,Lucky,,,M,2015-05-20,,,019b6f8b-fc4a-7385-9cf1-c2014718a1b0,,,,,,,,941000017762638,2026-01-22T15:34:36.000Z,2026-01-22T15:34:36.000Z,1,0,
019be657-de4c-771d-85be-dd350f556a02,DT-410,Ringo,,Labrador Retriever,M,2017-11-26,,,019b6f8b-fc43-79bb-a110-7aa7d5dcb5ec,,,,,,,,,2026-01-22T15:34:36.000Z,2026-01-22T15:34:36.000Z,1,0,
019be657-de4c-7001-b9a2-dd46e66a06d4,DT-411,Emely,,,W,2025-04-19,,,019b6f8b-fc47-796e-8714-05666c713c49,,,,,,,,380 260 160 800 805,2026-01-22T15:34:36.000Z,2026-01-22T15:34:36.000Z,1,0,
019be657-de4c-7338-a946-319b7f4f9da8,DT-412,Lucie,,,W,2022-08-08,,,019b6f8b-fc47-70b2-bb6b-ad34b6199fa6,,,,,,,,642099001025030,2026-01-22T15:34:36.000Z,2026-01-22T15:34:36.000Z,1,0,
019be657-de4c-78d5-8915-2bb0dc1767b7,DT-413,Devia,,,W,2010-07-23,,,019b6f8b-fc4a-7f86-81f3-a2395aa8a85d,,,,,,,,756098100476115,2026-01-22T15:34:36.000Z,2026-01-22T15:34:36.000Z,1,0,
019be657-de4c-7a89-ba4c-f545c4606c98,DT-414,Rico,,,M,2015-08-03,,,019b6f8b-fc4a-7aaf-9f53-18097b2f4620,,,,,,,,756093900028395,2026-01-22T15:34:36.000Z,2026-01-22T15:34:36.000Z,1,0,
019be657-de4c-78f0-b7ce-33061557ecb3,DT-415,Ayda,,Deutsche Dogge,W,,,,019b6f8b-fc48-7226-aff2-b22432f22218,,,,,,,,,2026-01-22T15:34:36.000Z,2026-01-22T15:34:36.000Z,1,0,
019be657-de4c-7c9c-be39-99b4a6115190,DT-416,Capo,,,M,2018-12-21,,,019b6f8b-fc44-7fdd-a7fa-76436aa5965b,,,,,,,,,2026-01-22T15:34:36.000Z,2026-01-22T15:34:36.000Z,1,0,
019be657-de4c-795a-9046-cb44cf44ad30,DT-417,Bentley,,,M,2020-05-27,,,019b6f8b-fc44-72fa-9ef9-449c07fe1681,,,,,,,,972274001301433,2026-01-22T15:34:36.000Z,2026-01-22T15:34:36.000Z,1,0,
019be657-de4c-7291-8983-1e9b53177143,DT-418,Fridolin,,Parson-Russell-Terrier,M,2016-05-13,,,019b6f8b-fc4a-7389-bce9-d6350330db55,,,,,,,,,2026-01-22T15:34:36.000Z,2026-01-22T15:34:36.000Z,1,0,
019be657-de4c-73cf-8f88-4b34099a70a2,DT-419,Albakus,,,M,2019-03-19,,,019b6f8b-fc44-7a27-959e-9b8acfbb3713,,,,,,,,276098106816512,2026-01-22T15:34:36.000Z,2026-01-22T15:34:36.000Z,1,0,
019be657-de4c-71c1-bff5-a71413d0789a,DT-420,Ayla,,,W,2021-04-19,,,019b6f8b-fc45-7a7e-9c3e-f7c3c8e156f2,,,,,,,,756098502038889,2026-01-22T15:34:36.000Z,2026-01-22T15:34:36.000Z,1,0,
019be657-de4c-7f41-a04d-5e0b4772e410,DT-421,Lex,,Labrador Retriever,M,2019-11-17,,,019b6f8b-fc44-7e11-819b-6655caf6c975,,,,,,,,,2026-01-22T15:34:36.000Z,2026-01-22T15:34:36.000Z,1,0,
019be657-de4d-725a-bac1-ea3502a9fff8,DT-422,Nio,,Mittelpudel,M,2016-12-26,,,019b6f8b-fc48-77ef-90da-be971dc04bca,,,,,,,,,2026-01-22T15:34:36.000Z,2026-01-22T15:34:36.000Z,1,0,
019be657-de4d-7f8d-b0da-67181be693f2,DT-423,Kimboo,,,M,2016-02-02,,,019b6f8b-fc4b-72eb-b45d-09aa32b709af,,,,,,,,756093900027625,2026-01-22T15:34:36.000Z,2026-01-22T15:34:36.000Z,1,0,
019be657-de4d-7618-acf4-9e27b45f4e01,DT-424,Ayko,,Altdeutscher Schäferhund,M,2024-04-16,,,019b6f8b-fc47-7879-918e-1aaf9661af5c,,,,,,,,,2026-01-22T15:34:36.000Z,2026-01-22T15:34:36.000Z,1,0,
019be657-de4d-7ec4-9919-de6c4aefe131,DT-425,Fion,,,M,2023-05-01,,,019b6f8b-fc47-76ba-935e-79f5a4092bb3,,,,,,,,642090001174652,2026-01-22T15:34:36.000Z,2026-01-22T15:34:36.000Z,1,0,
019be657-de4d-7402-8536-159b612562a3,DT-426,Neo,,,M,2021-04-01,,,019b6f8b-fc45-77fd-9e9c-c3a51ddc2c0e,,,,,,,,276097202832304,2026-01-22T15:34:36.000Z,2026-01-22T15:34:36.000Z,1,0,
019be657-de4d-72e3-a509-74b1cfdf2232,DT-427,Pirat,,Appenzeller Mix,M,,,,019b6f8b-fc4a-782f-8a9f-5b5f42384c8e,,,,,,,,,2026-01-22T15:34:36.000Z,2026-01-22T15:34:36.000Z,1,0,
019be657-de4d-7129-8c4e-56e048a2728d,DT-428,Pirat,,Appenzeller Mix,M,,,,019b6f8b-fc4a-73bc-bc08-f8ddd49bdb87,,,,,,,,,2026-01-22T15:34:36.000Z,2026-01-22T15:34:36.000Z,1,0,
019be657-de4d-7103-9232-0b481ea987f1,DT-429,Danochi,,Shiba Inu,W,2007-01-22,,,019b6f8b-fc48-7bfb-8691-05ea28bddb21,,,,,,,,,2026-01-22T15:34:36.000Z,2026-01-22T15:34:36.000Z,1,0,
019be657-de4d-7c35-a75e-b0fc630c1cb9,DT-430,Noodle,,,W,2019-10-10,,,019b6f8b-fc45-724f-9067-5a4391064a57,,,,,,,,250268723079984,2026-01-22T15:34:36.000Z,2026-01-22T15:34:36.000Z,1,0,
019be657-de4d-70d5-a799-e9e5c88dd163,DT-431,Noodle,,Mischling Griffon Fauve d,W,2019-10-10,,,019b6f8b-fc45-7e4f-b1da-8479aabad1fb,,,,,,,,,2026-01-22T15:34:36.000Z,2026-01-22T15:34:36.000Z,1,0,
019be657-de4d-79f6-9efd-08a619a7797e,DT-432,Harvey,,Beagle,M,2009-11-18,,,019b6f8b-fc48-7c3f-9651-e6b57241b794,,,,,,,,,2026-01-22T15:34:36.000Z,2026-01-22T15:34:36.000Z,1,0,
019be657-de4d-78b8-9f23-7fef0b037986,DT-433,Mirabelle,,,W,2016-06-01,,,019b6f8b-fc4b-701e-82ce-c2c14241e0da,,,,,,,,250268600089316,2026-01-22T15:34:36.000Z,2026-01-22T15:34:36.000Z,1,0,
019be657-de4d-7462-a3be-7bd1b78da5d6,DT-434,Mirabelle,,,W,2016-06-01,,,019b6f8b-fc4b-701e-82ce-c2c14241e0da,,,,,,,,756098101154762,2026-01-22T15:34:36.000Z,2026-01-22T15:34:36.000Z,1,0,
019be657-de4d-7b9e-8d84-804ec40b79d3,DT-435,Jolie,,Dackel Mischling,W,2014-01-01,,,019b6f8b-fc4b-7cc1-a10a-c9c62c9664f9,,,,,,,,,2026-01-22T15:34:36.000Z,2026-01-22T15:34:36.000Z,1,0,
019be657-de4d-7ab3-8ae6-fc6e42d65c24,DT-436,Rocky,,Nova Scotia Duck Tolling,M,2018-02-26,,,019b6f8b-fc4b-7170-8f9d-2f421731e0f4,,,,,,,,,2026-01-22T15:34:36.000Z,2026-01-22T15:34:36.000Z,1,0,
019be657-de4e-74f7-bb57-928c0fc296b4,DT-437,Wino,,Zwergschnauzer,M,2009-04-01,,,019b6f8b-fc48-7b50-b14e-d33f2abdc0ef,,,,,,,,,2026-01-22T15:34:36.000Z,2026-01-22T15:34:36.000Z,1,0,
019be657-de4e-783c-8514-cbd6abcfc0db,DT-438,Faram,,,M,2010-12-17,,,019b6f8b-fc48-7b50-b14e-d33f2abdc0ef,,,,,,,,756093400001959,2026-01-22T15:34:36.000Z,2026-01-22T15:34:36.000Z,1,0,
019be657-de4e-7c5d-991c-6c5a7faa194f,DT-439,Alex,,,M,2008-04-14,,,019b6f8b-fc4a-7d1d-bc76-246ae3bd561a,,,,,,,,941000002272887,2026-01-22T15:34:36.000Z,2026-01-22T15:34:36.000Z,1,0,
019be657-de4e-7744-bbbd-fa13297067f3,DT-440,Paula,,Dackel Mix,W,2013-08-12,,,019b6f8b-fc4a-75c6-802d-78daecf14586,,,,,,,,,2026-01-22T15:34:36.000Z,2026-01-22T15:34:36.000Z,1,0,
019be657-de4e-788b-a2fb-7c7ba1608a14,DT-441,Paddy,,,M,2013-01-01,,,019b6f8b-fc43-78de-8fdc-f55bc708d51b,,,,,,,,900085000094478,2026-01-22T15:34:36.000Z,2026-01-22T15:34:36.000Z,1,0,
019be657-de4e-7cd4-84bb-019190e4ddca,DT-442,Adonis,,,M,2023-04-01,,,019b6f8b-fc47-7d92-8786-476550b65ba6,,,,,,,,380260102507510,2026-01-22T15:34:36.000Z,2026-01-22T15:34:36.000Z,1,0,
019be657-de4e-7e70-a7d3-b420fd06af96,DT-443,Adonis,,,M,2023-04-08,,,019b6f8b-fc47-7601-8d3f-92bcd4eb6a0a,,,,,,,,380260102507510,2026-01-22T15:34:36.000Z,2026-01-22T15:34:36.000Z,1,0,
019be657-de4e-7e98-82f7-065699ca4175,DT-444,Ella,,,W,2016-04-01,,,019b6f8b-fc4b-7fef-bc8a-3ac9fe9d8965,,,,,,,,642099000539557,2026-01-22T15:34:36.000Z,2026-01-22T15:34:36.000Z,1,0,
019be657-de4e-74c5-9188-56afc64c888e,DT-445,Chucky,,,M,2023-02-13,,,019b6f8b-fc47-7db9-ba28-b3403b556ee8,,,,,,,,990000007409755,2026-01-22T15:34:36.000Z,2026-01-22T15:34:36.000Z,1,0,
019be657-de4e-7d59-a29c-d189ba082058,DT-446,Bosco,,,M,2005-01-11,,,019b6f8b-fc4a-77f7-967c-c338ffd6d004,,,,,,,,756097200026068,2026-01-22T15:34:36.000Z,2026-01-22T15:34:36.000Z,1,0,
019be657-de4e-75c4-af42-087b2b1911b4,DT-447,Darkhan,,,M,2010-10-27,,,019b6f8b-fc48-75e0-a7de-fcc68fcaebbf,,,,,,,,276 098 104 083 517,2026-01-22T15:34:36.000Z,2026-01-22T15:34:36.000Z,1,0,
019be657-de4e-78e0-8996-09eba264332d,DT-448,Snoopy,,,M,2019-10-07,,,019b6f8b-fc44-7a40-92f6-356fff4d73d1,,,,,,,,276095610391942,2026-01-22T15:34:36.000Z,2026-01-22T15:34:36.000Z,1,0,
019be657-de4e-798e-b552-7218b2b367cf,DT-449,Snoopy,,Dobermann,M,,,,019b6f8b-fc44-775c-8377-9b674fe7b697,,,,,,,,,2026-01-22T15:34:36.000Z,2026-01-22T15:34:36.000Z,1,0,
019be657-de4e-7d3b-b647-8c2b9ea13ae8,DT-450,Ahtos,,,M,2017-05-25,,,019b6f8b-fc4b-7ac2-b113-1c08a10ac589,,,,,,,,756093900032834,2026-01-22T15:34:36.000Z,2026-01-22T15:34:36.000Z,1,0,
019be657-de4e-717a-bf8d-5de40c12d99a,DT-451,Pedro,,,M,2014-01-01,,,019b6f8b-fc4a-7e42-b7de-47923b85065f,,,,,,,,900182001122444,2026-01-22T15:34:36.000Z,2026-01-22T15:34:36.000Z,1,0,
019be657-de4f-74e0-a31f-f695f8824a13,DT-452,Chilly,,,M,2024-07-22,,,019b6f8b-fc4a-7e42-b7de-47923b85065f,,,,,,,,756095310147797,2026-01-22T15:34:36.000Z,2026-01-22T15:34:36.000Z,1,0,
019be657-de4f-702a-ab5f-99343cd88b0b,DT-453,Chico,,,M,2020-06-09,,,019b6f8b-fc45-7af4-9f00-98b30381cdcf,,,,,,,,900182002133636,2026-01-22T15:34:36.000Z,2026-01-22T15:34:36.000Z,1,0,
019be657-de4f-7430-8a0c-e34121c329da,DT-454,Donna,,,W,2012-08-06,,,019b6f8b-fc4a-72a3-bd43-6c62d925b997,,,,,,,,941000014288414,2026-01-22T15:34:36.000Z,2026-01-22T15:34:36.000Z,1,0,
019be657-de4f-79a1-b4c9-ef1d1b9ab639,DT-455,Pretty,,,W,2012-08-06,,,019b6f8b-fc4a-72a3-bd43-6c62d925b997,,,,,,,,941000014288426,2026-01-22T15:34:36.000Z,2026-01-22T15:34:36.000Z,1,0,
019be657-de4f-78b1-8fef-9f7b4697e05f,DT-456,Crystel,,,W,2010-11-15,,,019b6f8b-fc48-77c6-8b5c-b1314e073409,,,,,,,,,2026-01-22T15:34:36.000Z,2026-01-22T15:34:36.000Z,1,0,
019be657-de4f-781d-952f-75665b44cce9,DT-457,Nero,,,M,2012-08-14,,,019b6f8b-fc4a-751d-8e85-7fca4079aaf4,,,,,,,,756098100609582,2026-01-22T15:34:36.000Z,2026-01-22T15:34:36.000Z,1,0,
019be657-de4f-7e4e-b1fc-bd8f5ad05acf,DT-458,Lucie,,Beagle,W,,,,019b6f8b-fc4a-73d4-b686-a0e288cad04b,,,,,,,,,2026-01-22T15:34:36.000Z,2026-01-22T15:34:36.000Z,1,0,
019be657-de4f-7f70-bd46-eacb74ad4fa7,DT-459,Lucky,,,M,2015-05-17,,,019b6f8b-fc43-71ad-9be3-a84b7a48bbd5,,,,,,,,756093900024598,2026-01-22T15:34:36.000Z,2026-01-22T15:34:36.000Z,1,0,
019be657-de4f-79ef-b8ea-aad9df92ba46,DT-460,Yeshi,,,W,2015-03-26,,,019b6f8b-fc4a-726c-9dcc-5835519859a6,,,,,,,,756096900022988,2026-01-22T15:34:36.000Z,2026-01-22T15:34:36.000Z,1,0,
019be657-de4f-7441-9890-98a2f74efe60,DT-461,Life,,,M,2023-12-02,,,019b6f8b-fc47-7510-bdec-809416c609ba,,,,,,,,642093400298916,2026-01-22T15:34:36.000Z,2026-01-22T15:34:36.000Z,1,0,
019be657-de4f-7db6-badf-7c44a5734d2a,DT-462,Chemmhuk,,Beauceron,X,2008-01-05,,,019b6f8b-fc48-7a7f-98a5-a8b53b2664d5,,,,,,,,,2026-01-22T15:34:36.000Z,2026-01-22T15:34:36.000Z,1,0,
019be657-de4f-7261-90e4-5a5b0d71ac17,DT-463,Uli,,Galgo,M,2015-03-01,,,019b6f8b-fc45-747d-a889-ae14fee7e943,,,,,,,,,2026-01-22T15:34:36.000Z,2026-01-22T15:34:36.000Z,1,0,
019be657-de4f-7099-a37b-3d62e651a681,DT-464,Bryan,,Husky,M,,,,019b6f8b-fc45-7f57-b59f-972f824191fa,,,,,,,,,2026-01-22T15:34:36.000Z,2026-01-22T15:34:36.000Z,1,0,
019be657-de4f-7906-812c-e2e0cda44555,DT-465,Manga,,Schäfer x Laufhund,W,2015-07-25,,,019b6f8b-fc47-713a-8ac8-c103816e601f,,,,,,,,,2026-01-22T15:34:36.000Z,2026-01-22T15:34:36.000Z,1,0,
019be657-de4f-7cbb-9d9f-1d08101dd82b,DT-466,Mali,,,W,2016-01-19,,,019b6f8b-fc4b-7719-98c8-32421691813a,,,,,,,,756098100752983,2026-01-22T15:34:36.000Z,2026-01-22T15:34:36.000Z,1,0,
019be657-de50-7898-a7e2-60827752b436,DT-467,Nero,,,M,2018-08-03,,,019b6f8b-fc44-7103-afad-f2717b2dc5dd,,,,,,,,756098100836054,2026-01-22T15:34:36.000Z,2026-01-22T15:34:36.000Z,1,0,
019be657-de50-7d68-8f9a-360a3dd26edf,DT-468,Lana,,Lagotto Romagnolo,W,2023-10-15,,,019b6f8b-fc47-7883-b896-a5388fd6043a,,,,,,,,,2026-01-22T15:34:36.000Z,2026-01-22T15:34:36.000Z,1,0,
019be657-de50-7a67-9229-23b77732fef5,DT-469,Bobby,,Mischling,M,2016-12-01,,,019b6f8b-fc43-751d-be5b-323484701cb6,,,,,,,,,2026-01-22T15:34:36.000Z,2026-01-22T15:34:36.000Z,1,0,
019be657-de50-71fe-a4c0-673c879c91cf,DT-470,Lana,,Lagotto Romagnolo,W,,,,019b6f8b-fc47-76c5-a4fa-74f07e003802,,,,,,,,,2026-01-22T15:34:36.000Z,2026-01-22T15:34:36.000Z,1,0,
019be657-de50-706a-aa88-a4ebbeaa93d3,DT-471,5318 Mandach,,Schweizer Schäferhund,M,,,,019b6f8b-fc44-75af-bf61-043be427abae,,,,,,,,,2026-01-22T15:34:36.000Z,2026-01-22T15:34:36.000Z,1,0,
019be657-de50-7fcc-aab3-8a849119687d,DT-472,Kira,,Mischling,W,,,,019b6f8b-fc4b-7b9b-8e80-7d14c6bb0cb6,,,,,,,,,2026-01-22T15:34:36.000Z,2026-01-22T15:34:36.000Z,1,0,
019be657-de50-75b1-87c4-fa7a9081c3ef,DT-473,Uban,,,W,2009-09-01,,,019b6f8b-fc49-7a91-9175-9c5ae0f8cac5,,,,,,,,688 035 000 007 303,2026-01-22T15:34:36.000Z,2026-01-22T15:34:36.000Z,1,0,
019be657-de50-7ea1-b35a-26e789d523de,DT-474,Chili,,,W,2020-03-25,,,019b6f8b-fc43-7d21-9c6f-4b49a14ea5e5,,,,,,,,756097201011936,2026-01-22T15:34:36.000Z,2026-01-22T15:34:36.000Z,1,0,
019be657-de50-7273-878a-0563779dfebb,DT-475,Zaro,,,M,2013-05-26,,,019b6f8b-fc4a-734c-b548-51ef3112eac1,,,,,,,,756097200192674,2026-01-22T15:34:36.000Z,2026-01-22T15:34:36.000Z,1,0,
019be657-de50-7d6f-a632-66f54ac3f7de,DT-476,Lana,,,W,2017-05-10,,,019b6f8b-fc44-709b-9e2a-d2e312b9dcca,,,,,,,,72409340000187,2026-01-22T15:34:36.000Z,2026-01-22T15:34:36.000Z,1,0,
019be657-de50-701a-9ed1-16bd2c4f6630,DT-477,Tabby,,,W,2017-05-19,,,019b6f8b-fc44-709b-9e2a-d2e312b9dcca,,,,,,,,941000023580293,2026-01-22T15:34:36.000Z,2026-01-22T15:34:36.000Z,1,0,
019be657-de50-7a04-91d1-4e724415476f,DT-478,Bryan,,,M,2011-08-23,,,019b6f8b-fc49-733e-b306-443d611bc8d1,,,,,,,,756 097 200 147 219,2026-01-22T15:34:36.000Z,2026-01-22T15:34:36.000Z,1,0,
019be657-de50-707c-9a88-9ad117aa2ef4,DT-479,Elvis,,,M,2018-03-15,,,019b6f8b-fc43-7996-b514-c051baf45fa0,,,,,,,,276090010841561,2026-01-22T15:34:36.000Z,2026-01-22T15:34:36.000Z,1,0,
019be657-de50-7417-9476-155ed13da83b,DT-480,Jacki,,,M,2010-06-20,,,019b6f8b-fc49-7459-b84a-0fe8bedcde0c,,,,,,,,276 094 100 133 694,2026-01-22T15:34:36.000Z,2026-01-22T15:34:36.000Z,1,0,
019be657-de51-78cd-a38b-a4fe855d4ef9,DT-481,Struppi,,,M,2003-08-01,,,019b6f8b-fc49-7bd5-8bdc-327c2d699c64,,,,,,,,756 098 100 180 535,2026-01-22T15:34:36.000Z,2026-01-22T15:34:36.000Z,1,0,
019be657-de51-72e5-95e7-0b61cf466a8e,DT-482,Rocco,,,X,2011-07-17,,,019b6f8b-fc49-7078-87ea-1c1dff3b7d36,,,,,,,,380 260 040 240 487,2026-01-22T15:34:36.000Z,2026-01-22T15:34:36.000Z,1,0,
019be657-de51-73a8-9fe4-cda0038ba535,DT-483,Sambo,,Labrador-Windhund-Mix,M,2016-06-01,,,019b6f8b-fc44-7f87-8063-d6caac9864c0,,,,,,,,,2026-01-22T15:34:36.000Z,2026-01-22T15:34:36.000Z,1,0,
019be657-de51-7ba9-bf25-4be42f426933,DT-484,Duke,,,M,2013-01-23,,,019b6f8b-fc49-7041-bf05-b13e32f4a05f,,,,,,,,756 098 100 615 768,2026-01-22T15:34:36.000Z,2026-01-22T15:34:36.000Z,1,0,
019be657-de51-736b-b32c-213d873ca239,DT-485,Pasha,,,M,2023-01-05,,,019b6f8b-fc44-7aa4-aebd-7b99f58db5f2,,,,,,,,276099200099125,2026-01-22T15:34:36.000Z,2026-01-22T15:34:36.000Z,1,0,
019be657-de51-739a-8c7e-09ad7173e605,DT-486,Pasha,,American Bulldog,M,,,,019b6f8b-fc44-7128-bb39-119ac469c967,,,,,,,,,2026-01-22T15:34:36.000Z,2026-01-22T15:34:36.000Z,1,0,
019be657-de51-70a3-9225-26e37f16314f,DT-487,Pasha,,American Bulldog,M,,,,019b6f8b-fc44-7745-b35d-9e70cf794108,,,,,,,,,2026-01-22T15:34:36.000Z,2026-01-22T15:34:36.000Z,1,0,
019be657-de51-7b5f-9d25-4f7ac51bad40,DT-488,Shira,,,W,2011-03-31,,,019b6f8b-fc49-75ea-8495-b854de44a5ff,,,,,,,,276098104064436,2026-01-22T15:34:36.000Z,2026-01-22T15:34:36.000Z,1,0,
019be657-de51-71f3-97d8-cb64f7d04a2f,DT-489,Pacho,,,M,2000-09-17,,,019b6f8b-fc47-7435-afe6-1fd6a5cb9c9a,,,,,,,,756097201016713,2026-01-22T15:34:36.000Z,2026-01-22T15:34:36.000Z,1,0,
019be657-de51-78f3-9302-8abcba8d95ce,DT-490,Xambo,,,M,,,,019b6f8b-fc4b-726d-9bf5-8237248bdc92,,,,,,,,756098100753893,2026-01-22T15:34:36.000Z,2026-01-22T15:34:36.000Z,1,0,
019be657-de51-7e5e-8cc0-2a19de631d08,DT-491,Bailey,,,W,2015-08-14,,,019b6f8b-fc4b-7256-bcb6-1c0f32963467,,,,,,,,756098100719745,2026-01-22T15:34:36.000Z,2026-01-22T15:34:36.000Z,1,0,
019be657-de51-7110-8f58-1b825eca9261,DT-492,Kaan,,,M,2019-05-05,,,019b6f8b-fc43-751f-a16b-d9ce5229e620,,,,,,,,070043000055163,2026-01-22T15:34:36.000Z,2026-01-22T15:34:36.000Z,1,0,
019be657-de51-7025-af52-d35414333516,DT-493,Sari,,,W,2017-07-10,,,019b6f8b-fc44-711d-aaca-15bf574127b8,,,,,,,,276094500517979,2026-01-22T15:34:36.000Z,2026-01-22T15:34:36.000Z,1,0,
019be657-de51-793d-a5e9-49b61857026f,DT-494,Abby,,,W,2021-12-20,,,019b6f8b-fc46-74fc-928e-e22ddd2376dc,,,,,,,,756095310090976,2026-01-22T15:34:36.000Z,2026-01-22T15:34:36.000Z,1,0,
019be657-de52-7dbf-b275-712afbf8bdb4,DT-495,Abby,,,W,2021-12-20,,,019b6f8b-fc45-7a1f-bc4d-0f1a46b33fa7,,,,,,,,756095310090976,2026-01-22T15:34:36.000Z,2026-01-22T15:34:36.000Z,1,0,
019be657-de52-7f0f-918a-e512b205034a,DT-496,Hugo,,,M,2024-08-17,,,019b6f8b-fc47-7992-8173-ed5c9a6d2b3f,,,,,,,,756095310180492,2026-01-22T15:34:36.000Z,2026-01-22T15:34:36.000Z,1,0,
019be657-de52-78b4-a73c-0c39717b0702,DT-497,Bruce,,,M,2022-04-09,,,019b6f8b-fc46-71e8-a0ea-f198eb6c3898,,,,,,,,937111000021608,2026-01-22T15:34:36.000Z,2026-01-22T15:34:36.000Z,1,0,
019be657-de52-734f-a016-7f6756f878af,DT-498,Essi,,West Highland White Terri,W,2005-06-16,,,019b6f8b-fc4b-7117-9791-b2c19bc33646,,,,,,,,,2026-01-22T15:34:36.000Z,2026-01-22T15:34:36.000Z,1,0,
019be657-de52-77c2-ae4c-0312f4d16df8,DT-499,Gioia,,Boxer,W,2010-05-20,,,019b6f8b-fc48-70cb-82f3-9b516d8fcb7a,,,,,,,,,2026-01-22T15:34:36.000Z,2026-01-22T15:34:36.000Z,1,0,
019be657-de52-7841-9ce7-29dd78dcf23a,DT-500,Mäxli,,,M,2022-05-01,,,019b6f8b-fc45-7ad9-8f64-4bda71f579e1,,,,,,,,756095310100633,2026-01-22T15:34:36.000Z,2026-01-22T15:34:36.000Z,1,0,
019be657-de52-7feb-bbca-52ef1fcffda1,DT-501,Nilla,,,W,1966-01-03,,,019b6f8b-fc4a-74ab-bc01-bb25394b619a,,,,,,,,756097200063997,2026-01-22T15:34:36.000Z,2026-01-22T15:34:36.000Z,1,0,
019be657-de52-77cb-ac05-d355ba515c34,DT-502,Shayna,,,W,2016-02-07,,,019b6f8b-fc4a-7364-b860-543e9653a92f,,,,,,,,756098100575532,2026-01-22T15:34:36.000Z,2026-01-22T15:34:36.000Z,1,0,
019be657-de52-722e-ba35-8d022fe0951a,DT-503,Dayna,,,W,2011-07-18,,,019b6f8b-fc47-728e-8505-37d234486078,,,,,,,,756 098 100 559 269,2026-01-22T15:34:36.000Z,2026-01-22T15:34:36.000Z,1,0,
019be657-de52-73b5-93f7-fea1fad174be,DT-504,Rex,,,M,2021-08-13,,,019b6f8b-fc45-7623-8cc7-0e7e773571d7,,,,,,,,981189900140981,2026-01-22T15:34:36.000Z,2026-01-22T15:34:36.000Z,1,0,
019be657-de52-76e5-862a-c49afcf25c7e,DT-505,Duke,,,M,2024-08-29,,,019b6f8b-fc45-7623-8cc7-0e7e773571d7,,,,,,,,756098100998998,2026-01-22T15:34:36.000Z,2026-01-22T15:34:36.000Z,1,0,
019be657-de52-7eff-a0f7-2ffffb062d42,DT-506,Nikita,,,W,2017-12-02,,,019b6f8b-fc44-71ea-b44d-8cc9c6882deb,,,,,,,,7560981100834306756,2026-01-22T15:34:36.000Z,2026-01-22T15:34:36.000Z,1,0,
019be657-de52-7fe7-b9b1-2f2c766fc3c6,DT-507,Hakim,,,M,2016-05-21,,,019b6f8b-fc4b-700c-a6b7-62247c1d9986,,,,,,,,276098007132300,2026-01-22T15:34:36.000Z,2026-01-22T15:34:36.000Z,1,0,
019be657-de52-70fd-9230-7aa3edd9070b,DT-508,Mavis,,,W,2018-05-27,,,019b6f8b-fc44-7878-841c-ba85e491eb50,,,,,,,,756098100844304,2026-01-22T15:34:36.000Z,2026-01-22T15:34:36.000Z,1,0,
019be657-de53-7eed-84e4-f12102b3ebd0,DT-509,Malo,,Beardet Colli,M,2021-05-07,,,019b6f8b-fc45-7f3e-ba4b-aa3aa1bd7bc4,,,,,,,,,2026-01-22T15:34:36.000Z,2026-01-22T15:34:36.000Z,1,0,
019be657-de53-7a85-872f-bda81e45181c,DT-510,Hoshi,,,W,2019-08-16,,,019b6f8b-fc44-7e35-901b-d3edc60bddc1,,,,,,,,616093900903400,2026-01-22T15:34:36.000Z,2026-01-22T15:34:36.000Z,1,0,
019be657-de53-7ed3-99b9-0123ca1ab21f,DT-511,Panna,,,W,2020-02-14,,,019b6f8b-fc45-7b4c-8591-df9ce1097ee7,,,,,,,,380260020190277,2026-01-22T15:34:36.000Z,2026-01-22T15:34:36.000Z,1,0,
019be657-de53-7039-9f22-5d5bd9995cb4,DT-512,Ellie,,,W,2022-03-07,,,019b6f8b-fc45-707a-9c9d-3f30a626b4b6,,,,,,,,756098100950286,2026-01-22T15:34:36.000Z,2026-01-22T15:34:36.000Z,1,0,
019be657-de53-7f6b-b2e0-0147e67b02bd,DT-513,Joya,,Lagotto Romagnolo,W,,,,019b6f8b-fc47-7a40-b359-a117f5113c01,,,,,,,,,2026-01-22T15:34:36.000Z,2026-01-22T15:34:36.000Z,1,0,
019be657-de53-7a31-9f37-84cfa3584e8d,DT-514,Joya,,,W,2023-01-26,,,019b6f8b-fc47-7e0f-8109-2635ad65b17f,,,,,,,,756098100967461,2026-01-22T15:34:36.000Z,2026-01-22T15:34:36.000Z,1,0,
019be657-de53-7ef5-9032-bfabb58b356d,DT-515,Ricotta,,Old English Bulldog,W,2016-01-17,,,019b6f8b-fc4a-7952-9450-f2cc4ce4961f,,,,,,,,,2026-01-22T15:34:36.000Z,2026-01-22T15:34:36.000Z,1,0,
019be657-de53-7cd6-8fca-0bf8bea5a27b,DT-516,Cara,,,W,2009-08-09,,,019b6f8b-fc48-794d-98a0-75c6b6282217,,,,,,,,756 097 200 185 015,2026-01-22T15:34:36.000Z,2026-01-22T15:34:36.000Z,1,0,
019be657-de53-7169-8e99-6b0ba21a1cfb,DT-517,Tulani,,Deutscher Boxer,W,2024-06-08,,,019b6f8b-fc47-7759-a475-242220e1454e,,,,,,,,,2026-01-22T15:34:36.000Z,2026-01-22T15:34:36.000Z,1,0,
019be657-de53-72cf-8572-792832bd27c0,DT-518,Kenny,,,M,2007-06-12,,,019b6f8b-fc49-7880-8c0f-734441daafef,,,,,,,,756 098 100 343 728,2026-01-22T15:34:36.000Z,2026-01-22T15:34:36.000Z,1,0,
019be657-de53-7c9d-8dfa-f57a4e039c37,DT-519,Luna,,,W,2012-05-27,,,019b6f8b-fc48-70bc-9ba1-70a045b1cef7,,,,,,,,756 093 900 000 260,2026-01-22T15:34:36.000Z,2026-01-22T15:34:36.000Z,1,0,
019be657-de53-77f6-bc50-9c37525dd24e,DT-520,Kira,,Samojede,W,2019-09-16,,,019b6f8b-fc45-76f9-8a6d-4242ea4e368f,,,,,,,,,2026-01-22T15:34:36.000Z,2026-01-22T15:34:36.000Z,1,0,
019be657-de53-7f04-8c7c-a861064d2cc0,DT-521,Shiro,,,M,2020-08-23,,,019b6f8b-fc45-7beb-ad0c-6b8d5b38634f,,,,,,,,276098800237052,2026-01-22T15:34:36.000Z,2026-01-22T15:34:36.000Z,1,0,
019be657-de54-7e3f-903f-58e8d26d9053,DT-522,Ayo,,Rhodesian Ridgeback,M,2021-08-10,,,019b6f8b-fc47-730e-9378-f88acac5ac75,,,,,,,,,2026-01-22T15:34:36.000Z,2026-01-22T15:34:36.000Z,1,0,
019be657-de54-7545-857a-a5ca4185a8fd,DT-523,Nico,,,M,2017-12-08,,,019b6f8b-fc44-7cea-9afe-0e62dac5da8b,,,,,,,,276093400769158,2026-01-22T15:34:36.000Z,2026-01-22T15:34:36.000Z,1,0,
019be657-de54-722e-a3c5-112f81af6663,DT-524,Stiki,,Sennebhund/Schäfer Mix,M,2016-12-01,,,019b6f8b-fc47-7643-894a-2763c2b5b131,,,,,,,,,2026-01-22T15:34:36.000Z,2026-01-22T15:34:36.000Z,1,0,
019be657-de54-73c8-a293-f8e62d5367a2,DT-525,Dexter,,,M,2007-09-01,,,019b6f8b-fc48-7efd-bc84-2c337710e07e,,,,,,,,756 097 200 127 163,2026-01-22T15:34:36.000Z,2026-01-22T15:34:36.000Z,1,0,
019be657-de54-7f38-bba5-6da19641e503,DT-526,Lea,,Magyar Vizsla,W,2008-06-28,,,019b6f8b-fc49-7b4f-86d8-e8b1ff605a69,,,,,,,,,2026-01-22T15:34:36.000Z,2026-01-22T15:34:36.000Z,1,0,
019be657-de54-743b-9ee1-49b7296a3017,DT-527,Rooney,,,M,2015-01-17,,,019b6f8b-fc4b-7fd9-8e91-cb800851c533,,,,,,,,900108000930434,2026-01-22T15:34:36.000Z,2026-01-22T15:34:36.000Z,1,0,
019be657-de54-7d02-b322-452bc003d91f,DT-528,Kira,,,W,2020-07-02,,,019b6f8b-fc45-769e-8c46-69b949cc57bc,,,,,,,,380260101731584,2026-01-22T15:34:36.000Z,2026-01-22T15:34:36.000Z,1,0,
019be657-de54-704a-9890-2e2262beed35,DT-529,Mako,,,M,2016-08-07,,,019b6f8b-fc46-79be-871a-80fbeddd5c94,,,,,,,,250268501114723,2026-01-22T15:34:36.000Z,2026-01-22T15:34:36.000Z,1,0,
019be657-de54-7f38-94fd-81a8d01dff27,DT-530,Fanny,,,W,2021-02-15,,,019b6f8b-fc45-702a-8146-7f7925b3c86b,,,,,,,,756097201007185,2026-01-22T15:34:36.000Z,2026-01-22T15:34:36.000Z,1,0,
019be657-de54-737c-930c-141a459e6d22,DT-531,Rubi,,,M,2022-02-15,,,019b6f8b-fc47-718a-b573-51b64a209e96,,,,,,,,756085310072620,2026-01-22T15:34:36.000Z,2026-01-22T15:34:36.000Z,1,0,
019be657-de54-7531-b5bc-08655e2844b0,DT-532,Lea,,Mischling,W,,,,019b6f8b-fc49-770c-90fd-eb8b56d2de14,,,,,,,,,2026-01-22T15:34:36.000Z,2026-01-22T15:34:36.000Z,1,0,
019be657-de54-7adf-b5ff-82509f978a5a,DT-533,Finja,,,W,2019-10-17,,,019b6f8b-fc44-7e8f-843e-92999e2ecc20,,,,,,,,756098100882592,2026-01-22T15:34:36.000Z,2026-01-22T15:34:36.000Z,1,0,
019be657-de54-7cd6-bbb4-27a275a07f46,DT-534,Pasha,,,M,2021-05-09,,,019b6f8b-fc45-78d6-a4b8-7d12aba72a4a,,,,,,,,991001004523819,2026-01-22T15:34:36.000Z,2026-01-22T15:34:36.000Z,1,0,
019be657-de55-7646-a021-20ae9193aafe,DT-535,Hanna,,,W,2013-10-20,,,019b6f8b-fc4b-781b-a007-db637b8fba4c,,,,,,,,276093400396383,2026-01-22T15:34:36.000Z,2026-01-22T15:34:36.000Z,1,0,
019be657-de55-7aa4-98fc-b6fd31312a0b,DT-536,Maddie,,,W,2008-12-18,,,019b6f8b-fc49-7de0-9f5f-e773d9c350f2,,,,,,,,400 961 001 194 77,2026-01-22T15:34:36.000Z,2026-01-22T15:34:36.000Z,1,0,
019be657-de55-7bf9-9270-05720c83f96f,DT-537,Joya,,,W,2020-11-01,,,019b6f8b-fc45-79bb-aab4-4f7606d7a458,,,,,,,,756097201017722,2026-01-22T15:34:36.000Z,2026-01-22T15:34:36.000Z,1,0,
019be657-de55-7652-b027-4258e39a7cc4,DT-538,Chipo,,,M,2012-10-01,,,019b6f8b-fc49-7cc6-b7ce-69c1125e2a2c,,,,,,,,276 098 104 583 806,2026-01-22T15:34:36.000Z,2026-01-22T15:34:36.000Z,1,0,
019be657-de55-715a-83f5-80ceaab1e26f,DT-539,Birdy,,,W,2009-11-24,,,019b6f8b-fc4a-7e87-8d65-d12c610a44ef,,,,,,,,756098100464282,2026-01-22T15:34:36.000Z,2026-01-22T15:34:36.000Z,1,0,
019be657-de55-724a-85c1-0de7a302ddf6,DT-540,Emily,,,W,2011-09-15,,,019b6f8b-fc4a-7e87-8d65-d12c610a44ef,,,,,,,,900032001246611,2026-01-22T15:34:36.000Z,2026-01-22T15:34:36.000Z,1,0,
019be657-de55-720d-9b3b-82a1fb240ade,DT-541,Lissie,,,W,2015-04-09,,,019b6f8b-fc45-7eda-8e71-a5d8d0dca09a,,,,,,,,100237000002996,2026-01-22T15:34:36.000Z,2026-01-22T15:34:36.000Z,1,0,
019be657-de55-787b-b419-ee1f6d67cd8d,DT-542,Lady,,,W,2012-03-12,,,019b6f8b-fc45-7eda-8e71-a5d8d0dca09a,,,,,,,,934000011149450,2026-01-22T15:34:36.000Z,2026-01-22T15:34:36.000Z,1,0,
019be657-de55-7575-a88f-dc7fcb84243e,DT-543,Nero,,,M,2012-08-18,,,019b6f8b-fc48-74ab-8abd-3f12ee806afb,,,,,,,,756 094 500 218 957,2026-01-22T15:34:36.000Z,2026-01-22T15:34:36.000Z,1,0,
019be657-de55-779f-b49b-9ca8de6d536d,DT-544,Waiko,,,M,2017-05-07,,,019b6f8b-fc47-7240-9d25-ffd5df3b24f7,,,,,,,,756098100812438,2026-01-22T15:34:36.000Z,2026-01-22T15:34:36.000Z,1,0,
019be657-de55-768c-97b1-9dcd547f8305,DT-545,Giotto,,Toy Pudel,M,2018-06-01,,,019b6f8b-fc44-77f6-89eb-59b838c7cdfe,,,,,,,,,2026-01-22T15:34:36.000Z,2026-01-22T15:34:36.000Z,1,0,
019be657-de55-72f6-a89e-c86f377b3a94,DT-546,Eddy,,Continental Bulldog,M,,,,019b6f8b-fc45-7d43-b018-a0488a9dddbe,,,,,,,,,2026-01-22T15:34:36.000Z,2026-01-22T15:34:36.000Z,1,0,
019be657-de55-7a92-9c31-d014ef23221a,DT-547,Bailey,,,M,2021-04-17,,,019b6f8b-fc45-7950-b7a4-6d2dcd75c61c,,,,,,,,756095310052029,2026-01-22T15:34:36.000Z,2026-01-22T15:34:36.000Z,1,0,
019be657-de56-7873-a22b-6a6190e94030,DT-548,Gianni,,,M,2008-03-27,,,019b6f8b-fc4a-73c8-9396-8a717d9e087a,,,,,,,,972274000145757,2026-01-22T15:34:36.000Z,2026-01-22T15:34:36.000Z,1,0,
019be657-de56-7186-814c-542287d95009,DT-549,Ashan,,Deutscher Schäferhund,M,,,,019b6f8b-fc48-701b-9df5-a8d503aa7801,,,,,,,,,2026-01-22T15:34:36.000Z,2026-01-22T15:34:36.000Z,1,0,
019be657-de56-7110-a09d-60ad6bb0406b,DT-550,Samba,,,W,2014-07-18,,,019b6f8b-fc49-7947-9bd6-a2bcaa39d9c3,,,,,,,,945000005030769,2026-01-22T15:34:36.000Z,2026-01-22T15:34:36.000Z,1,0,
019be657-de56-7e06-9e1f-5e06ffa02ee5,DT-551,Ruby,,,W,2014-07-18,,,019b6f8b-fc49-7947-9bd6-a2bcaa39d9c3,,,,,,,,945000005030769,2026-01-22T15:34:36.000Z,2026-01-22T15:34:36.000Z,1,0,
019be657-de56-7088-a2b3-88d7321da10f,DT-552,Fila,,,W,2016-10-31,,,019b6f8b-fc4b-78ee-8664-0367046cc478,,,,,,,,380260002462686,2026-01-22T15:34:36.000Z,2026-01-22T15:34:36.000Z,1,0,
019be657-de56-787c-839c-57f6bc39a008,DT-553,Mailo,,,M,2018-06-01,,,019b6f8b-fc4a-7d66-8cb2-01781e561ef7,,,,,,,,941000023229125,2026-01-22T15:34:36.000Z,2026-01-22T15:34:36.000Z,1,0,
019be657-de56-7012-a765-803f1d1ab18b,DT-554,Fily,,,W,2023-10-01,,,019b6f8b-fc47-7441-89b7-ac4c1da73fe7,,,,,,,,,2026-01-22T15:34:36.000Z,2026-01-22T15:34:36.000Z,1,0,
019be657-de56-72ac-90a7-3c559a51ff0f,DT-555,Lady,,Bolonka Zwetna,W,2016-06-30,,,019b6f8b-fc4b-7e5a-adc0-bb7138580975,,,,,,,,,2026-01-22T15:34:36.000Z,2026-01-22T15:34:36.000Z,1,0,
019be657-de56-7d4c-98a6-be59c3edcacd,DT-556,Benji,,Basenji,M,2015-05-29,,,019b6f8b-fc47-755b-9f5f-b5544e5e2c6a,,,,,,,,,2026-01-22T15:34:36.000Z,2026-01-22T15:34:36.000Z,1,0,
019be657-de56-7d7d-9ee4-60095b2c8791,DT-557,Marple,,,W,2008-11-08,,,019b6f8b-fc49-7bed-805d-e8911ee72921,,,,,,,,756098100447152,2026-01-22T15:34:36.000Z,2026-01-22T15:34:36.000Z,1,0,
019be657-de56-766f-a29b-d29fc95eb061,DT-558,Jabo,,,M,2012-09-17,,,019b6f8b-fc49-7086-b47b-079fd0225afd,,,,,,,,756 098 100 620 278,2026-01-22T15:34:36.000Z,2026-01-22T15:34:36.000Z,1,0,
019be657-de56-7b01-8e10-1b60874f33dd,DT-559,Joy,,West Highland White Terri,W,,,,019b6f8b-fc46-7a99-94f1-1f4cdad94e6d,,,,,,,,,2026-01-22T15:34:36.000Z,2026-01-22T15:34:36.000Z,1,0,
019be657-de57-7080-81ae-41d18efb74fb,DT-560,Finn,,,M,2022-03-29,,,019b6f8b-fc45-735f-af1f-f67f7f5f0797,,,,,,,,276098800391121,2026-01-22T15:34:36.000Z,2026-01-22T15:34:36.000Z,1,0,
019be657-de57-73f1-9dac-3fa33ad44f58,DT-561,Noxi,,,W,2021-09-19,,,019b6f8b-fc45-7852-8e86-bbe3bb5d6cae,,,,,,,,756095310070375,2026-01-22T15:34:36.000Z,2026-01-22T15:34:36.000Z,1,0,
019be657-de57-7711-952e-92b7877295a8,DT-562,Alwin,,,M,2025-03-13,,,019b6f8b-fc47-73cb-a04a-7e651669dffd,,,,,,,,276098510540646,2026-01-22T15:34:36.000Z,2026-01-22T15:34:36.000Z,1,0,
019be657-de57-7c59-bb10-35f0fbf17a7b,DT-563,Joy,,,W,2022-06-02,,,019b6f8b-fc46-757d-b799-31c6d59bdd26,,,,,,,,040098100614130,2026-01-22T15:34:36.000Z,2026-01-22T15:34:36.000Z,1,0,
019be657-de57-72e1-adc8-874741cc033c,DT-564,Stella,,Mischling / Laufhund,W,2016-12-29,,,019b6f8b-fc47-78af-811a-9e56579246cb,,,,,,,,,2026-01-22T15:34:36.000Z,2026-01-22T15:34:36.000Z,1,0,
019be657-de57-7320-83ef-577255b2721f,DT-565,Kaya,,,W,2015-12-25,,,019b6f8b-fc45-7438-80b4-cfc7d978e78f,,,,,,,,756098100659280,2026-01-22T15:34:36.000Z,2026-01-22T15:34:36.000Z,1,0,
019be657-de57-7628-9514-e6bd9a04602f,DT-566,Chilli,,Jack-Russell-Terrier,W,2020-04-14,,,019b6f8b-fc45-7178-9617-e5aa5a79b12e,,,,,,,,,2026-01-22T15:34:36.000Z,2026-01-22T15:34:36.000Z,1,0,
019be657-de57-71c1-8095-e4dc1621030a,DT-567,Indy,,Malinois,M,2019-12-15,,,019b6f8b-fc44-777a-a6bb-4fe95800f0b2,,,,,,,,,2026-01-22T15:34:36.000Z,2026-01-22T15:34:36.000Z,1,0,
019be657-de57-703f-affa-8fa7f33b6d21,DT-568,Jana,,,W,2018-11-03,,,019b6f8b-fc44-7b77-8fdf-910dd02ba309,,,,,,,,972274001221124,2026-01-22T15:34:36.000Z,2026-01-22T15:34:36.000Z,1,0,
019be657-de57-7687-a680-013b09747dd9,DT-569,Dana,,,W,2017-08-13,,,019b6f8b-fc47-76dc-9ed9-b53de5e3d271,,,,,,,,276097202597573,2026-01-22T15:34:36.000Z,2026-01-22T15:34:36.000Z,1,0,
019be657-de57-75ad-bee7-7880fd399f03,DT-570,Nala,,,W,2023-04-05,,,019b6f8b-fc47-7b8a-b1ff-52dd1ea0a1ac,,,,,,,,756098800046529,2026-01-22T15:34:36.000Z,2026-01-22T15:34:36.000Z,1,0,
019be657-de57-716e-bc13-cfc460ec67f4,DT-571,Peggy,,,W,2013-07-13,,,019b6f8b-fc49-72f1-b2b0-a01c4685f91b,,,,,,,,276094100188826,2026-01-22T15:34:36.000Z,2026-01-22T15:34:36.000Z,1,0,
019be657-de58-7125-a844-24d8ac40a00d,DT-572,Otto,,,M,2020-03-30,,,019b6f8b-fc45-7d66-aa69-e214cec8d26f,,,,,,,,756095310022659,2026-01-22T15:34:36.000Z,2026-01-22T15:34:36.000Z,1,0,
019be657-de58-7425-bc4f-158e83492710,DT-573,Sabari,,,W,2009-07-07,,,019b6f8b-fc4a-7e29-971f-c4c755e8e0e3,,,,,,,,756098100450213,2026-01-22T15:34:36.000Z,2026-01-22T15:34:36.000Z,1,0,
019be657-de58-74a1-8641-de87e5955752,DT-574,Heidi,,Jagdterrier Mix,W,2014-02-27,,,019b6f8b-fc44-7cb1-90ca-f9d059d764c3,,,,,,,,,2026-01-22T15:34:36.000Z,2026-01-22T15:34:36.000Z,1,0,
019be657-de58-7d02-bd43-276e5555d01e,DT-575,Kiwi,,,W,2020-10-04,,,019b6f8b-fc44-7ccf-8238-67fcd06e33d2,,,,,,,,276095300077364,2026-01-22T15:34:36.000Z,2026-01-22T15:34:36.000Z,1,0,
019be657-de58-79ff-b3ad-c98d4b651a57,DT-576,Amy,,,W,2022-02-03,,,019b6f8b-fc44-7ccf-8238-67fcd06e33d2,,,,,,,,276099200297807,2026-01-22T15:34:36.000Z,2026-01-22T15:34:36.000Z,1,0,
019be657-de58-732f-8629-b925dd0dc419,DT-577,Meli,,,W,2012-04-21,,,019b6f8b-fc48-7732-998b-1c45fcac13d2,,,,,,,,756 098 100 591 710,2026-01-22T15:34:36.000Z,2026-01-22T15:34:36.000Z,1,0,
019be657-de58-76e8-8473-e2ca4d4c6f36,DT-578,Marley,,Labradormischling,M,2016-01-06,,,019b6f8b-fc44-7847-9688-78e7c2db38a4,,,,,,,,,2026-01-22T15:34:36.000Z,2026-01-22T15:34:36.000Z,1,0,
019be657-de58-7e67-86bc-ab4a8e3cafe0,DT-579,Mia,,Labradormischling,W,2016-01-06,,,019b6f8b-fc44-7c6d-b8eb-96067d148ac4,,,,,,,,,2026-01-22T15:34:36.000Z,2026-01-22T15:34:36.000Z,1,0,
019be657-de58-7093-8b21-0b0c6440b0c3,DT-580,Neela,,Weimaraner,W,2021-09-19,,,019b6f8b-fc45-7096-8d52-762cd30e9c04,,,,,,,,,2026-01-22T15:34:36.000Z,2026-01-22T15:34:36.000Z,1,0,
019be657-de58-72d6-8368-294329593d7d,DT-581,Neela,,,M,2021-09-18,,,019b6f8b-fc45-7096-8d52-762cd30e9c04,,,,,,,,276094100271845,2026-01-22T15:34:36.000Z,2026-01-22T15:34:36.000Z,1,0,
019be657-de58-7ba8-8f74-38f688624424,DT-582,Vito,,American Bulldog,M,2016-07-07,,,019b6f8b-fc4a-7445-a27c-3b4453af434d,,,,,,,,,2026-01-22T15:34:36.000Z,2026-01-22T15:34:36.000Z,1,0,
019be657-de58-70fb-88e4-b5424c6c9c6d,DT-583,Josie,,Mittelpudel,W,2020-05-13,,,019b6f8b-fc45-7bc6-872d-9238527376e1,,,,,,,,,2026-01-22T15:34:36.000Z,2026-01-22T15:34:36.000Z,1,0,
019be657-de58-79cc-b7e0-6594253fad31,DT-584,Vita,,Lagotto Romagnolo,W,2015-08-31,,,019b6f8b-fc4b-7e83-b892-a61507149bbd,,,,,,,,,2026-01-22T15:34:36.000Z,2026-01-22T15:34:36.000Z,1,0,
019be657-de59-7cf5-a268-77e08a3d7efd,DT-585,Cookie,,,M,,,,019b6f8b-fc4b-78c3-affb-e7648b7dfb1e,,,,,,,,,2026-01-22T15:34:36.000Z,2026-01-22T15:34:36.000Z,1,0,
019be657-de59-7390-83d5-aa05ee7d34e5,DT-586,Fina,,Chihuahua kurzhaariger S,W,2016-03-01,,,019b6f8b-fc4b-789c-ae62-13bb540f9f2c,,,,,,,,,2026-01-22T15:34:36.000Z,2026-01-22T15:34:36.000Z,1,0,
019be657-de59-75ef-ba70-10d612efbef9,DT-587,Django,,,X,2014-03-12,,,019b6f8b-fc4a-7ea3-abc9-a46de9007aca,,,,,,,,756098100669527,2026-01-22T15:34:36.000Z,2026-01-22T15:34:36.000Z,1,0,
019be657-de59-70b6-bc89-4b62a8bc1980,DT-588,Rambo,,Jack Russell Terrier,X,2014-01-14,,,019b6f8b-fc4a-7bb2-b768-10edbd1ad7fc,,,,,,,,,2026-01-22T15:34:36.000Z,2026-01-22T15:34:36.000Z,1,0,
019be657-de59-768f-9071-d3c6b5e2c928,DT-589,Joy,,,W,2015-12-03,,,019b6f8b-fc4b-7d64-839d-0246e65cc8dc,,,,,,,,53000010265673,2026-01-22T15:34:36.000Z,2026-01-22T15:34:36.000Z,1,0,
019be657-de59-77c5-837b-8d2b19704320,DT-590,Pit,,,M,2023-10-24,,,019b6f8b-fc47-79fc-9e62-23ad5d82ca02,,,,,,,,276098108882393,2026-01-22T15:34:36.000Z,2026-01-22T15:34:36.000Z,1,0,
019be657-de59-7140-bdfb-16070917f5d5,DT-591,Marley,,,W,2012-04-29,,,019b6f8b-fc4a-7550-bd01-ff43dcc08df4,,,,,,,,276097202234191,2026-01-22T15:34:36.000Z,2026-01-22T15:34:36.000Z,1,0,
019be657-de59-753e-8b9d-6caa9fec41bf,DT-592,NULL,,,X,,,,019b6f8b-fc49-756b-9838-a6b18cfe5cb6,,,,,,,,,2026-01-22T15:34:36.000Z,2026-01-22T15:34:36.000Z,1,0,
019be657-de59-799c-91da-117e628dd773,DT-593,Dylan,,,M,2010-06-12,,,019b6f8b-fc43-7f7a-9a23-a31fda684482,,,,,,,,528140000417714,2026-01-22T15:34:36.000Z,2026-01-22T15:34:36.000Z,1,0,
019be657-de59-795d-a67e-a6e7c61dc77f,DT-594,Naroo,,,M,2024-06-06,,,019b6f8b-fc43-7f7a-9a23-a31fda684482,,,,,,,,276099200624307,2026-01-22T15:34:36.000Z,2026-01-22T15:34:36.000Z,1,0,
019be657-de59-7492-b657-48d06b430962,DT-595,Cesi,,Hovawart,M,2010-12-05,,,019b6f8b-fc48-744e-ba1d-c4c261ca0b7c,,,,,,,,,2026-01-22T15:34:36.000Z,2026-01-22T15:34:36.000Z,1,0,
019be657-de5a-7bc2-8808-3191d19900fe,DT-596,Lulu,,,W,2017-04-01,,,019b6f8b-fc47-733a-b93b-96ce01fd9e01,,,,,,,,380260002822939,2026-01-22T15:34:36.000Z,2026-01-22T15:34:36.000Z,1,0,
019be657-de5a-7555-836e-03e735515865,DT-597,Gaston,,,M,2013-11-18,,,019b6f8b-fc44-7d27-8c38-5eda2d894ef3,,,,,,,,276096901206208,2026-01-22T15:34:36.000Z,2026-01-22T15:34:36.000Z,1,0,
019be657-de5a-78b5-b3c7-449dff63ff6f,DT-598,Sade,,,W,2018-04-22,,,019b6f8b-fc44-7463-ad5a-42771ae87758,,,,,,,,276094502045158,2026-01-22T15:34:36.000Z,2026-01-22T15:34:36.000Z,1,0,
019be657-de5a-7c9d-bc88-e08530ab0450,DT-599,Sade,,Rhodesian Ridgeback,W,,,,019b6f8b-fc44-7f84-8d1a-ad74d74bfbdb,,,,,,,,,2026-01-22T15:34:36.000Z,2026-01-22T15:34:36.000Z,1,0,
019be657-de5a-7810-be10-e030c8ba80b4,DT-600,Joowie,,Weisser Schweizer Schäf,M,2021-09-27,,,019b6f8b-fc46-7d87-8cf4-c6614d5774d3,,,,,,,,,2026-01-22T15:34:36.000Z,2026-01-22T15:34:36.000Z,1,0,
019be657-de5a-7bab-95c4-3b1f84092795,DT-601,Joowie,,,M,2021-09-27,,,019b6f8b-fc46-7280-9ef9-a4dd1427b7f0,,,,,,,,756098502045555,2026-01-22T15:34:36.000Z,2026-01-22T15:34:36.000Z,1,0,
019be657-de5a-7fe2-83ee-44be23185973,DT-602,Tarra,,,W,2012-02-01,,,019b6f8b-fc49-7964-8857-3f9b5464e7c3,,,,,,,,756098100588366,2026-01-22T15:34:36.000Z,2026-01-22T15:34:36.000Z,1,0,
019be657-de5a-7d14-b3f8-767e7b41714e,DT-603,Quiero,,Flat Coated Retriever,M,,,,019b6f8b-fc43-72c7-9ce6-3de17b436193,,,,,,,,,2026-01-22T15:34:36.000Z,2026-01-22T15:34:36.000Z,1,0,
019be657-de5a-77d1-b1b0-cee70444dcd4,DT-604,Quiero,,Flat Coated Retriever,M,2016-04-28,,,019b6f8b-fc4a-726e-9249-757a30f9cc28,,,,,,,,,2026-01-22T15:34:36.000Z,2026-01-22T15:34:36.000Z,1,0,
019be657-de5a-78eb-a6e6-7edcaf062b1c,DT-605,Mylo,,,M,2021-02-07,,,019b6f8b-fc45-775b-bd08-fe3c21ff0884,,,,,,,,276098800182997,2026-01-22T15:34:36.000Z,2026-01-22T15:34:36.000Z,1,0,
019be657-de5a-7657-8ef6-a5c321ddb4ef,DT-606,Pax,,Weimaraner,M,,,,019b6f8b-fc47-7389-9714-092527dd3a09,,,,,,,,,2026-01-22T15:34:36.000Z,2026-01-22T15:34:36.000Z,1,0,
019be657-de5a-737a-9719-82b255ccaf1e,DT-607,Pax,,A,M,2023-04-14,,,019b6f8b-fc44-7d34-b665-505252c2d49e,,,,,,,,756098800052494,2026-01-22T15:34:36.000Z,2026-01-22T15:34:36.000Z,1,0,
019be657-de5b-75d6-95b0-e98f74ec564c,DT-608,Louis,,Weimaraner,M,2023-04-17,,,019b6f8b-fc45-7c83-b134-1f9f2a7788f9,,,,,,,,,2026-01-22T15:34:36.000Z,2026-01-22T15:34:36.000Z,1,0,
019be657-de5b-752c-be57-78e134d8151a,DT-609,Trafo,,,M,2013-09-26,,,019b6f8b-fc43-7c88-ba72-c96f28cd3009,,,,,,,,756098100684452,2026-01-22T15:34:36.000Z,2026-01-22T15:34:36.000Z,1,0,
019be657-de5b-7932-adb4-6d1f4f26fb19,DT-610,Emely,,,W,2025-04-19,,,019b6f8b-fc47-797f-9475-7906451acfa0,,,,,,,,380 260 160 800 805,2026-01-22T15:34:36.000Z,2026-01-22T15:34:36.000Z,1,0,
019be657-de5b-7597-9d8d-d6d48b596dc4,DT-611,Linda,,,W,2016-05-26,,,019b6f8b-fc4b-7489-b5fb-cb0a91542989,,,,,,,,756098100576453,2026-01-22T15:34:36.000Z,2026-01-22T15:34:36.000Z,1,0,
019be657-de5b-72e7-b609-4197b0b21677,DT-612,Maylo,,,W,2023-03-22,,,019b6f8b-fc46-7724-a0e4-d2c2008b25b3,,,,,,,,756097201036208,2026-01-22T15:34:36.000Z,2026-01-22T15:34:36.000Z,1,0,
019be657-de5b-7ce4-b647-c7f0e8847ccd,DT-613,Loui,,,M,2016-01-10,,,019b6f8b-fc4a-711e-bd4e-8d8e36424d87,,,,,,,,756097200062839,2026-01-22T15:34:36.000Z,2026-01-22T15:34:36.000Z,1,0,
019be657-de5b-7ce1-9b44-bf98bc5ab912,DT-614,Yogi,,Grosspudel,M,2017-11-23,,,019b6f8b-fc44-75e6-8158-92781ae902f1,,,,,,,,,2026-01-22T15:34:36.000Z,2026-01-22T15:34:36.000Z,1,0,
019be657-de5b-73e3-b9da-53205c683c33,DT-615,Blade,,ev. Appenzeller x Border,M,2011-08-05,,,019b6f8b-fc4a-7313-8ce4-bc59d8516f47,,,,,,,,,2026-01-22T15:34:36.000Z,2026-01-22T15:34:36.000Z,1,0,
019be657-de5b-7305-ae54-79ed7d908b24,DT-616,Franky,,,M,2013-05-23,,,019b6f8b-fc48-715d-aac3-709d07127991,,,,,,,,688 035 000 077 699,2026-01-22T15:34:36.000Z,2026-01-22T15:34:36.000Z,1,0,
019be657-de5b-71d6-be4e-3c03b5009713,DT-617,Aimi,,,W,2020-03-06,,,019b6f8b-fc45-7bda-b27d-73b724753d3b,,,,,,,,276094500687413,2026-01-22T15:34:36.000Z,2026-01-22T15:34:36.000Z,1,0,
019be657-de5b-71cb-9bfd-e62c065db88f,DT-618,Shiva,,,W,2014-07-24,,,019b6f8b-fc4a-7d59-b134-f0de3b3aaa75,,,,,,,,756097200179217,2026-01-22T15:34:36.000Z,2026-01-22T15:34:36.000Z,1,0,
019be657-de5b-78c7-91c8-d0b3ad130de2,DT-619,Loona,,Lagotto Romagnolo,W,2021-08-27,,,019b6f8b-fc4a-7d59-b134-f0de3b3aaa75,,,,,,,,,2026-01-22T15:34:36.000Z,2026-01-22T15:34:36.000Z,1,0,
019be657-de5c-7fb3-924d-021086078de6,DT-620,Yello,,Golden Retriever,W,2016-08-10,,,019b6f8b-fc4b-77cd-834c-84bc2455c675,,,,,,,,,2026-01-22T15:34:36.000Z,2026-01-22T15:34:36.000Z,1,0,
019be657-de5c-7030-a790-7615d57e8638,DT-621,Idefix,,,M,2025-01-30,,,019b6f8b-fc49-7104-97ca-cb9306cb830d,,,,,,,,756098502082804,2026-01-22T15:34:36.000Z,2026-01-22T15:34:36.000Z,1,0,
019be657-de5c-718f-81eb-aa94a40ca34c,DT-622,Aijkira,,,W,2012-05-07,,,019b6f8b-fc48-7d00-b0ef-2d78663d1705,,,,,,,,756 095 200 101 436,2026-01-22T15:34:36.000Z,2026-01-22T15:34:36.000Z,1,0,
019be657-de5c-729d-a6e1-7cbf82d38135,DT-623,Coco Channel,,Chihuahua,W,2014-01-14,,,019b6f8b-fc4a-7898-a60a-0feaa965bd53,,,,,,,,,2026-01-22T15:34:36.000Z,2026-01-22T15:34:36.000Z,1,0,
019be657-de5c-7206-bca1-216493e36e69,DT-624,Shila,,,W,2008-04-02,,,019b6f8b-fc48-73a3-89c8-69ccf9cdabe3,,,,,,,,939 000 010 038 363,2026-01-22T15:34:36.000Z,2026-01-22T15:34:36.000Z,1,0,
019be657-de5c-7a87-a3f3-9ccb826b9a37,DT-625,Kaike,,,W,2024-03-18,,,019b6f8b-fc47-76ba-9f35-5d05a3a2b21d,,,,,,,,276093400901000,2026-01-22T15:34:36.000Z,2026-01-22T15:34:36.000Z,1,0,
019be657-de5c-7914-b6eb-d28b498d2575,DT-626,Fiete,,,M,2020-09-25,,,019b6f8b-fc47-76ba-9f35-5d05a3a2b21d,,,,,,,,941000025998862,2026-01-22T15:34:36.000Z,2026-01-22T15:34:36.000Z,1,0,
019be657-de5c-7415-a537-c1397ae6481a,DT-627,Sissy,,Old Englisch Bulldog,W,2017-09-14,,,019b6f8b-fc48-7d13-985b-90f2bc0a8446,,,,,,,,,2026-01-22T15:34:36.000Z,2026-01-22T15:34:36.000Z,1,0,
019be657-de5c-7bfa-bec9-b30ee073f4ab,DT-628,Daisy,,,W,2010-03-16,,,019b6f8b-fc48-7d13-985b-90f2bc0a8446,,,,,,,,,2026-01-22T15:34:36.000Z,2026-01-22T15:34:36.000Z,1,0,
019be657-de5c-7ec0-b7dd-d5c512e9cc8e,DT-629,Nelson,,Lagotto Romagnolo,M,2022-01-03,,,019b6f8b-fc45-706c-a025-4b4a320e4295,,,,,,,,,2026-01-22T15:34:36.000Z,2026-01-22T15:34:36.000Z,1,0,
019be657-de5d-7d5a-bf29-45c497773bc6,DT-630,Zirrus,,,M,2017-07-06,,,019b6f8b-fc47-70ad-a4da-5a8c83e5f7f3,,,,,,,,276094501109757,2026-01-22T15:34:36.000Z,2026-01-22T15:34:36.000Z,1,0,
019be657-de5d-7615-92b7-fde0d7e9fb9f,DT-631,Jarrah,,,W,2019-12-14,,,019b6f8b-fc43-72aa-8a02-8e36ef1a4be6,,,,,,,,756097201012675,2026-01-22T15:34:36.000Z,2026-01-22T15:34:36.000Z,1,0,
019be657-de5d-74a8-a13e-5cfe487414a0,DT-632,Obiwan,,,M,2021-11-05,,,019b6f8b-fc45-7b5b-a464-ca09e9f1f90b,,,,,,,,756095310089088,2026-01-22T15:34:36.000Z,2026-01-22T15:34:36.000Z,1,0,
019be657-de5d-7029-b7bf-9a0ed34232c7,DT-633,Luna,,,W,2001-05-16,,,019b6f8b-fc49-731d-ab05-95b2f5c6cee2,,,,,,,,756 097 200 029 844,2026-01-22T15:34:36.000Z,2026-01-22T15:34:36.000Z,1,0,
019be657-de5d-7fca-b5a9-33751580c560,DT-634,Akay,,,M,2013-03-31,,,019b6f8b-fc4a-7e07-a296-ce513b087a38,,,,,,,,276098200049795,2026-01-22T15:34:36.000Z,2026-01-22T15:34:36.000Z,1,0,
019be657-de5d-7f79-baeb-051cea84061f,DT-635,Eddy,,,M,2020-01-02,,,019b6f8b-fc45-7b92-9d7f-c5e73112a69b,,,,,,,,756097201010379,2026-01-22T15:34:36.000Z,2026-01-22T15:34:36.000Z,1,0,
019be657-de5d-7a41-b84d-e0c07754e119,DT-636,Joy,,Hovawart,W,2006-04-01,,,019b6f8b-fc4a-7e11-aff3-524e617c5dc3,,,,,,,,,2026-01-22T15:34:36.000Z,2026-01-22T15:34:36.000Z,1,0,
019be657-de5d-7066-854a-540ca99a924d,DT-637,Bailey,,,W,2015-08-14,,,019b6f8b-fc4b-7a89-a2ad-f2430673ee4e,,,,,,,,756098100719745,2026-01-22T15:34:36.000Z,2026-01-22T15:34:36.000Z,1,0,
019be657-de5d-7bcb-ac1d-f49983862447,DT-638,Arko,,,M,2012-05-17,,,019b6f8b-fc48-75c0-9279-d68601d35cb1,,,,,,,,0400 981 003 561 63,2026-01-22T15:34:36.000Z,2026-01-22T15:34:36.000Z,1,0,
019be657-de5d-7a88-8ff2-299277ca1066,DT-639,Chiva,,,W,2015-02-17,,,019b6f8b-fc4b-7cb0-86ee-a7be71ce1799,,,,,,,,756098100713293,2026-01-22T15:34:36.000Z,2026-01-22T15:34:36.000Z,1,0,
019be657-de5d-7f5d-8982-7f765adb2150,DT-640,Mira,,Leonberger,W,2019-05-31,,,019b6f8b-fc44-7c08-9f43-eece76f84553,,,,,,,,,2026-01-22T15:34:36.000Z,2026-01-22T15:34:36.000Z,1,0,
019be657-de5e-71d7-a23f-214fbdee8451,DT-641,Arya,,Jagdhund Mix,W,2012-08-01,,,019b6f8b-fc4a-756f-b164-14947d8c04f2,,,,,,,,,2026-01-22T15:34:36.000Z,2026-01-22T15:34:36.000Z,1,0,
019be657-de5e-783f-94ea-47ecf3febca8,DT-642,Arya,,Jagdhund-Mix,W,2012-08-01,,,019b6f8b-fc4a-7798-bfe9-0b4885e14775,,,,,,,,,2026-01-22T15:34:36.000Z,2026-01-22T15:34:36.000Z,1,0,
019be657-de5e-7070-b6e6-719749a1aa53,DT-643,Sidney,,Chihuahua kurzhaariger S,W,,,,019b6f8b-fc49-7481-937e-4554c355317c,,,,,,,,,2026-01-22T15:34:36.000Z,2026-01-22T15:34:36.000Z,1,0,
019be657-de5e-744e-87a3-1f33e60f5502,DT-644,Sydney,,Chihuahua,W,,,,019b6f8b-fc49-7481-937e-4554c355317c,,,,,,,,,2026-01-22T15:34:36.000Z,2026-01-22T15:34:36.000Z,1,0,
019be657-de5e-78aa-b71c-130dcf2e5057,DT-645,Luna,,,W,2020-11-21,,,019b6f8b-fc45-71fe-9fdf-9738ac6041a5,,,,,,,,756098100922440,2026-01-22T15:34:36.000Z,2026-01-22T15:34:36.000Z,1,0,
019be657-de5e-7e56-bff4-bcc61bf0abb7,DT-646,Largo,,,M,2022-06-30,,,019b6f8b-fc46-7778-bbd4-021d1de878e9,,,,,,,,756095310101958,2026-01-22T15:34:36.000Z,2026-01-22T15:34:36.000Z,1,0,
019be657-de5e-70f9-af6c-4d2ce99f05d6,DT-647,Benji,,,M,,,,019b6f8b-fc46-7887-9e49-c50ee3b4ef10,,,,,,,,756098100954349,2026-01-22T15:34:36.000Z,2026-01-22T15:34:36.000Z,1,0,
019be657-de5e-7c28-89f4-eefd1768de0d,DT-648,Samu,,,M,2019-09-01,,,019b6f8b-fc44-7a67-ac33-9195b6911545,,,,,,,,900182001793096,2026-01-22T15:34:36.000Z,2026-01-22T15:34:36.000Z,1,0,
019be657-de5e-7b84-9442-6f1993e7c244,DT-649,Pacy,,,W,2016-10-29,,,019b6f8b-fc4b-72d8-9f83-51cda6a20398,,,,,,,,756095200194463,2026-01-22T15:34:36.000Z,2026-01-22T15:34:36.000Z,1,0,
019be657-de5e-7dfb-9ea9-fd055a0c5620,DT-650,Maisha,,,W,2022-06-14,,,019b6f8b-fc47-7d60-b5ee-a7a3c8c7b29f,,,,,,,,276095610992209,2026-01-22T15:34:36.000Z,2026-01-22T15:34:36.000Z,1,0,
019be657-de5e-7721-bbbf-8035a7c0736b,DT-651,Murphy,,,M,2021-06-27,,,019b6f8b-fc45-78b0-92fa-f4bfce8caa0f,,,,,,,,620098201301544,2026-01-22T15:34:36.000Z,2026-01-22T15:34:36.000Z,1,0,
019be657-de5f-7ad4-8281-03e852fdb0ba,DT-652,Sirius,,,M,2017-02-20,,,019b6f8b-fc44-74d5-a256-90ce064a65b9,,,,,,,,620098201091148,2026-01-22T15:34:36.000Z,2026-01-22T15:34:36.000Z,1,0,
019be657-de5f-77f8-9395-6b634ab938c9,DT-653,Käthe,,,W,2013-02-02,,,019b6f8b-fc49-7f2f-9367-6db9788df401,,,,,,,,276098104564270,2026-01-22T15:34:36.000Z,2026-01-22T15:34:36.000Z,1,0,
019be657-de5f-7483-a622-9c6dcd1222c1,DT-654,Käthe,,,W,2013-02-02,,,019b6f8b-fc49-7f2f-9367-6db9788df401,,,,,,,,276098104564270,2026-01-22T15:34:36.000Z,2026-01-22T15:34:36.000Z,1,0,
019be657-de5f-78c6-9bfe-bcbaaaca5a79,DT-655,Abilou,,Deutscher Boxer,W,2017-10-03,,,019b6f8b-fc47-7887-a1d1-bd89f1fc751b,,,,,,,,,2026-01-22T15:34:36.000Z,2026-01-22T15:34:36.000Z,1,0,
019be657-de5f-7edd-b26c-e5e09f61ee5d,DT-656,Akim,,,M,2018-03-24,,,019b6f8b-fc47-78d0-afad-0de23b7d3c93,,,,,,,,276095610371923,2026-01-22T15:34:36.000Z,2026-01-22T15:34:36.000Z,1,0,
019be657-de5f-70bc-ab6f-1da1ce322772,DT-657,Duca,,,M,2012-02-01,,,019b6f8b-fc4a-7404-8bc3-170742c57834,,,,,,,,756098100549639,2026-01-22T15:34:36.000Z,2026-01-22T15:34:36.000Z,1,0,
019be657-de5f-756a-b958-9c9bf3383ede,DT-658,Faro,,,M,2012-03-15,,,019b6f8b-fc4b-7932-921d-6853c681bd79,,,,,,,,756097200181006,2026-01-22T15:34:36.000Z,2026-01-22T15:34:36.000Z,1,0,
019be657-de5f-74ea-8007-789cf1489579,DT-659,Carlos,,,M,2022-01-25,,,019b6f8b-fc45-7c4b-a109-90aa13336627,,,,,,,,990000006288376,2026-01-22T15:34:36.000Z,2026-01-22T15:34:36.000Z,1,0,
019be657-de5f-7bd2-bffa-59e4c28bc8bd,DT-660,Suka,,Samojede,W,2013-01-11,,,019b6f8b-fc4b-7954-aeaf-fd5ced0ffd81,,,,,,,,,2026-01-22T15:34:36.000Z,2026-01-22T15:34:36.000Z,1,0,
019be657-de5f-7c36-bab4-3c55926a4a7d,DT-661,Kayro,,Boxer,M,2019-06-28,,,019b6f8b-fc44-71e4-9007-9e284a6b593d,,,,,,,,,2026-01-22T15:34:36.000Z,2026-01-22T15:34:36.000Z,1,0,
019be657-de5f-7516-bd09-70873aef26fc,DT-662,Zeus,,,M,2016-07-23,,,019b6f8b-fc4b-742d-aff2-20c93946b7b9,,,,,,,,756098100755920,2026-01-22T15:34:36.000Z,2026-01-22T15:34:36.000Z,1,0,
019be657-de60-7cce-8d4a-d219ab034f3e,DT-663,Teo,,,M,2015-02-25,,,019b6f8b-fc44-7144-af37-acd3b6260b4d,,,,,,,,642164000003062,2026-01-22T15:34:36.000Z,2026-01-22T15:34:36.000Z,1,0,
019be657-de60-713a-8771-7721f06a1418,DT-664,Wegas,,Boxer,W,2010-05-09,,,019b6f8b-fc43-7e79-b40d-2584f96a1622,,,,,,,,,2026-01-22T15:34:36.000Z,2026-01-22T15:34:36.000Z,1,0,
019be657-de60-71f7-95aa-5bb5524b536b,DT-665,Mara,,,W,2017-03-05,,,019b6f8b-fc44-70fa-8882-cf79790f9cbc,,,,,,,,953000010295710,2026-01-22T15:34:36.000Z,2026-01-22T15:34:36.000Z,1,0,
019be657-de60-7c6c-8f77-35456810cb38,DT-666,Pepino,,,M,2023-04-30,,,019b6f8b-fc47-7c54-88ed-51189622046d,,,,,,,,756093400011069,2026-01-22T15:34:36.000Z,2026-01-22T15:34:36.000Z,1,0,
019be657-de60-709f-a413-d2ef3c064c5b,DT-667,Chica,,,W,2021-11-19,,,019b6f8b-fc45-7b43-988e-bd0bf392a428,,,,,,,,756098502055441,2026-01-22T15:34:36.000Z,2026-01-22T15:34:36.000Z,1,0,
019be657-de60-703f-9294-ff06ee618aab,DT-668,Kimo,,,M,2020-01-23,,,019b6f8b-fc44-7b65-a542-2dcba0435692,,,,,,,,756098100840134,2026-01-22T15:34:36.000Z,2026-01-22T15:34:36.000Z,1,0,
019be657-de60-7d46-a595-c1467e97720a,DT-669,Kira,,Weiherhof,W,2006-05-08,,,019b6f8b-fc48-7e11-aa66-8b8477f05d1e,,,,,,,,756 097 200 036 967,2026-01-22T15:34:36.000Z,2026-01-22T15:34:36.000Z,1,0,
019be657-de60-7aee-933f-3a6f6990e6ab,DT-670,Mila,,Weierhof,W,2019-11-17,,,019b6f8b-fc44-76d5-92a9-dde9e6f68b5f,,,,,,,,756093900069595,2026-01-22T15:34:36.000Z,2026-01-22T15:34:36.000Z,1,0,
019be657-de60-7671-afa1-997ba8701647,DT-671,Geordy,,,M,2012-07-10,,,019b6f8b-fc48-73f1-8e2e-801ebe2d9afd,,,,,,,,276 098 104 485 890,2026-01-22T15:34:36.000Z,2026-01-22T15:34:36.000Z,1,0,
019be657-de60-7ed1-96c6-4568415d7c69,DT-672,Ty,,,M,2014-05-08,,,019b6f8b-fc49-77dc-999e-7b2ede59834d,,,,,,,,756096900023639,2026-01-22T15:34:36.000Z,2026-01-22T15:34:36.000Z,1,0,
019be657-de60-70d9-8ff5-88455972f6fb,DT-673,Ronny,,,M,2016-03-15,,,019b6f8b-fc4b-78f7-9ccc-8d4a4f71e4b3,,,,,,,,380260042330561,2026-01-22T15:34:36.000Z,2026-01-22T15:34:36.000Z,1,0,
019be657-de61-71ac-9751-217831d3a1d2,DT-674,Laura,,Labrador x Yorkshire Terri,W,2017-06-06,,,019b6f8b-fc4b-78f7-9ccc-8d4a4f71e4b3,,,,,,,,,2026-01-22T15:34:36.000Z,2026-01-22T15:34:36.000Z,1,0,
019be657-de61-7d24-9ce0-b9d98ca71781,DT-675,Ronny,,,M,2016-03-15,,,019b6f8b-fc4b-7515-a820-bd03d1c8831e,,,,,,,,380260042330561,2026-01-22T15:34:36.000Z,2026-01-22T15:34:36.000Z,1,0,
019be657-de61-7d33-a8b1-1a6429bc46ed,DT-676,Nash,,,M,2017-03-01,,,019b6f8b-fc43-73ef-b79d-ed99157a3303,,,,,,,,380260043212665,2026-01-22T15:34:36.000Z,2026-01-22T15:34:36.000Z,1,0,
019be657-de61-73ca-ae14-3ee12d558196,DT-677,Amy,,,W,2016-02-01,,,019b6f8b-fc4b-7bd6-b1e8-03849d7b944d,,,,,,,,756098100697679,2026-01-22T15:34:36.000Z,2026-01-22T15:34:36.000Z,1,0,
019be657-de61-7eaf-8ead-6286cd0fd20e,DT-678,Unia,,Deutscher Schäferhund,W,,,,019b6f8b-fc4b-7bd6-b1e8-03849d7b944d,,,,,,,,,2026-01-22T15:34:36.000Z,2026-01-22T15:34:36.000Z,1,0,
019be657-de61-7e0a-908b-4d0b8dc409a9,DT-679,Nesma,,,W,2016-12-12,,,019b6f8b-fc43-76f7-af2e-31cfeb176936,,,,,,,,932002000516412,2026-01-22T15:34:36.000Z,2026-01-22T15:34:36.000Z,1,0,
019be657-de61-7de8-9545-f57d6cdbccc2,DT-680,Lexi,,,W,2021-09-18,,,019b6f8b-fc43-76f7-af2e-31cfeb176936,,,,,,,,276098108455534,2026-01-22T15:34:36.000Z,2026-01-22T15:34:36.000Z,1,0,
019be657-de61-7c61-9a5f-eee8ceb3306c,DT-681,Jule,,,M,2018-12-23,,,019b6f8b-fc45-7bd6-bf41-8f148a1da7e5,,,,,,,,380260101217668,2026-01-22T15:34:36.000Z,2026-01-22T15:34:36.000Z,1,0,
019be657-de61-7b9c-b3a1-c23ade65eb42,DT-682,Mcqueen,,,M,2012-08-01,,,019b6f8b-fc49-73be-a6e8-1387181340eb,,,,,,,,900026000111937,2026-01-22T15:34:36.000Z,2026-01-22T15:34:36.000Z,1,0,
019be657-de61-75a3-b1d4-a4355373010f,DT-683,Jessy,,,W,2010-11-09,,,019b6f8b-fc4a-7a7e-8b9a-108fa6e71d27,,,,,,,,756097200076932,2026-01-22T15:34:36.000Z,2026-01-22T15:34:36.000Z,1,0,
019be657-de62-788e-bf2e-391e7dec2bc6,DT-684,Milo,,,M,,,,019b6f8b-fc4b-70d7-9314-af488714e272,,,,,,,,756097200071090,2026-01-22T15:34:36.000Z,2026-01-22T15:34:36.000Z,1,0,
019be657-de62-7b0a-9714-c05e43fec67c,DT-685,Fuego,,,M,2012-10-30,,,019b6f8b-fc43-7576-ae95-cb6451ec1996,,,,,,,,941000015237559,2026-01-22T15:34:36.000Z,2026-01-22T15:34:36.000Z,1,0,
019be657-de62-7b17-906d-a55b4e3d1ac9,DT-686,Carino,,,M,2018-07-01,,,019b6f8b-fc43-7576-ae95-cb6451ec1996,,,,,,,,941000025448278,2026-01-22T15:34:36.000Z,2026-01-22T15:34:36.000Z,1,0,
019be657-de62-7d6d-944c-0a0be0df17cc,DT-687,Basco,,,M,2021-03-20,,,019b6f8b-fc45-7d93-82fd-26ce46f08c5d,,,,,,,,756097201008701,2026-01-22T15:34:36.000Z,2026-01-22T15:34:36.000Z,1,0,
019be657-de62-76e9-a5be-6e6f538865f3,DT-688,Basco,,Labrador x Golden x Berg,M,,,,019b6f8b-fc45-7d93-82fd-26ce46f08c5d,,,,,,,,,2026-01-22T15:34:36.000Z,2026-01-22T15:34:36.000Z,1,0,
019be657-de62-729d-a0e9-df1c9fec4ac6,DT-689,Mia,,Mischling,W,,,,019b6f8b-fc47-724a-9701-229af44cca45,,,,,,,,,2026-01-22T15:34:36.000Z,2026-01-22T15:34:36.000Z,1,0,
019be657-de62-788a-ac10-981dc4cef065,DT-690,Basco,,Labrador x Golden x Berg,M,,,,019b6f8b-fc47-724a-9701-229af44cca45,,,,,,,,,2026-01-22T15:34:36.000Z,2026-01-22T15:34:36.000Z,1,0,
019be657-de62-72d6-8eb3-e3cb3f7b97f4,DT-691,dgg,,Beauceron,W,2025-05-05,,,019b6f8b-fc47-725d-a682-b2cf05779ab3,,,,,,,,,2026-01-22T15:34:36.000Z,2026-01-22T15:34:36.000Z,1,0,
019be657-de62-7865-8b84-47b1103e48f6,DT-692,Pallas,,Deutscher Schäferhund,M,2016-12-25,,,019b6f8b-fc47-7ad8-a37e-d86797f77669,,,,,,,,,2026-01-22T15:34:36.000Z,2026-01-22T15:34:36.000Z,1,0,
019be657-de62-7775-85ed-8dd490ab104d,DT-693,Shaia,,Labrador Retriever Mix,W,2010-01-01,,,019b6f8b-fc47-720f-8dcf-52970d17ed4b,,,,,,,,,2026-01-22T15:34:36.000Z,2026-01-22T15:34:36.000Z,1,0,
019be657-de62-700d-ae30-d4b475619bb3,DT-694,Loui,,,M,2017-10-05,,,019b6f8b-fc4b-704c-86b6-24b5c9717243,,,,,,,,756097202028586,2026-01-22T15:34:36.000Z,2026-01-22T15:34:36.000Z,1,0,
019be657-de63-70f6-9526-b9d210737bcf,DT-695,Trawy,,Schäfer Mix,M,2012-11-01,,,019b6f8b-fc4a-77a0-a732-89b0372fbd4a,,,,,,,,,2026-01-22T15:34:36.000Z,2026-01-22T15:34:36.000Z,1,0,
019be657-de63-7dbf-b7c6-cc1ee75fa2ff,DT-696,Bangaro,,,M,2020-07-08,,,019b6f8b-fc45-73d3-9e14-2e57df7e91aa,,,,,,,,756095310036806,2026-01-22T15:34:36.000Z,2026-01-22T15:34:36.000Z,1,0,
019be657-de63-7617-a7d6-706da7725b3d,DT-697,Joy,,,W,2013-11-20,,,019b6f8b-fc4b-7818-ada8-b65e261411cc,,,,,,,,756093900004717,2026-01-22T15:34:36.000Z,2026-01-22T15:34:36.000Z,1,0,
019be657-de63-79a7-8400-6cda905defd6,DT-698,Daddy,,,M,2021-09-16,,,019b6f8b-fc45-74c8-814d-a410a12ad9cb,,,,,,,,276098800241774,2026-01-22T15:34:36.000Z,2026-01-22T15:34:36.000Z,1,0,
019be657-de63-718c-a958-9c5ae28b42a5,DT-699,Uno,,,M,2024-02-01,,,019b6f8b-fc47-7b07-b511-33833af536ee,,,,,,,,756095310150547,2026-01-22T15:34:36.000Z,2026-01-22T15:34:36.000Z,1,0,
019be657-de63-7eed-86e3-28b670ff146c,DT-700,Luigi,,,M,2021-06-29,,,019b6f8b-fc45-7884-8375-0bbec6934043,,,,,,,,756098100938539,2026-01-22T15:34:36.000Z,2026-01-22T15:34:36.000Z,1,0,
019be657-de63-705b-8bf3-67c2a12c1c5f,DT-701,Samy,,,M,2021-06-26,,,019b6f8b-fc45-722b-a47b-ee4b0d2fee1d,,,,,,,,756095310077166,2026-01-22T15:34:36.000Z,2026-01-22T15:34:36.000Z,1,0,
019be657-de63-7a3f-8b49-8394cbbe7639,DT-702,Yves,,Deutscher Schäferhund,M,,,,019b6f8b-fc43-7b82-9b15-ec871d728b9b,,,,,,,,,2026-01-22T15:34:36.000Z,2026-01-22T15:34:36.000Z,1,0,
019be657-de63-742e-a187-c228a078c722,DT-703,Xyleen,,Deutscher Langhaar Schä,W,2013-11-01,,,019b6f8b-fc43-7b82-9b15-ec871d728b9b,,,,,,,,,2026-01-22T15:34:36.000Z,2026-01-22T15:34:36.000Z,1,0,
019be657-de63-7368-b1ab-e081987cb3c6,DT-704,Lexy,,,W,2014-05-26,,,019b6f8b-fc4a-7627-acf2-86264676881d,,,,,,,,941000016439569,2026-01-22T15:34:36.000Z,2026-01-22T15:34:36.000Z,1,0,
019be657-de63-754d-86f8-d81d3c331029,DT-705,Shira,,,W,2015-08-21,,,019b6f8b-fc4a-775d-9e71-082f1f97088a,,,,,,,,756096900025928,2026-01-22T15:34:36.000Z,2026-01-22T15:34:36.000Z,1,0,
019be657-de64-72f9-a42e-db9d0cdb850a,DT-706,Motzi wird noch geaender,,Zwergspitz,M,2013-07-25,,,019b6f8b-fc49-7105-bfa1-628896240ee8,,,,,,,,,2026-01-22T15:34:36.000Z,2026-01-22T15:34:36.000Z,1,0,
019be657-de64-776a-b784-b9826481199f,DT-707,Lussy,,,W,2012-09-22,,,019b6f8b-fc48-7a6a-b558-fcebd79ab27a,,,,,,,,276094180116769,2026-01-22T15:34:36.000Z,2026-01-22T15:34:36.000Z,1,0,
019be657-de64-7c1a-87c6-c97ebde6b1fd,DT-708,Quesneé,,,W,2015-11-21,,,019b6f8b-fc4b-77f8-a63a-eef728385a55,,,,,,,,756097202003341,2026-01-22T15:34:36.000Z,2026-01-22T15:34:36.000Z,1,0,
019be657-de64-79e5-a59c-627743f01f4b,DT-709,Kimaro,,,M,2014-09-20,,,019b6f8b-fc43-75d9-be30-a5665ddb4d10,,,,,,,,756097200100291,2026-01-22T15:34:36.000Z,2026-01-22T15:34:36.000Z,1,0,
019be657-de64-7d08-af47-4b3783f4c9a1,DT-710,Merino,,,M,2019-02-20,,,019b6f8b-fc43-75d9-be30-a5665ddb4d10,,,,,,,,756098500083350,2026-01-22T15:34:36.000Z,2026-01-22T15:34:36.000Z,1,0,
019be657-de64-74ab-a2bf-1268b487fc2c,DT-711,Kimaro,,,M,2014-09-20,,,019b6f8b-fc43-7f03-9f19-c68734db37d7,,,,,,,,756097200100291,2026-01-22T15:34:36.000Z,2026-01-22T15:34:36.000Z,1,0,
019be657-de64-78e6-b9df-979ae0662bef,DT-712,Merino,,Lagotto Romagnolo,M,,,,019b6f8b-fc43-7f03-9f19-c68734db37d7,,,,,,,,,2026-01-22T15:34:36.000Z,2026-01-22T15:34:36.000Z,1,0,
019be657-de64-7cda-945f-82e4eb73008d,DT-713,Mojito,,Gos d‘Atura Català,M,2021-02-05,,,019b6f8b-fc45-751b-9c2a-dfd9c41c5a06,,,,,,,,,2026-01-22T15:34:36.000Z,2026-01-22T15:34:36.000Z,1,0,
019be657-de64-78de-be60-aaa984b3d0d1,DT-714,Caleya,,,W,2015-11-09,,,019b6f8b-fc4a-7ec6-9644-ab2ba9748249,,,,,,,,756098100743211,2026-01-22T15:34:36.000Z,2026-01-22T15:34:36.000Z,1,0,
019be657-de64-7f9c-9ee6-188e39d2858c,DT-715,Pinot,,,M,2023-01-25,,,019b6f8b-fc47-7690-a74f-81ee20e486df,,,,,,,,756098100968706,2026-01-22T15:34:36.000Z,2026-01-22T15:34:36.000Z,1,0,
019be657-de65-782b-88e8-4a78dc76325b,DT-716,Akiro,,"Sommerhaldenstrasse,",M,2022-04-20,,,019b6f8b-fc46-7796-9a0b-1f7f2f214b82,,,,,,,,756095310091209,2026-01-22T15:34:36.000Z,2026-01-22T15:34:36.000Z,1,0,
019be657-de65-7f29-bcbf-64ef254aa3ea,DT-717,Notz,,,W,2012-06-24,,,019b6f8b-fc49-7946-b1a8-b6f49e2a812d,,,,,,,,756097200179297,2026-01-22T15:34:36.000Z,2026-01-22T15:34:36.000Z,1,0,
019be657-de65-75ff-9ad9-780b31273e14,DT-718,Bandit,,,M,2012-12-25,,,019b6f8b-fc49-798c-8cbf-c3bde35b5731,,,,,,,,276098104415985,2026-01-22T15:34:36.000Z,2026-01-22T15:34:36.000Z,1,0,
019be657-de65-77d2-a6ec-c1e35aa4a50a,DT-719,Ellen,,Labrador Retriever,W,2016-05-30,,,019b6f8b-fc4a-7e48-8dab-9cdc40c9f7a4,,,,,,,,,2026-01-22T15:34:36.000Z,2026-01-22T15:34:36.000Z,1,0,
019be657-de65-7cfa-820f-4a9cf6cbc2bb,DT-720,Emma,,,W,2013-06-09,,,019b6f8b-fc49-7b07-a2a3-0779d66c2683,,,,,,,,756 095 200 155 395,2026-01-22T15:34:36.000Z,2026-01-22T15:34:36.000Z,1,0,
019be657-de65-77d5-8331-bbdab01ae498,DT-721,Lotte,,Berner Sennenhund,W,2018-01-10,,,019b6f8b-fc49-7b07-a2a3-0779d66c2683,,,,,,,,,2026-01-22T15:34:36.000Z,2026-01-22T15:34:36.000Z,1,0,
019be657-de65-74b1-bdf2-4dea927feef5,DT-722,Kyra,,,W,2015-01-25,,,019b6f8b-fc4a-7c16-8a31-2df7761560b5,,,,,,,,756098100720645,2026-01-22T15:34:36.000Z,2026-01-22T15:34:36.000Z,1,0,
019be657-de65-7b78-8f0f-3988450b7811,DT-723,Rocky,,,M,2021-03-16,,,019b6f8b-fc46-75c7-8052-79ad0cbbc3fc,,,,,,,,756095310068932,2026-01-22T15:34:36.000Z,2026-01-22T15:34:36.000Z,1,0,
019be657-de65-7366-8cf5-16464f804c7f,DT-724,Marvin,,,M,2023-02-06,,,019b6f8b-fc46-75c7-8052-79ad0cbbc3fc,,,,,,,,380260050008705,2026-01-22T15:34:36.000Z,2026-01-22T15:34:36.000Z,1,0,
019be657-de65-77de-9ab4-7ed9bfa18e9c,DT-725,Tacko,,,M,2011-06-01,,,019b6f8b-fc4a-7fae-b8f3-131c33f56be9,,,,,,,,938000000342264,2026-01-22T15:34:36.000Z,2026-01-22T15:34:36.000Z,1,0,
019be657-de65-7220-bf9c-248d44477f44,DT-726,Sambo,,Labrador x Windhund Mix,M,2017-01-01,,,019b6f8b-fc44-7cf8-9f48-c2f30d794c2d,,,,,,,,,2026-01-22T15:34:36.000Z,2026-01-22T15:34:36.000Z,1,0,
019be657-de66-74f9-8870-f7e64c323565,DT-727,Sally,,,W,2014-03-15,,,019b6f8b-fc49-7d53-9aba-d524f7cb562d,,,,,,,,276093400492609,2026-01-22T15:34:36.000Z,2026-01-22T15:34:36.000Z,1,0,
019be657-de66-7dd5-959a-4a805cd1c89b,DT-728,Amun,,,M,2011-02-20,,,019b6f8b-fc49-72f4-b66d-72d9b455e119,,,,,,,,756 098 100 518 778,2026-01-22T15:34:36.000Z,2026-01-22T15:34:36.000Z,1,0,
019be657-de66-7875-9a77-1ce4c8ed7316,DT-729,Jack,,,M,2014-04-06,,,019b6f8b-fc49-7b4b-a1c9-e0000c3e2cbb,,,,,,,,756096900019660,2026-01-22T15:34:36.000Z,2026-01-22T15:34:36.000Z,1,0,
019be657-de66-7a63-aff7-1739b8565047,DT-730,Xira,,,W,2011-10-02,,,019b6f8b-fc48-77d3-b450-8e126c9c7ec4,,,,,,,,756 098 100 573 834,2026-01-22T15:34:36.000Z,2026-01-22T15:34:36.000Z,1,0,
019be657-de66-7131-9fcb-e139bfbbbb93,DT-731,Germaine,,,W,2012-04-15,,,019b6f8b-fc48-76cf-a6ee-7562aa8dcbbf,,,,,,,,276 096 901 137 448,2026-01-22T15:34:36.000Z,2026-01-22T15:34:36.000Z,1,0,
019be657-de66-78d2-9d4d-676c44a22e73,DT-732,Louis,,,M,2022-06-30,,,019b6f8b-fc46-772e-852f-e3c6f95fc1f7,,,,,,,,756095310104769,2026-01-22T15:34:36.000Z,2026-01-22T15:34:36.000Z,1,0,
019be657-de66-7b7e-8d91-0572ce33eea2,DT-733,Gina,,,W,2011-08-15,,,019b6f8b-fc48-70fb-a887-f0e27d521b94,,,,,,,,756 098 500 071 275,2026-01-22T15:34:36.000Z,2026-01-22T15:34:36.000Z,1,0,
019be657-de66-7d4d-a2d9-1331b45ac871,DT-734,Rika,,Deutscher Schäferhund,X,2004-07-30,,,019b6f8b-fc49-7599-b555-c05349896476,,,,,,,,,2026-01-22T15:34:36.000Z,2026-01-22T15:34:36.000Z,1,0,
019be657-de66-74ff-9082-9dfe880f84a3,DT-735,Chico,,,M,2014-06-05,,,019b6f8b-fc4a-7670-8c17-bc063a26749c,,,,,,,,941000016441344,2026-01-22T15:34:36.000Z,2026-01-22T15:34:36.000Z,1,0,
019be657-de66-7986-b5ae-01ff5c0368e4,DT-736,Amy,,,W,2015-07-14,,,019b6f8b-fc4a-7670-8c17-bc063a26749c,,,,,,,,276096909269181,2026-01-22T15:34:36.000Z,2026-01-22T15:34:36.000Z,1,0,
019be657-de66-7f36-b7ac-3127fa0374a7,DT-737,Bailey,,,M,2020-09-19,,,019b6f8b-fc45-7181-aa26-babd9590d889,,,,,,,,380260101829292,2026-01-22T15:34:36.000Z,2026-01-22T15:34:36.000Z,1,0,
019be657-de67-7d84-9fc9-675bffc40981,DT-738,Benji,,,M,2022-06-19,,,019b6f8b-fc46-71d1-bf7d-329e7c57392a,,,,,,,,756098100954349,2026-01-22T15:34:36.000Z,2026-01-22T15:34:36.000Z,1,0,
019be657-de67-7594-82a4-c33e17edcdef,DT-739,Kanna,,,M,2021-10-03,,,019b6f8b-fc45-7069-9ac4-0eb9666bb749,,,,,,,,756095310082796,2026-01-22T15:34:36.000Z,2026-01-22T15:34:36.000Z,1,0,
019be657-de67-76e2-b953-726763ede1da,DT-740,Daisy,,,W,2012-02-05,,,019b6f8b-fc43-7aa9-b9bc-6e4a4c145c9e,,,,,,,,756098100558163,2026-01-22T15:34:36.000Z,2026-01-22T15:34:36.000Z,1,0,
019be657-de67-79ed-a92d-c2f734b165cd,DT-741,Svea,,,W,2020-09-08,,,019b6f8b-fc45-73ee-8ad7-44896f218065,,,,,,,,276093400792140,2026-01-22T15:34:36.000Z,2026-01-22T15:34:36.000Z,1,0,
019be657-de67-78d9-a233-a118f381d95c,DT-742,Max,,Malinois,M,,,,019b6f8b-fc45-774a-b1bc-0623943ce95e,,,,,,,,,2026-01-22T15:34:36.000Z,2026-01-22T15:34:36.000Z,1,0,
019be657-de67-7621-8edd-dc36ce090922,DT-743,Roky,,,M,,,,019b6f8b-fc47-7b0c-a485-392a5ab3b34b,,,,,,,,756097202030466,2026-01-22T15:34:36.000Z,2026-01-22T15:34:36.000Z,1,0,
019be657-de67-70c3-9afb-2980a0853262,DT-744,Viki,,,W,2015-10-14,,,019b6f8b-fc44-744b-b034-34db7a7f7ba5,,,,,,,,900119000583425,2026-01-22T15:34:36.000Z,2026-01-22T15:34:36.000Z,1,0,
019be657-de67-72a3-bcc0-c994e9048018,DT-745,Moja,,Sennenhund MIx,W,2006-08-01,,,019b6f8b-fc4a-7887-8917-f35c44a88d33,,,,,,,,,2026-01-22T15:34:36.000Z,2026-01-22T15:34:36.000Z,1,0,
019be657-de67-78c8-b4d8-b1ab326eee72,DT-746,Chico,,,X,2012-10-27,,,019b6f8b-fc49-7f41-a7bd-18254c577a59,,,,,,,,900176000062463,2026-01-22T15:34:36.000Z,2026-01-22T15:34:36.000Z,1,0,
019be657-de67-78ae-916e-7120cb53bcf5,DT-747,Dalhy,,,M,2008-10-03,,,019b6f8b-fc4a-751f-8e7a-2fc4b9bc009c,,,,,,,,250269801221274,2026-01-22T15:34:36.000Z,2026-01-22T15:34:36.000Z,1,0,
019be657-de68-72a2-ada4-bf4454de1aff,DT-748,Lily,,,W,2016-11-01,,,019b6f8b-fc4b-799a-8a1f-9effe9188993,,,,,,,,756098100728446,2026-01-22T15:34:36.000Z,2026-01-22T15:34:36.000Z,1,0,
019be657-de68-7532-8db5-7a4e695c51eb,DT-749,Zazon,,,M,2022-03-18,,,019b6f8b-fc46-7fb1-b14c-412d95c292aa,,,,,,,,756098800034259,2026-01-22T15:34:36.000Z,2026-01-22T15:34:36.000Z,1,0,
019be657-de68-79ee-b81a-ad76efdc7676,DT-750,Mila,,,W,2014-05-16,,,019b6f8b-fc4a-79f1-bb8d-00d10bf17529,,,,,,,,756097202001969,2026-01-22T15:34:36.000Z,2026-01-22T15:34:36.000Z,1,0,
019be657-de68-7750-acd5-d003e4d4e7c3,DT-751,Haze,,Boxermix,W,2016-06-25,,,019b6f8b-fc4b-7b83-8cb5-d603cdb9e96c,,,,,,,,,2026-01-22T15:34:36.000Z,2026-01-22T15:34:36.000Z,1,0,
019be657-de68-791e-bca1-38b54d375db2,DT-752,Taro,,,M,2013-11-16,,,019b6f8b-fc4a-721f-8095-947336ead812,,,,,,,,756093900007074,2026-01-22T15:34:36.000Z,2026-01-22T15:34:36.000Z,1,0,
019be657-de68-7af1-94a6-09554a92d677,DT-753,Nijil,,,W,2013-08-28,,,019b6f8b-fc49-7db2-8444-b17732e5afa8,,,,,,,,756097202001533,2026-01-22T15:34:36.000Z,2026-01-22T15:34:36.000Z,1,0,
019be657-de68-7d9e-bb48-68575a425e36,DT-754,Farina,,,W,2006-05-11,,,019b6f8b-fc43-7288-9b01-ea0b941533ae,,,,,,,,gestorben,2026-01-22T15:34:36.000Z,2026-01-22T15:34:36.000Z,1,0,
019be657-de68-787a-a3b0-ec20369c9fb2,DT-755,Diabolo,,Deutscher Schäferhund,M,2013-08-18,,,019b6f8b-fc43-7288-9b01-ea0b941533ae,,,,,,,,,2026-01-22T15:34:36.000Z,2026-01-22T15:34:36.000Z,1,0,
019be657-de68-7156-9030-e81ca4524570,DT-756,Milo,,,M,2014-10-30,,,019b6f8b-fc4a-7af6-82ac-374829204a43,,,,,,,,756098100680386,2026-01-22T15:34:36.000Z,2026-01-22T15:34:36.000Z,1,0,
019be657-de68-702b-ac65-081c7b19b311,DT-757,Bundas,,,X,2011-11-06,,,019b6f8b-fc49-76ef-b45e-7293acd73fec,,,,,,,,348094100099199,2026-01-22T15:34:36.000Z,2026-01-22T15:34:36.000Z,1,0,
019be657-de68-7125-8e90-87b4af021cd6,DT-758,Louis,,,M,2016-09-24,,,019b6f8b-fc4b-76d6-9e9a-f8e9a63ca749,,,,,,,,276095610214755,2026-01-22T15:34:36.000Z,2026-01-22T15:34:36.000Z,1,0,
019be657-de69-7f12-afbd-bf2f0ea2c560,DT-759,Amy,,,W,2018-06-11,,,019b6f8b-fc47-7de1-becc-c2ac391af628,,,,,,,,276098007259659,2026-01-22T15:34:36.000Z,2026-01-22T15:34:36.000Z,1,0,
019be657-de69-75ff-b72c-c647ebe96d52,DT-760,Charly,,Toy Pudel,M,,,,019b6f8b-fc44-7e9a-86c4-1750196ad9f8,,,,,,,,,2026-01-22T15:34:36.000Z,2026-01-22T15:34:36.000Z,1,0,
019be657-de69-7c01-a668-41b090788d52,DT-761,Bruce,,,M,2022-04-09,,,019b6f8b-fc45-7480-844a-df0b98347203,,,,,,,,937111000021608,2026-01-22T15:34:36.000Z,2026-01-22T15:34:36.000Z,1,0,
019be657-de69-7953-a3fe-457175d1cff9,DT-762,Bruce,,,M,2022-04-09,,,019b6f8b-fc47-775a-889d-934b7e85dba2,,,,,,,,937111000021608,2026-01-22T15:34:36.000Z,2026-01-22T15:34:36.000Z,1,0,
019be657-de69-71da-b98b-d350d7622500,DT-763,Kalina,,,W,2020-07-15,,,019b6f8b-fc44-71d9-afb1-0f3c3c4846bf,,,,,,,,191100002098413,2026-01-22T15:34:36.000Z,2026-01-22T15:34:36.000Z,1,0,
019be657-de69-77e0-b48c-55a53bab4743,DT-764,Cheebee,,Flaschenbach,W,2015-01-26,,,019b6f8b-fc4b-7d54-836b-65d5b00b72da,,,,,,,,756098100699072,2026-01-22T15:34:36.000Z,2026-01-22T15:34:36.000Z,1,0,
019be657-de69-71c1-9ffa-486ca53d8a36,DT-765,Ebbo,,,M,2021-05-07,,,019b6f8b-fc45-76c6-95c2-18ebfdc2321a,,,,,,,,756098100917423,2026-01-22T15:34:36.000Z,2026-01-22T15:34:36.000Z,1,0,
019be657-de69-70d1-b310-42b925c6e824,DT-766,Crazy,,,W,2022-09-24,,,019b6f8b-fc47-731d-9ca1-070032d37591,,,,,,,,756095310112143,2026-01-22T15:34:36.000Z,2026-01-22T15:34:36.000Z,1,0,
019be657-de69-7568-99c6-d67f18cbd266,DT-767,Dax,,Flat Coated Retriever,M,2019-03-24,,,019b6f8b-fc44-79d8-9381-fcc96fc09297,,,,,,,,,2026-01-22T15:34:36.000Z,2026-01-22T15:34:36.000Z,1,0,
019be657-de69-73fc-ac81-b093342583fd,DT-768,Bob,,,M,2013-10-10,,,019b6f8b-fc49-76e5-8366-4012b3b62239,,,,,,,,941000016086778,2026-01-22T15:34:36.000Z,2026-01-22T15:34:36.000Z,1,0,
019be657-de6a-7496-b01c-73e0d2963f09,DT-769,Kenai,,,M,2021-08-11,,,019b6f8b-fc47-7e1b-b070-c04c7e3f56a5,,,,,,,,756098502043998,2026-01-22T15:34:36.000Z,2026-01-22T15:34:36.000Z,1,0,
019be657-de6a-7dae-a38b-d5aebf3800d7,DT-770,Louis,,,M,2023-05-17,,,019b6f8b-fc43-7d1b-8a01-718c876c354f,,,,,,,,276098510427747,2026-01-22T15:34:36.000Z,2026-01-22T15:34:36.000Z,1,0,
019be657-de6a-7036-8f7f-eed10b6b6714,DT-771,Kuma,,,M,2008-03-27,,,019b6f8b-fc49-70fb-aefc-44553fdb5866,,,,,,,,276098102431664,2026-01-22T15:34:36.000Z,2026-01-22T15:34:36.000Z,1,0,
019be657-de6a-77be-9942-9341eea8c435,DT-772,Shira,,,W,2018-11-01,,,019b6f8b-fc44-73fc-80a5-0d9c71e84ec0,,,,,,,,,2026-01-22T15:34:36.000Z,2026-01-22T15:34:36.000Z,1,0,
019be657-de6a-743f-a2bd-197bf40ba839,DT-773,Primo,,,M,2016-04-08,,,019b6f8b-fc4b-7a06-9bc9-fd449919919e,,,,,,,,756093900032033,2026-01-22T15:34:36.000Z,2026-01-22T15:34:36.000Z,1,0,
019be657-de6a-7a5a-b3b0-a8c615ea2d20,DT-774,Malou,,Rhodesian Ridgeback,W,2018-12-02,,,019b6f8b-fc44-755f-a2da-e36ad58af714,,,,,,,,,2026-01-22T15:34:36.000Z,2026-01-22T15:34:36.000Z,1,0,
019be657-de6a-7037-97e3-76be49d8fab5,DT-775,Max,,,M,2018-06-01,,,019b6f8b-fc4b-7712-8ec8-547bb1b525b9,,,,,,,,276095610347024,2026-01-22T15:34:36.000Z,2026-01-22T15:34:36.000Z,1,0,
019be657-de6a-7a29-873d-945200272048,DT-776,Rocky,,,X,2008-07-02,,,019b6f8b-fc48-7a4b-8b24-46f41e22bb05,,,,,,,,756 098 100 412 606,2026-01-22T15:34:36.000Z,2026-01-22T15:34:36.000Z,1,0,
019be657-de6a-7652-9fbc-c2b56584852e,DT-777,Rocky,,,M,2008-07-02,,,019b6f8b-fc49-7ad5-af00-75116794963f,,,,,,,,756098100412606,2026-01-22T15:34:36.000Z,2026-01-22T15:34:36.000Z,1,0,
019be657-de6a-7c88-a3c1-ce33206c2f7a,DT-778,Lucky,,Border Collie Mix,M,,,,019b6f8b-fc4a-7630-b85a-6f390ad8860b,,,,,,,,,2026-01-22T15:34:36.000Z,2026-01-22T15:34:36.000Z,1,0,
019be657-de6b-7a17-bd37-d60b4de8db1c,DT-779,Jago,,,X,2014-04-28,,,019b6f8b-fc4a-7653-93f4-79c1e37ac90f,,,,,,,,7560972020004330,2026-01-22T15:34:36.000Z,2026-01-22T15:34:36.000Z,1,0,
019be657-de6b-7c6f-919d-185cc1d34283,DT-780,Xio,,Tibet Terrier,M,2010-01-01,,,019b6f8b-fc47-72b7-ae31-8aada7874620,,,,,,,,,2026-01-22T15:34:36.000Z,2026-01-22T15:34:36.000Z,1,0,
019be657-de6b-757e-a7a3-acffb532433a,DT-781,Pascha,,Obere,M,2017-11-07,,,019b6f8b-fc43-79a0-9d3a-49912e176128,,,,,,,,968000010753754,2026-01-22T15:34:36.000Z,2026-01-22T15:34:36.000Z,1,0,
019be657-de6b-7665-81af-6229f73809f2,DT-782,Kijara,,,W,2013-11-10,,,019b6f8b-fc43-7bd8-a89c-657209417d95,,,,,,,,941000016297096,2026-01-22T15:34:36.000Z,2026-01-22T15:34:36.000Z,1,0,
019be657-de6b-7a64-b17a-39c7f2d8a184,DT-783,Charlie,,,M,2014-11-10,,,019b6f8b-fc43-7bd8-a89c-657209417d95,,,,,,,,276096909299878,2026-01-22T15:34:36.000Z,2026-01-22T15:34:36.000Z,1,0,
019be657-de6b-723b-bd14-3efa762304b0,DT-784,Nepomuk,,,M,2020-01-30,,,019b6f8b-fc43-7bd8-a89c-657209417d95,,,,,,,,756097202034221,2026-01-22T15:34:36.000Z,2026-01-22T15:34:36.000Z,1,0,
019be657-de6b-75b0-b235-a52192b7f4f1,DT-785,Mexx,,,M,2019-08-31,,,019b6f8b-fc43-7bd8-a89c-657209417d95,,,,,,,,756097202039462,2026-01-22T15:34:36.000Z,2026-01-22T15:34:36.000Z,1,0,
019be657-de6b-75dc-b3be-31edcc5ca322,DT-786,Murphy,,,X,2012-06-01,,,019b6f8b-fc48-79ed-8968-f73d67af1b17,,,,,,,,981 020 007 210 764,2026-01-22T15:34:36.000Z,2026-01-22T15:34:36.000Z,1,0,
019be657-de6b-77ae-b11c-962ed685bb3e,DT-787,Elvis,,Old englisch Bulldog,M,,,,019b6f8b-fc44-7740-8cf4-25c710346a25,,,,,,,,,2026-01-22T15:34:36.000Z,2026-01-22T15:34:36.000Z,1,0,
019be657-de6b-7b50-b393-bfa9a0bfed18,DT-788,Bruce,,,M,2024-03-31,,,019b6f8b-fc47-7f5b-9762-5febde769ec2,,,,,,,,756097201040825,2026-01-22T15:34:36.000Z,2026-01-22T15:34:36.000Z,1,0,
019be657-de6b-7048-a39a-ee6411c7510f,DT-789,Max,,,M,2018-05-18,,,019b6f8b-fc45-7228-a65a-732046dd1acb,,,,,,,,756098100767342,2026-01-22T15:34:36.000Z,2026-01-22T15:34:36.000Z,1,0,
019be657-de6c-7f38-960a-04ad07f61f27,DT-790,Youri,,Deutscher Wachtelhund,M,2015-04-22,,,019b6f8b-fc4a-7b8d-a7a1-2389893bf2c1,,,,,,,,,2026-01-22T15:34:36.000Z,2026-01-22T15:34:36.000Z,1,0,
019be657-de6c-7218-81f8-bc1fbc5db137,DT-791,Youri,,,M,2015-04-22,,,019b6f8b-fc4a-7250-9195-7a360db81252,,,,,,,,756098100691626,2026-01-22T15:34:36.000Z,2026-01-22T15:34:36.000Z,1,0,
019be657-de6c-7080-8f2e-b8e40aa24ab3,DT-792,Elvis,,Labrador Mix,M,2012-01-01,,,019b6f8b-fc4b-7e67-bea6-e36863e99801,,,,,,,,,2026-01-22T15:34:36.000Z,2026-01-22T15:34:36.000Z,1,0,
019be657-de6c-7829-b58a-2d91e8a8e6d7,DT-793,Anjo,,Deutscher Schäferhund,M,2018-09-25,,,019b6f8b-fc44-7815-bf29-8bf6156f2450,,,,,,,,,2026-01-22T15:34:36.000Z,2026-01-22T15:34:36.000Z,1,0,
019be657-de6c-77d5-9a96-8c450c04fcd5,DT-794,Balu,,Cane Corso,M,,,,019b6f8b-fc45-73ed-a0b8-981e3a7e491a,,,,,,,,,2026-01-22T15:34:36.000Z,2026-01-22T15:34:36.000Z,1,0,
019be657-de6c-7073-bd38-b90bc7416426,DT-795,Max,,,M,2023-01-08,,,019b6f8b-fc46-740a-8428-05ac95564f69,,,,,,,,756095310118759,2026-01-22T15:34:36.000Z,2026-01-22T15:34:36.000Z,1,0,
019be657-de6c-758f-b1aa-884c9667c5e4,DT-796,Kira,,Malteser,W,2017-06-05,,,019b6f8b-fc4b-75d8-9ff5-f60cb77b1063,,,,,,,,,2026-01-22T15:34:36.000Z,2026-01-22T15:34:36.000Z,1,0,
019be657-de6c-752c-9873-a7d0fb78d0ba,DT-797,Rambo,,,X,2013-07-18,,,019b6f8b-fc49-7f6b-936e-597436be0bab,,,,,,,,276093400436301,2026-01-22T15:34:36.000Z,2026-01-22T15:34:36.000Z,1,0,
019be657-de6c-74d4-b8e3-dee0ac04baba,DT-798,Pufi,,,M,2023-02-13,,,019b6f8b-fc47-75a9-bc4d-55ed801bfd00,,,,,,,,990000007409758,2026-01-22T15:34:36.000Z,2026-01-22T15:34:36.000Z,1,0,
019be657-de6c-7d69-9fc4-0f6eb6ab8ff5,DT-799,Watson,,,M,2022-07-04,,,019b6f8b-fc47-731f-8d53-26e45a5cc671,,,,,,,,756093900090563,2026-01-22T15:34:36.000Z,2026-01-22T15:34:36.000Z,1,0,
019be657-de6d-779f-b99a-d8605ac1d2c7,DT-800,Flecki,,,M,2013-09-27,,,019b6f8b-fc49-7a38-b7e2-9001a6bde9cb,,,,,,,,756098100672205,2026-01-22T15:34:36.000Z,2026-01-22T15:34:36.000Z,1,0,
019be657-de6d-7e6e-9454-fa7db5aa3b60,DT-801,Sari,,,W,2015-12-30,,,019b6f8b-fc4b-7501-9ec1-ca7e8900e9b6,,,,,,,,756098100726944,2026-01-22T15:34:36.000Z,2026-01-22T15:34:36.000Z,1,0,
019be657-de6d-79dd-8a3e-40ad95078e58,DT-802,Flecki,,,M,2013-09-27,,,019b6f8b-fc4a-718f-9b51-fe57eb0b4d1c,,,,,,,,756098100672205,2026-01-22T15:34:36.000Z,2026-01-22T15:34:36.000Z,1,0,
019be657-de6d-71f6-a2f1-cfa17e38272d,DT-803,Hugo,,,M,2015-03-01,,,019b6f8b-fc4a-718f-9b51-fe57eb0b4d1c,,,,,,,,642094500003911,2026-01-22T15:34:36.000Z,2026-01-22T15:34:36.000Z,1,0,
019be657-de6d-711b-bdc1-371e1a126ff8,DT-804,Aliya,,Dackel x Jack Russel,W,2004-05-05,,,019b6f8b-fc4a-7372-8f6e-bd755d7d642f,,,,,,,,,2026-01-22T15:34:36.000Z,2026-01-22T15:34:36.000Z,1,0,
019be657-de6d-7704-9569-aaf40ab9a43b,DT-805,Laika,,,W,,,,019b6f8b-fc45-782f-ade3-47d7b26c6d34,,,,,,,,250269590140536,2026-01-22T15:34:36.000Z,2026-01-22T15:34:36.000Z,1,0,
019be657-de6d-7a9a-8f37-0726d9f96cfc,DT-806,Paco,,,M,2012-09-01,,,019b6f8b-fc49-7794-a8c2-2ad12266c041,,,,,,,,756098100571955,2026-01-22T15:34:36.000Z,2026-01-22T15:34:36.000Z,1,0,
019be657-de6d-7d3b-acfd-3f80e42ead60,DT-807,Uma,,Japanspitz,M,2017-09-30,,,019b6f8b-fc44-749e-bb94-1ac833771602,,,,,,,,,2026-01-22T15:34:36.000Z,2026-01-22T15:34:36.000Z,1,0,
019be657-de6d-745b-816b-569eb25592cb,DT-808,Macho,,,M,2014-01-13,,,019b6f8b-fc4a-750d-886c-d2cbc576242b,,,,,,,,756098500076956,2026-01-22T15:34:36.000Z,2026-01-22T15:34:36.000Z,1,0,
019be657-de6d-7d85-92bb-ea77494defdc,DT-809,Harry,,,M,2017-05-05,,,019b6f8b-fc4b-700d-893c-c143e1d2ad68,,,,,,,,756098100782947,2026-01-22T15:34:36.000Z,2026-01-22T15:34:36.000Z,1,0,
019be657-de6e-781e-aa1d-426014325392,DT-810,Billy,,Cairn Terrier,M,,,,019b6f8b-fc4a-7b2d-89a7-91ec92de4af9,,,,,,,,,2026-01-22T15:34:36.000Z,2026-01-22T15:34:36.000Z,1,0,
019be657-de6e-7b15-9642-33e452077370,DT-811,Baley,,Riedhof,W,2020-04-04,,,019b6f8b-fc45-704b-b3cd-f8adc364f970,,,,,,,,756095310038525,2026-01-22T15:34:36.000Z,2026-01-22T15:34:36.000Z,1,0,
019be657-de6e-7603-8d4f-eaaa635aa692,DT-812,Elio,,Lagotto Romagnolo,M,2020-01-19,,,019b6f8b-fc45-74e2-8156-7de4a70e6eee,,,,,,,,,2026-01-22T15:34:36.000Z,2026-01-22T15:34:36.000Z,1,0,
019be657-de6e-7332-8799-edbc303b7477,DT-813,Thabea,,,W,2019-01-15,,,019b6f8b-fc44-7921-9481-094ef82975e4,,,,,,,,756098100876115,2026-01-22T15:34:36.000Z,2026-01-22T15:34:36.000Z,1,0,
019be657-de6e-7daa-8054-b3e24e4e818b,DT-814,Xhabo,,,M,2023-06-26,,,019b6f8b-fc47-79e3-aaf3-2bbac6411f12,,,,,,,,1749375709,2026-01-22T15:34:36.000Z,2026-01-22T15:34:36.000Z,1,0,
019be657-de6e-714a-aa9f-9c324c0647f6,DT-815,Nero,,Flat Coated Retriever,M,2017-04-22,,,019b6f8b-fc4a-7657-9c2a-a785dada09f7,,,,,,,,,2026-01-22T15:34:36.000Z,2026-01-22T15:34:36.000Z,1,0,
019be657-de6e-74d4-be49-e88325f541f6,DT-816,Queen,,AC weisser Schäferhund,W,2010-06-05,,,019b6f8b-fc48-7336-8e51-657ac2e099af,,,,,,,,,2026-01-22T15:34:36.000Z,2026-01-22T15:34:36.000Z,1,0,
019be657-de6e-7bcd-8cfe-d311220f90d9,DT-817,Lyandra,,Riedhof,W,2015-04-12,,,019b6f8b-fc4a-7755-ae95-f774e72497a0,,,,,,,,276098104642853,2026-01-22T15:34:36.000Z,2026-01-22T15:34:36.000Z,1,0,
019be657-de6e-7929-9c76-a99b79e4240d,DT-818,Daylen,,,M,2014-08-10,,,019b6f8b-fc4a-7755-ae95-f774e72497a0,,,,,,,,756096901000888,2026-01-22T15:34:36.000Z,2026-01-22T15:34:36.000Z,1,0,
019be657-de6f-7aaf-9c52-5b40b45e1036,DT-819,Solea,,Entlebucher Sennenhund,W,,,,019b6f8b-fc4a-7734-b5b8-e1e2148b7f05,,,,,,,,,2026-01-22T15:34:36.000Z,2026-01-22T15:34:36.000Z,1,0,
019be657-de6f-7780-ae36-1158c6b300fc,DT-820,Pumba,,,M,2011-12-23,,,019b6f8b-fc49-72af-8e8c-f79c4d2234f6,,,,,,,,756 098 100 578 402,2026-01-22T15:34:36.000Z,2026-01-22T15:34:36.000Z,1,0,
019be657-de6f-76df-8e78-c67ae537d61f,DT-821,Simba,,,M,2022-05-10,,,019b6f8b-fc49-72af-8e8c-f79c4d2234f6,,,,,,,,756095310096937,2026-01-22T15:34:36.000Z,2026-01-22T15:34:36.000Z,1,0,
019be657-de6f-7067-9dc2-08865f1adea1,DT-822,Yuma,,Bearded Collie,W,2016-04-30,,,019b6f8b-fc4a-7967-ab77-eb9569cd1d69,,,,,,,,,2026-01-22T15:34:36.000Z,2026-01-22T15:34:36.000Z,1,0,
019be657-de6f-767e-a023-b78955010e41,DT-823,Bandit,,,M,2019-03-18,,,019b6f8b-fc44-7035-bfde-20d02dca14dc,,,,,,,,276098106784951,2026-01-22T15:34:36.000Z,2026-01-22T15:34:36.000Z,1,0,
019be657-de6f-7e43-b96f-ebf6956849dc,DT-824,Apollo,,,M,2020-02-14,,,019b6f8b-fc45-78bc-9a60-34730aa2e457,,,,,,,,276094502147426,2026-01-22T15:34:36.000Z,2026-01-22T15:34:36.000Z,1,0,
019be657-de6f-776a-9955-4b29d12b8724,DT-825,Sandy,,,W,2013-01-16,,,019b6f8b-fc49-7259-af41-b496ed386424,,,,,,,,756 098 100 552 069,2026-01-22T15:34:36.000Z,2026-01-22T15:34:36.000Z,1,0,
019be657-de6f-757d-95c2-3ebc91e7ecd4,DT-826,Lina,,,W,2018-03-01,,,019b6f8b-fc43-7bd5-a2d3-e37ef155c82b,,,,,,,,380260043867302,2026-01-22T15:34:36.000Z,2026-01-22T15:34:36.000Z,1,0,
019be657-de6f-7d23-b3e3-b737989857f6,DT-827,Rajko,,Border Collie,M,2021-01-24,,,019b6f8b-fc45-77bf-9ca6-f9c0c135d3ad,,,,,,,,,2026-01-22T15:34:36.000Z,2026-01-22T15:34:36.000Z,1,0,
019be657-de6f-74cc-bd33-7eceafc22c4b,DT-828,Rajko,,,M,2021-01-24,,,019b6f8b-fc45-7873-a1a4-6a98b8240f1b,,,,,,,,756097201016689,2026-01-22T15:34:36.000Z,2026-01-22T15:34:36.000Z,1,0,
019be657-de70-753d-b4d4-2355eaaba5fa,DT-829,Queeny,,,W,2022-12-21,,,019b6f8b-fc46-79d4-95db-7598c38094f4,,,,,,,,276095610943595,2026-01-22T15:34:36.000Z,2026-01-22T15:34:36.000Z,1,0,
019be657-de70-7833-bbd9-6c6791688793,DT-830,Kira,,,W,2020-11-11,,,019b6f8b-fc46-7a90-89c0-d050550736df,,,,,,,,380260101860271,2026-01-22T15:34:36.000Z,2026-01-22T15:34:36.000Z,1,0,
019be657-de70-7e1e-a9f5-7e38173c79f1,DT-831,Tino,,,M,2014-01-01,,,019b6f8b-fc4b-70e0-b33e-344434ea1fd9,,,,,,,,941000018554044,2026-01-22T15:34:36.000Z,2026-01-22T15:34:36.000Z,1,0,
019be657-de70-7be1-bb5c-d7c197ffa5e7,DT-832,Nikita,,Rhodesian Ridgeback,W,,,,019b6f8b-fc47-7521-97c9-251500caa328,,,,,,,,,2026-01-22T15:34:36.000Z,2026-01-22T15:34:36.000Z,1,0,
019be657-de70-7b0a-92f1-263968de0b4e,DT-833,Daisy,,Dalmatiner,W,2014-09-29,,,019b6f8b-fc4a-7a20-802a-3c474a01372a,,,,,,,,,2026-01-22T15:34:36.000Z,2026-01-22T15:34:36.000Z,1,0,
019be657-de70-7e08-941c-d4b453768b7e,DT-834,Jax,,Franz. Bulldogge,M,2021-07-31,,,019b6f8b-fc45-7790-bf93-386dabfb32f7,,,,,,,,,2026-01-22T15:34:36.000Z,2026-01-22T15:34:36.000Z,1,0,
019be657-de70-758b-a1f6-32d4afeae998,DT-835,Ustinov v. Rickental,,,M,2013-07-10,,,019b6f8b-fc4a-7cb2-a966-307ec30137a7,,,,,,,,756098100644387,2026-01-22T15:34:36.000Z,2026-01-22T15:34:36.000Z,1,0,
019be657-de70-74a0-b525-67f5e6bc72a6,DT-836,Asuna,,Entlebucher Sennenhund,W,2024-01-14,,,019b6f8b-fc4a-7cb2-a966-307ec30137a7,,,,,,,,,2026-01-22T15:34:36.000Z,2026-01-22T15:34:36.000Z,1,0,
019be657-de70-7de3-803a-9ec1183553cb,DT-837,Sunny,,,W,2016-07-27,,,019b6f8b-fc4b-7318-a4d7-c717b67bafb2,,,,,,,,276093400647039,2026-01-22T15:34:36.000Z,2026-01-22T15:34:36.000Z,1,0,
019be657-de71-7112-87b0-630ab8bda049,DT-838,Vitus,,,M,,,,019b6f8b-fc45-7eb9-9e22-855632c28224,,,,,,,,756095310037950,2026-01-22T15:34:36.000Z,2026-01-22T15:34:36.000Z,1,0,
019be657-de71-7cb2-b7ba-54f0ecedd029,DT-839,Glen,,Altdeutscher Mops,M,2020-04-10,,,019b6f8b-fc44-7fa6-815a-46fe4af264f0,,,,,,,,,2026-01-22T15:34:36.000Z,2026-01-22T15:34:36.000Z,1,0,
019be657-de71-7e52-b661-39af086cf860,DT-840,Amon,,,M,,,,019b6f8b-fc47-7105-923c-a9c189ff261f,,,,,,,,276 097 202 032 143,2026-01-22T15:34:36.000Z,2026-01-22T15:34:36.000Z,1,0,
019be657-de71-7de4-83a8-0203daaa936b,DT-841,Asi,,,M,2010-01-29,,,019b6f8b-fc47-7105-923c-a9c189ff261f,,,,,,,,1234 5678 9456 13,2026-01-22T15:34:36.000Z,2026-01-22T15:34:36.000Z,1,0,
019be657-de71-77f3-a2dd-49104ab39f2f,DT-842,Eiko,,,M,2011-11-14,,,019b6f8b-fc48-75b0-96af-e419e14e821b,,,,,,,,756 098 100 571 376,2026-01-22T15:34:36.000Z,2026-01-22T15:34:36.000Z,1,0,
019be657-de71-7f6f-af81-0edcb13caab1,DT-843,Chanel,,,W,2014-01-11,,,019b6f8b-fc43-7ecf-954d-58e6f98cbd97,,,,,,,,756097200096991,2026-01-22T15:34:36.000Z,2026-01-22T15:34:36.000Z,1,0,
019be657-de71-7261-8274-86a21fe1b058,DT-844,Lejla,,,W,2018-10-07,,,019b6f8b-fc44-7374-b2f6-3fa77b10931e,,,,,,,,981189900103952,2026-01-22T15:34:36.000Z,2026-01-22T15:34:36.000Z,1,0,
019be657-de71-74ca-8a0a-e3bf73f915df,DT-845,Xeno,,,M,2019-10-07,,,019b6f8b-fc45-7e9c-a0aa-ad56d0a9ce94,,,,,,,,276098108003545,2026-01-22T15:34:36.000Z,2026-01-22T15:34:36.000Z,1,0,
019be657-de71-7579-8594-10a52f2d68cc,DT-846,Schneeball,,Berg,W,2011-05-20,,,019b6f8b-fc48-71b4-9377-f67a174a3d3b,,,,,,,,756 097 200 149 193,2026-01-22T15:34:36.000Z,2026-01-22T15:34:36.000Z,1,0,
019be657-de71-7eba-a80e-fbb0cc159fa2,DT-847,Franzl,,,X,2013-12-02,,,019b6f8b-fc49-706d-b600-47c9b2be64c6,,,,,,,,756097200097253,2026-01-22T15:34:36.000Z,2026-01-22T15:34:36.000Z,1,0,
019be657-de72-7e13-ad17-a6f0213ab227,DT-848,Ludwig,,,M,2021-12-16,,,019b6f8b-fc49-706d-b600-47c9b2be64c6,,,,,,,,276099200295456,2026-01-22T15:34:36.000Z,2026-01-22T15:34:36.000Z,1,0,
019be657-de72-7571-ae35-d176cb35b355,DT-849,Safari,,,M,2021-07-07,,,019b6f8b-fc47-7fd7-a1ac-b75500ff63c0,,,,,,,,992003000068536,2026-01-22T15:34:36.000Z,2026-01-22T15:34:36.000Z,1,0,
019be657-de72-7f1e-a962-b337f5cfa9bd,DT-850,Ava,,Continental Bulldog,W,,,,019b6f8b-fc44-7123-b920-dab04ef9f112,,,,,,,,,2026-01-22T15:34:36.000Z,2026-01-22T15:34:36.000Z,1,0,
019be657-de72-7677-8260-939f45d2dd7a,DT-851,Ava,,Continental Bulldogge,W,2019-03-16,,,019b6f8b-fc44-71e7-9cee-52e52baf5417,,,,,,,,,2026-01-22T15:34:36.000Z,2026-01-22T15:34:36.000Z,1,0,
019be657-de72-7470-9ec7-755960f30a3e,DT-852,Sheela,,,W,2008-08-11,,,019b6f8b-fc47-707f-b2ba-b08ae31162fa,,,,,,,,756 097 200 088 731,2026-01-22T15:34:36.000Z,2026-01-22T15:34:36.000Z,1,0,
019be657-de72-7102-ab6b-f50dc65ea460,DT-853,Cory,,,W,2009-07-01,,,019b6f8b-fc47-707f-b2ba-b08ae31162fa,,,,,,,,941 000 012 655 296,2026-01-22T15:34:36.000Z,2026-01-22T15:34:36.000Z,1,0,
019be657-de72-7e77-81e0-3bd5ea355e36,DT-854,Lenny,,,M,2012-07-24,,,019b6f8b-fc47-707f-b2ba-b08ae31162fa,,,,,,,,900 182 000 179 239,2026-01-22T15:34:36.000Z,2026-01-22T15:34:36.000Z,1,0,
019be657-de72-7ff1-9f92-61525230897a,DT-855,Luma,,,W,2025-05-15,,,019b6f8b-fc47-7ccb-9cbe-d10a7d9e8570,,,,,,,,756098502089406,2026-01-22T15:34:36.000Z,2026-01-22T15:34:36.000Z,1,0,
019be657-de72-7b13-bdf7-b13b4b6d9bf5,DT-856,Elly,,Wolfspitz,W,2015-02-06,,,019b6f8b-fc43-7263-9345-d0b3f86365ea,,,,,,,,,2026-01-22T15:34:36.000Z,2026-01-22T15:34:36.000Z,1,0,
019be657-de73-75ac-89d2-99be7f797652,DT-857,Abby,,,W,2024-12-30,,,019b6f8b-fc47-748f-b2ab-d44d5dd495ae,,,,,,,,276098109150280,2026-01-22T15:34:36.000Z,2026-01-22T15:34:36.000Z,1,0,
019be657-de73-71b4-b0b4-158708e6a667,DT-858,Elvis,,,M,2021-05-14,,,019b6f8b-fc45-7e62-a94c-8d415c71c8db,,,,,,,,75609850238739,2026-01-22T15:34:36.000Z,2026-01-22T15:34:36.000Z,1,0,
019be657-de73-7754-ab4b-de59851db296,DT-859,Mörfy,,,M,2018-07-18,,,019b6f8b-fc44-7d29-b3e0-7f18acaeaefb,,,,,,,,756095200194057,2026-01-22T15:34:36.000Z,2026-01-22T15:34:36.000Z,1,0,
019be657-de73-7c06-b93f-e510d7409dfd,DT-860,Lou,,,M,2021-07-12,,,019b6f8b-fc45-77b9-acf2-902d944b970f,,,,,,,,756095310090853,2026-01-22T15:34:36.000Z,2026-01-22T15:34:36.000Z,1,0,
019be657-de73-7b2b-969c-da8f0c5d8ba2,DT-861,Lou,,Australischer Cobberdog,M,,,,019b6f8b-fc45-76fa-89c1-c8f1411321d8,,,,,,,,,2026-01-22T15:34:36.000Z,2026-01-22T15:34:36.000Z,1,0,
019be657-de73-7d87-958f-a3fc60088281,DT-862,Kira,,,W,2023-07-09,,,019b6f8b-fc47-7f4c-9409-3e47534e01fa,,,,,,,,756095310131616,2026-01-22T15:34:36.000Z,2026-01-22T15:34:36.000Z,1,0,
019be657-de73-7688-b61a-cef9a0bf850a,DT-863,Churro,,,M,2013-07-01,,,019b6f8b-fc49-7c88-88e9-9b2feecead6e,,,,,,,,756 098 500 076 993,2026-01-22T15:34:36.000Z,2026-01-22T15:34:36.000Z,1,0,
019be657-de73-79a1-9065-2e33e7d18afd,DT-864,Anna,,,W,2019-05-10,,,019b6f8b-fc44-7547-8b43-029f48f5c5c2,,,,,,,,756095310008585,2026-01-22T15:34:36.000Z,2026-01-22T15:34:36.000Z,1,0,
019be657-de73-797b-90bf-cf3d73dfd08a,DT-865,Charly,,,M,2011-05-02,,,019b6f8b-fc43-74df-880f-33ebd99916d3,,,,,,,,945 000 001 219 528,2026-01-22T15:34:36.000Z,2026-01-22T15:34:36.000Z,1,0,
019be657-de74-7fe6-b952-a1c30f4e6f74,DT-866,Rex,,,M,2012-09-21,,,019b6f8b-fc49-74a5-9e5a-18e492ecf551,,,,,,,,756 098 500 071 656,2026-01-22T15:34:36.000Z,2026-01-22T15:34:36.000Z,1,0,
019be657-de74-7461-b31b-39b7d499281a,DT-867,Mimo,,,M,2016-04-15,,,019b6f8b-fc44-7c57-9444-d584822b5a6c,,,,,,,,945000001995331,2026-01-22T15:34:36.000Z,2026-01-22T15:34:36.000Z,1,0,
019be657-de74-7b50-896c-507e3793a0e4,DT-868,Fly,,Australian Shepherd Dog,W,2012-03-24,,,019b6f8b-fc4a-7a7e-9353-905c46d10b8f,,,,,,,,,2026-01-22T15:34:36.000Z,2026-01-22T15:34:36.000Z,1,0,
019be657-de74-7f46-9f61-39155c12a9fa,DT-869,Nala,,shelty,W,,,,019b6f8b-fc47-750d-bbbf-8e7ac3af423c,,,,,,,,,2026-01-22T15:34:36.000Z,2026-01-22T15:34:36.000Z,1,0,
019be657-de74-77d3-8b50-00ab6c2faac3,DT-870,Roxy,,,W,2008-12-30,,,019b6f8b-fc4a-7ad3-8063-8c6cf54272e0,,,,,,,,900062000010788,2026-01-22T15:34:36.000Z,2026-01-22T15:34:36.000Z,1,0,
019be657-de74-709b-b657-ab315fae25e9,DT-871,Smilla,,,W,2009-04-10,,,019b6f8b-fc4a-758b-ae1c-cb0c4a4ec12e,,,,,,,,276098102671007,2026-01-22T15:34:36.000Z,2026-01-22T15:34:36.000Z,1,0,
019be657-de74-7359-a7d3-66b0c8d8671f,DT-872,Amarok,,,M,2012-06-10,,,019b6f8b-fc47-7d67-a127-b1c124ee1367,,,,,,,,756 097 200 085 6,2026-01-22T15:34:36.000Z,2026-01-22T15:34:36.000Z,1,0,
019be657-de74-7937-86a9-118680529253,DT-873,Xando,,,M,2025-02-25,,,019b6f8b-fc47-7126-9245-5048b6ac2829,,,,,,,,756095310177437,2026-01-22T15:34:36.000Z,2026-01-22T15:34:36.000Z,1,0,
019be657-de74-76f3-a7e8-f52db71b1b15,DT-874,Xando,,,M,2025-02-25,,,019b6f8b-fc47-7126-9245-5048b6ac2829,,,,,,,,756095310177437,2026-01-22T15:34:36.000Z,2026-01-22T15:34:36.000Z,1,0,
019be657-de74-7567-8085-ff1c700335e3,DT-875,Maisha,,Schipperke,W,2009-07-17,,,019b6f8b-fc48-7e9b-b129-e9525e8227d7,,,,,,,,,2026-01-22T15:34:36.000Z,2026-01-22T15:34:36.000Z,1,0,
019be657-de75-7938-88b8-7079651e42d0,DT-876,Quiros,,,M,2017-09-30,,,019b6f8b-fc4b-792f-95cc-e58b50c55e3a,,,,,,,,756098100816939,2026-01-22T15:34:36.000Z,2026-01-22T15:34:36.000Z,1,0,
019be657-de75-75b8-8651-cf2dd6c97957,DT-877,Mirco,,,M,2012-07-23,,,019b6f8b-fc49-78f9-b541-57af4c410729,,,,,,,,756098500072045,2026-01-22T15:34:36.000Z,2026-01-22T15:34:36.000Z,1,0,
019be657-de75-75d0-8ea4-936412d571bf,DT-878,Alani,,Weimaraner,W,2023-04-17,,,019b6f8b-fc46-79a0-b122-563464e6164a,,,,,,,,,2026-01-22T15:34:36.000Z,2026-01-22T15:34:36.000Z,1,0,
019be657-de75-744c-955e-182eb7c8d068,DT-879,Nova,,"Whippet,Greyhound,Pyren",W,,,,019b6f8b-fc44-7b42-ae90-1914f3c05137,,,,,,,,,2026-01-22T15:34:36.000Z,2026-01-22T15:34:36.000Z,1,0,
019be657-de75-771e-ad36-09f70c46cf93,DT-880,Nova,,"Whippet,Greyhound,Pyren",W,,,,019b6f8b-fc47-7161-9193-aa1deb3189cf,,,,,,,,,2026-01-22T15:34:36.000Z,2026-01-22T15:34:36.000Z,1,0,
019be657-de75-7c24-8d73-62a18ca79220,DT-881,Balu,,Schäferhund DDR Linie,M,2018-09-16,,,019b6f8b-fc43-766b-8927-5bd59b033384,,,,,,,,,2026-01-22T15:34:36.000Z,2026-01-22T15:34:36.000Z,1,0,
019be657-de75-7d05-987d-ef27ebadb994,DT-882,Aslan,,,M,2012-06-17,,,019b6f8b-fc45-7bdc-824d-9156fdff4996,,,,,,,,250268710193315,2026-01-22T15:34:36.000Z,2026-01-22T15:34:36.000Z,1,0,
019be657-de75-7005-b597-770a65f6d7c2,DT-883,Yaron,,,M,2020-10-23,,,019b6f8b-fc45-7bdc-824d-9156fdff4996,,,,,,,,276097202785376,2026-01-22T15:34:36.000Z,2026-01-22T15:34:36.000Z,1,0,
019be657-de75-720e-8ada-98ed0d08e50b,DT-884,Ivy,,,W,2022-09-22,,,019b6f8b-fc47-7eb4-9e09-3b8ff16d1d96,,,,,,,,250269610481464,2026-01-22T15:34:36.000Z,2026-01-22T15:34:36.000Z,1,0,
019be657-de76-757a-8a69-c5d3584456b4,DT-885,Balu,,Langhaardackel,M,2023-03-05,,,019b6f8b-fc46-7d2d-8055-87a97b83fbd3,,,,,,,,,2026-01-22T15:34:36.000Z,2026-01-22T15:34:36.000Z,1,0,
019be657-de76-7ba8-af3c-3c3a2462e51e,DT-886,Smartie,,,M,2007-01-01,,,019b6f8b-fc48-7b1d-abc7-9c3a06c5424c,,,,,,,,977 200 007 409 943,2026-01-22T15:34:36.000Z,2026-01-22T15:34:36.000Z,1,0,
019be657-de76-7ad4-bef9-444c1fb8b025,DT-887,Simba,,,M,2013-11-15,,,019b6f8b-fc49-715c-9fdc-4ec3d50a05d2,,,,,,,,276093400315132,2026-01-22T15:34:36.000Z,2026-01-22T15:34:36.000Z,1,0,
019be657-de76-7edb-bf18-562920efb64e,DT-888,Iara,,Riesenschnauzer,W,,,,019b6f8b-fc47-7a4d-89ad-bbf2d611800e,,,,,,,,,2026-01-22T15:34:36.000Z,2026-01-22T15:34:36.000Z,1,0,
019be657-de76-7914-9815-8820b2c2c52d,DT-889,Iara,,,W,2022-03-08,,,019b6f8b-fc46-73c1-a667-b6222b11a252,,,,,,,,756098100960333,2026-01-22T15:34:36.000Z,2026-01-22T15:34:36.000Z,1,0,
019be657-de76-77c2-8670-4d6c45cb33cb,DT-890,Lili,,,W,2012-06-14,,,019b6f8b-fc48-7c46-937b-b9fe65d00081,,,,,,,,756 098 100 602 821,2026-01-22T15:34:36.000Z,2026-01-22T15:34:36.000Z,1,0,
019be657-de76-733c-9caa-a49f0fa89cf6,DT-891,Naro,,,M,2010-10-27,,,019b6f8b-fc48-7468-8921-5f4818c77bdf,,,,,,,,756 097 200 167 208,2026-01-22T15:34:36.000Z,2026-01-22T15:34:36.000Z,1,0,
019be657-de76-7adb-b182-863b78149a28,DT-892,Zamph,,,M,2011-04-30,,,019b6f8b-fc48-7922-b86d-5448c991acb5,,,,,,,,756 098 100 547 418,2026-01-22T15:34:36.000Z,2026-01-22T15:34:36.000Z,1,0,
019be657-de76-768b-b6af-84b07a8c19e5,DT-893,Loki,,,M,2019-12-25,,,019b6f8b-fc43-7607-a0e5-0ee3ade37d36,,,,,,,,,2026-01-22T15:34:36.000Z,2026-01-22T15:34:36.000Z,1,0,
019be657-de77-7ca2-a3e9-a29a8e266e19,DT-894,Kelly,,Labrador Retriever Mix,W,,,,019b6f8b-fc4b-7b38-a5f1-5ca7195aa80e,,,,,,,,,2026-01-22T15:34:36.000Z,2026-01-22T15:34:36.000Z,1,0,
019be657-de77-7a7d-be37-73b12644abb9,DT-895,Kelly,,,W,2016-03-10,,,019b6f8b-fc4b-7cd3-a526-7c819d6b77fa,,,,,,,,380260042893865,2026-01-22T15:34:36.000Z,2026-01-22T15:34:36.000Z,1,0,
019be657-de77-7afe-aeda-b523a68e8cf6,DT-896,Ares,,,M,2020-05-23,,,019b6f8b-fc45-73a2-b063-17cfbbde4b0e,,,,,,,,380260044187207,2026-01-22T15:34:36.000Z,2026-01-22T15:34:36.000Z,1,0,
019be657-de77-7bf5-af7c-0081bd9eb2b8,DT-897,Dex,,,M,2025-01-22,,,019b6f8b-fc47-7428-bb79-2def4b986676,,,,,,,,900217000811612,2026-01-22T15:34:36.000Z,2026-01-22T15:34:36.000Z,1,0,
019be657-de77-7ea1-aa0c-168c5e7de2ff,DT-898,Noah,,,M,2008-12-25,,,019b6f8b-fc48-71cd-9378-c1569f7e0ed2,,,,,,,,756 095 200 119 324,2026-01-22T15:34:36.000Z,2026-01-22T15:34:36.000Z,1,0,
019be657-de77-75c5-9009-223d3d7c5495,DT-899,Ruby Tuesday,,,W,2018-04-24,,,019b6f8b-fc48-71cd-9378-c1569f7e0ed2,,,,,,,,040094502001096,2026-01-22T15:34:36.000Z,2026-01-22T15:34:36.000Z,1,0,
019be657-de77-7685-a983-16892630b092,DT-900,Alma,,,W,2021-10-29,,,019b6f8b-fc48-71cd-9378-c1569f7e0ed2,,,,,,,,756095310070935,2026-01-22T15:34:36.000Z,2026-01-22T15:34:36.000Z,1,0,
019be657-de77-7e13-8a63-d82cf0231de5,DT-901,Babette,,,W,2023-08-16,,,019b6f8b-fc48-71cd-9378-c1569f7e0ed2,,,,,,,,756095310142919,2026-01-22T15:34:36.000Z,2026-01-22T15:34:36.000Z,1,0,
019be657-de77-79e8-abd7-bab25ed35eb6,DT-902,Balu,,,M,2019-04-26,,,019b6f8b-fc48-7ae8-bbc2-d29ddb0ea3bd,,,,,,,,756098100883297,2026-01-22T15:34:36.000Z,2026-01-22T15:34:36.000Z,1,0,
019be657-de78-7e55-b449-8486b23aa305,DT-903,Nala,,Französische Bulldogge,W,2022-05-05,,,019b6f8b-fc47-76bf-ab31-3895a271afb9,,,,,,,,,2026-01-22T15:34:36.000Z,2026-01-22T15:34:36.000Z,1,0,
019be657-de78-7abc-bbe9-fb90166af806,DT-904,Lace,,Aeusserer,W,2023-01-03,,,019b6f8b-fc46-768a-a0e9-bf561d18d3b7,,,,,,,,756093900071880,2026-01-22T15:34:36.000Z,2026-01-22T15:34:36.000Z,1,0,
019be657-de78-7133-b10b-659566539e6d,DT-905,Gin,,,W,2020-08-04,,,019b6f8b-fc44-738a-b84c-ed19f06579f4,,,,,,,,756097201004493,2026-01-22T15:34:36.000Z,2026-01-22T15:34:36.000Z,1,0,
019be657-de78-7a35-a7c3-dcb7b882d259,DT-906,Susi,,Pinscher-Mix,W,2014-08-08,,,019b6f8b-fc4b-7a82-98b4-844101f3a9f7,,,,,,,,,2026-01-22T15:34:36.000Z,2026-01-22T15:34:36.000Z,1,0,
019be657-de78-7fbb-88dd-57428c752719,DT-907,Dschinny,,,W,2014-02-11,,,019b6f8b-fc49-71b4-b0fc-09a6fc56c591,,,,,,,,276098104879470,2026-01-22T15:34:36.000Z,2026-01-22T15:34:36.000Z,1,0,
019be657-de78-789c-bf7f-176b1456cad9,DT-908,Giorgio,,,M,2017-05-01,,,019b6f8b-fc47-7fb4-baa1-0428b31547ee,,,,,,,,276095610257958,2026-01-22T15:34:36.000Z,2026-01-22T15:34:36.000Z,1,0,
019be657-de78-7334-9760-ab71543e6964,DT-909,Chuck,,,M,2012-09-20,,,019b6f8b-fc4a-7ae1-8de6-0af378266fae,,,,,,,,276097202220449,2026-01-22T15:34:36.000Z,2026-01-22T15:34:36.000Z,1,0,
019be657-de78-7c5d-b2c7-83ce642419cb,DT-910,Zoe,,,W,2014-11-03,,,019b6f8b-fc4a-7ae1-8de6-0af378266fae,,,,,,,,276096907093976,2026-01-22T15:34:36.000Z,2026-01-22T15:34:36.000Z,1,0,
019be657-de79-7d1e-a820-0ebd2c041cf4,DT-911,Diana,,,W,2025-04-04,,,019b6f8b-fc47-713e-a284-6d383468441d,,,,,,,,756095310201708,2026-01-22T15:34:36.000Z,2026-01-22T15:34:36.000Z,1,0,
019be657-de79-7fe1-9cea-bc1c494b2834,DT-912,Bailey,,Mischling,W,2019-08-01,,,019b6f8b-fc43-7926-ae70-a454d27ed0c1,,,,,,,,,2026-01-22T15:34:36.000Z,2026-01-22T15:34:36.000Z,1,0,
019be657-de79-7e3b-9c0e-2612ae3d37ff,DT-913,Akita,,,X,2012-07-29,,,019b6f8b-fc48-72b3-a88f-a236c6fe73aa,,,,,,,,756 098 500 073 400,2026-01-22T15:34:36.000Z,2026-01-22T15:34:36.000Z,1,0,
019be657-de79-797e-8e29-62f0ce5a29e2,DT-914,Zonga,,,W,2015-08-01,,,019b6f8b-fc43-7bd6-8690-29300793d432,,,,,,,,756093900024563,2026-01-22T15:34:36.000Z,2026-01-22T15:34:36.000Z,1,0,
019be657-de79-74fc-9bac-ccb0563958f0,DT-915,Nora,,,W,2017-08-26,,,019b6f8b-fc47-76fa-9675-5226cad94bb7,,,,,,,,756093900043222,2026-01-22T15:34:36.000Z,2026-01-22T15:34:36.000Z,1,0,
019be657-de79-72a9-844f-33ba59845aa0,DT-916,Choco,,,M,2010-05-25,,,019b6f8b-fc49-7e2c-b2bb-c0ff73f83761,,,,,,,,,2026-01-22T15:34:36.000Z,2026-01-22T15:34:36.000Z,1,0,
019be657-de79-71e3-9a5b-b9e910fac93a,DT-917,Lylli,,,W,2009-12-01,,,019b6f8b-fc49-78a6-b9c2-4611644af0e2,,,,,,,,,2026-01-22T15:34:36.000Z,2026-01-22T15:34:36.000Z,1,0,
019be657-de79-7287-ba17-b195a1d7eb66,DT-918,Toby,,,M,2020-01-02,,,019b6f8b-fc46-7570-85a8-07c3353d48ca,,,,,,,,BG 01VP 465247,2026-01-22T15:34:36.000Z,2026-01-22T15:34:36.000Z,1,0,
019be657-de79-7634-ac0d-6c5e966d41e5,DT-919,Awacho,,Rhodesian Ridgeback,M,2008-02-01,,,019b6f8b-fc49-7458-977b-2527f4302c8a,,,,,,,,,2026-01-22T15:34:36.000Z,2026-01-22T15:34:36.000Z,1,0,
019be657-de7a-7002-a988-5804018846c5,DT-920,Lancelot,,,M,2020-04-27,,,019b6f8b-fc45-77d4-abf1-43cebcda3572,,,,,,,,981189900114095,2026-01-22T15:34:36.000Z,2026-01-22T15:34:36.000Z,1,0,
019be657-de7a-7ed4-89c7-0dd5ed3fe11c,DT-921,Jack,,,M,2012-07-27,,,019b6f8b-fc48-76aa-9515-791b05a0dad9,,,,,,,,756 097 200 101 125,2026-01-22T15:34:36.000Z,2026-01-22T15:34:36.000Z,1,0,
019be657-de7a-74ae-9bac-e40cb0103025,DT-922,Dara,,,W,2020-05-09,,,019b6f8b-fc45-7800-8642-e7c5afcc09a9,,,,,,,,756098100889885,2026-01-22T15:34:36.000Z,2026-01-22T15:34:36.000Z,1,0,
019be657-de7a-786f-a3f4-f2aca517116e,DT-923,Chicca,,,W,2009-10-15,,,019b6f8b-fc4a-7d4e-9589-a4ad5583c501,,,,,,,,276098104200071,2026-01-22T15:34:36.000Z,2026-01-22T15:34:36.000Z,1,0,
019be657-de7a-7085-88b0-1facf649ae4a,DT-924,Dina,,,W,2025-03-20,,,019b6f8b-fc47-755c-9106-4c0f6029c141,,,,,,,,900233001300576,2026-01-22T15:34:36.000Z,2026-01-22T15:34:36.000Z,1,0,
019be657-de7a-7e99-90aa-7f8cbb83d28c,DT-925,Balu,,,M,2015-06-12,,,019b6f8b-fc48-77ac-8a62-5e9484f5bb16,,,,,,,,756098100737591,2026-01-22T15:34:36.000Z,2026-01-22T15:34:36.000Z,1,0,
019be657-de7a-7575-9121-56b9822f250f,DT-926,Gandalf,,Australian Shepherd x Ber,M,2017-04-24,,,019b6f8b-fc44-7390-a5bc-fe34d5cd76da,,,,,,,,,2026-01-22T15:34:36.000Z,2026-01-22T15:34:36.000Z,1,0,
019be657-de7a-7d1c-bb5e-80ea269b8d89,DT-927,Manolo,,,M,,,,019b6f8b-fc4a-78c2-8264-d4e55b171a86,,,,,,,,756098100810482,2026-01-22T15:34:36.000Z,2026-01-22T15:34:36.000Z,1,0,
019be657-de7a-709a-874b-d690469b8670,DT-928,Polo,,,M,2018-07-11,,,019b6f8b-fc44-7a44-80dc-e9c2da80001c,,,,,,,,956000006699092,2026-01-22T15:34:36.000Z,2026-01-22T15:34:36.000Z,1,0,
019be657-de7b-7da9-a768-a3fde872a76c,DT-929,Paco,,Mischling,M,2020-12-23,,,019b6f8b-fc45-76a8-a295-5a7a37200c73,,,,,,,,,2026-01-22T15:34:36.000Z,2026-01-22T15:34:36.000Z,1,0,
019be657-de7b-7eaf-abae-cc68e4624681,DT-930,Milly,,,W,2024-12-06,,,019b6f8b-fc47-7c46-bf0b-73606e2ef4ed,,,,,,,,900085001854927,2026-01-22T15:34:36.000Z,2026-01-22T15:34:36.000Z,1,0,
019be657-de7b-7c17-8a7e-b32d63fb6afa,DT-931,Enja,,,W,2016-01-12,,,019b6f8b-fc47-7a22-8abe-1e88e6a1e27c,,,,,,,,756098100757597,2026-01-22T15:34:36.000Z,2026-01-22T15:34:36.000Z,1,0,
019be657-de7b-7724-b853-d5ede89a65c2,DT-932,Dreami,,,W,2016-03-11,,,019b6f8b-fc4b-7cbf-b085-6415963dee51,,,,,,,,276095610144137,2026-01-22T15:34:36.000Z,2026-01-22T15:34:36.000Z,1,0,
019be657-de7b-7408-a754-7624e466d259,DT-933,Aki,,,M,2013-11-30,,,019b6f8b-fc4a-7be2-93c4-870f8c7c5b0b,,,,,,,,756098100674195,2026-01-22T15:34:36.000Z,2026-01-22T15:34:36.000Z,1,0,
019be657-de7b-716d-9b68-9f5cd7ea4dc4,DT-934,Ulany,,Flat Coated Retriever,W,,,,019b6f8b-fc44-772f-aeef-5bbe08df52a2,,,,,,,,,2026-01-22T15:34:36.000Z,2026-01-22T15:34:36.000Z,1,0,
019be657-de7b-75a0-a29e-d1a7c04ef1cb,DT-935,Max,,,M,2005-01-01,,,019b6f8b-fc48-794b-80eb-69564a8e9f7f,,,,,,,,756 098 100 304 708,2026-01-22T15:34:36.000Z,2026-01-22T15:34:36.000Z,1,0,
019be657-de7b-7cd7-9d57-f2f4e1ad4e1b,DT-936,Flame,,,W,2016-08-27,,,019b6f8b-fc4b-7fce-8dcb-9d1fcdfcf10b,,,,,,,,756097200098898,2026-01-22T15:34:36.000Z,2026-01-22T15:34:36.000Z,1,0,
019be657-de7c-7c82-9b1c-b8c66029fc12,DT-937,Ulany,,,W,2019-03-23,,,019b6f8b-fc44-7eed-81b8-6e7feb007d7d,,,,,,,,756095310014997,2026-01-22T15:34:36.000Z,2026-01-22T15:34:36.000Z,1,0,
019be657-de7c-778f-8ac4-0a5fa29cef92,DT-938,Ganja,,,W,2016-05-18,,,019b6f8b-fc44-79c0-a4ad-8686ccec1dcb,,,,,,,,756098100655386,2026-01-22T15:34:36.000Z,2026-01-22T15:34:36.000Z,1,0,
019be657-de7c-7084-aba8-aad5bec87392,DT-939,Mia,,Terrier-Mix,W,2018-05-11,,,019b6f8b-fc4b-7fa0-8f96-62e0d8ee0018,,,,,,,,,2026-01-22T15:34:36.000Z,2026-01-22T15:34:36.000Z,1,0,
019be657-de7c-7e55-80b4-80d65dc4976e,DT-940,Xenia,,,W,2015-02-01,,,019b6f8b-fc4a-7487-bf20-8bf24a8cf954,,,,,,,,941000017760937,2026-01-22T15:34:36.000Z,2026-01-22T15:34:36.000Z,1,0,
019be657-de7c-7dea-8daf-fee5c09b04c2,DT-941,Yaron,,,M,2014-06-09,,,019b6f8b-fc49-7637-afe4-bb4cce6f065e,,,,,,,,756098100668987,2026-01-22T15:34:36.000Z,2026-01-22T15:34:36.000Z,1,0,
019be657-de7c-7b58-b6d9-8f6bd1684d02,DT-942,Nero,,,M,2018-08-03,,,019b6f8b-fc44-7587-8c0d-63fe92ca85d4,,,,,,,,756098100836054,2026-01-22T15:34:36.000Z,2026-01-22T15:34:36.000Z,1,0,
019be657-de7c-7379-b6cb-11eda472666e,DT-943,Roy,,,M,2005-08-12,,,019b6f8b-fc48-71bd-a7e5-39d48ce3316a,,,,,,,,756 098 100 243 095,2026-01-22T15:34:36.000Z,2026-01-22T15:34:36.000Z,1,0,
019be657-de7c-7fc3-a420-82458ca16616,DT-944,Jamie,,Am.Staff x Husky,W,2013-08-13,,,019b6f8b-fc4b-7a77-a266-e3aadabe7804,,,,,,,,,2026-01-22T15:34:36.000Z,2026-01-22T15:34:36.000Z,1,0,
019be657-de7c-7f6d-b05e-2cbba8a8e404,DT-945,Mambo,,Australien Cattle Dog,M,,,,019b6f8b-fc43-7470-9d04-7beed7198f51,,,,,,,,,2026-01-22T15:34:36.000Z,2026-01-22T15:34:36.000Z,1,0,
019be657-de7d-7be5-a10a-4af3ff5c0b31,DT-946,Sky,,,W,2022-10-10,,,019b6f8b-fc46-712a-aba5-def122af901d,,,,,,,,756098100965391,2026-01-22T15:34:36.000Z,2026-01-22T15:34:36.000Z,1,0,
019be657-de7d-7546-8c13-aee8d2c81cce,DT-947,Kira,,Labrador Retriever,W,2017-09-19,,,019b6f8b-fc4b-7678-b889-4a0975a87a87,,,,,,,,,2026-01-22T15:34:36.000Z,2026-01-22T15:34:36.000Z,1,0,
019be657-de7d-7e99-ae1c-69e67de26b0e,DT-948,Milou,,Labrador Retriever,M,2020-07-21,,,019b6f8b-fc45-7eef-ba36-efc65e087168,,,,,,,,,2026-01-22T15:34:36.000Z,2026-01-22T15:34:36.000Z,1,0,
019be657-de7d-727a-bfcc-38ad679c21e7,DT-949,Gina,,,W,1961-05-11,,,019b6f8b-fc4a-739d-aae4-6f73aa18ba8f,,,,,,,,756098100429910,2026-01-22T15:34:36.000Z,2026-01-22T15:34:36.000Z,1,0,
019be657-de7d-7d94-9e4e-472d8e70b7a9,DT-950,Lascar,,,M,2012-06-25,,,019b6f8b-fc48-7bb7-a615-d9d3a841371b,,,,,,,,756 097 200 155 563,2026-01-22T15:34:36.000Z,2026-01-22T15:34:36.000Z,1,0,
019be657-de7d-78c3-a541-ac9815774729,DT-951,Chico,,Zwergpudel,M,2021-12-02,,,019b6f8b-fc45-7077-842b-18d0a1d06275,,,,,,,,,2026-01-22T15:34:36.000Z,2026-01-22T15:34:36.000Z,1,0,
019be657-de7d-77f0-bb2e-e1f752599f77,DT-952,Zeus,,,M,2021-07-12,,,019b6f8b-fc45-7400-b90e-4ce5a00c6c91,,,,,,,,380260004489056,2026-01-22T15:34:36.000Z,2026-01-22T15:34:36.000Z,1,0,
019be657-de7d-7a37-914e-3f8531709ff1,DT-953,Milou,,Labrador Retriever,M,,,,019b6f8b-fc45-73e6-80bb-27dd1643dcb5,,,,,,,,,2026-01-22T15:34:36.000Z,2026-01-22T15:34:36.000Z,1,0,
019be657-de7e-7e1e-9874-475a6f01e985,DT-954,Thanos,,,M,2019-06-13,,,019b6f8b-fc44-744f-ba40-dccfc10e988d,,,,,,,,756096901001783,2026-01-22T15:34:36.000Z,2026-01-22T15:34:36.000Z,1,0,
019be657-de7e-7bf4-94ff-00b358b5d07c,DT-955,Orlik,,Grosser Schweizer Senne,M,,,,019b6f8b-fc44-71a9-83c0-ef29ff9dca83,,,,,,,,,2026-01-22T15:34:36.000Z,2026-01-22T15:34:36.000Z,1,0,
019be657-de7e-7b70-8a92-0b232d4c6423,DT-956,Bobi,,,M,2011-01-01,,,019b6f8b-fc49-7e3f-bf0a-11c788aec022,,,,,,,,982000161086047,2026-01-22T15:34:36.000Z,2026-01-22T15:34:36.000Z,1,0,
019be657-de7e-7f5b-ab41-f4cf4c61b222,DT-957,Bobi,,,M,2011-01-01,,,019b6f8b-fc49-7e3f-bf0a-11c788aec022,,,,,,,,982000161086047,2026-01-22T15:34:36.000Z,2026-01-22T15:34:36.000Z,1,0,
019be657-de7e-7ee7-ad61-7ab57a00ac40,DT-958,Whoopi,,,W,2013-02-27,,,019b6f8b-fc4a-708b-a53b-12a5422fe089,,,,,,,,26098104735791,2026-01-22T15:34:36.000Z,2026-01-22T15:34:36.000Z,1,0,
019be657-de7e-7f74-b02f-8553a68797b9,DT-959,Whoopi,,Beagle,W,2012-02-01,,,019b6f8b-fc4a-73f2-b920-cb07e74ddaa9,,,,,,,,,2026-01-22T15:34:36.000Z,2026-01-22T15:34:36.000Z,1,0,
019be657-de7e-758f-ae30-cea5cc0f0814,DT-960,Samy,,,M,,,,019b6f8b-fc49-74b5-8179-d7b2c86cce65,,,,,,,,756098100660477,2026-01-22T15:34:36.000Z,2026-01-22T15:34:36.000Z,1,0,
019be657-de7e-7f3d-a1b2-18460e08af96,DT-961,Leila,,,W,2023-01-01,,,019b6f8b-fc47-7232-89cf-13154ada8eeb,,,,,,,,932 002 000 715 546,2026-01-22T15:34:36.000Z,2026-01-22T15:34:36.000Z,1,0,
019be657-de7e-7603-aa81-57134f5f244a,DT-962,Stitch,,,M,2014-09-03,,,019b6f8b-fc48-7c77-80e2-0861e14e831b,,,,,,,,756096900012794,2026-01-22T15:34:36.000Z,2026-01-22T15:34:36.000Z,1,0,
019be657-de7f-7bd5-802f-6a7174b76236,DT-963,Rocky,,,M,2015-10-20,,,019b6f8b-fc45-78fd-bedf-e09f85183026,,,,,,,,756098100622784,2026-01-22T15:34:36.000Z,2026-01-22T15:34:36.000Z,1,0,
019be657-de7f-7f55-85fe-5e0f4ab09d71,DT-964,Finn,,Flat Coated Retriever,M,2010-04-23,,,019b6f8b-fc48-756a-aaa6-7aa11966fd81,,,,,,,,,2026-01-22T15:34:36.000Z,2026-01-22T15:34:36.000Z,1,0,
019be657-de7f-7c09-93c5-a36e3acb15ee,DT-965,Kira,,Labrador Retriever,W,,,,019b6f8b-fc47-77d4-a78e-61ec239f7a39,,,,,,,,,2026-01-22T15:34:36.000Z,2026-01-22T15:34:36.000Z,1,0,
019be657-de7f-73a8-94bb-87f2a0f7d697,DT-966,Gino,,Tervueren / Belgischer Sc,M,2020-07-08,,,019b6f8b-fc45-7c88-975d-74c08eed4a9c,,,,,,,,,2026-01-22T15:34:36.000Z,2026-01-22T15:34:36.000Z,1,0,
019be657-de7f-77fe-965c-787fb4be5fb0,DT-967,Lucky,,,M,2020-12-12,,,019b6f8b-fc44-7479-87cb-edeee6913c14,,,,,,,,756097201016651,2026-01-22T15:34:36.000Z,2026-01-22T15:34:36.000Z,1,0,
019be657-de7f-73ac-9c0d-0a0ea5cdbb46,DT-968,Riwa,,,W,2023-04-04,,,019b6f8b-fc46-79e3-87f2-670c1051cdca,,,,,,,,756098100978210,2026-01-22T15:34:36.000Z,2026-01-22T15:34:36.000Z,1,0,
019be657-de7f-7c09-beab-bf418d0e9fb9,DT-969,Maylo,,,M,2017-04-19,,,019b6f8b-fc4b-76f5-aa7d-c14f4f631327,,,,,,,,756098100794925,2026-01-22T15:34:36.000Z,2026-01-22T15:34:36.000Z,1,0,
019be657-de7f-7994-8af1-65f72b81e1b7,DT-970,Kaily,,,W,,,,019b6f8b-fc4a-7c19-b6de-5fbccf265e1b,,,,,,,,276096909261176,2026-01-22T15:34:36.000Z,2026-01-22T15:34:36.000Z,1,0,
019be657-de80-7004-b7c8-fe85b5f582a3,DT-971,Pippa,,,W,2013-05-05,,,019b6f8b-fc49-7ecc-84f2-96ced16e30d1,,,,,,,,380 260 042 104 911,2026-01-22T15:34:36.000Z,2026-01-22T15:34:36.000Z,1,0,
019be657-de80-7617-9231-83dff7e987a9,DT-972,Eika,,,W,2021-05-25,,,019b6f8b-fc45-7a93-822d-f4582fac6ba7,,,,,,,,276098800299380,2026-01-22T15:34:36.000Z,2026-01-22T15:34:36.000Z,1,0,
019be657-de80-773a-ba4e-6782d646974e,DT-973,Arteemis,,,W,2015-01-01,,,019b6f8b-fc47-73fc-95b0-3f15252a59ae,,,,,,,,932001000553512,2026-01-22T15:34:36.000Z,2026-01-22T15:34:36.000Z,1,0,
019be657-de80-76b3-b8c0-4a7bd7b87160,DT-974,Nino,,,M,2012-10-23,,,019b6f8b-fc48-75f9-924a-db1f37ca5727,,,,,,,,756 098 100 593 209,2026-01-22T15:34:36.000Z,2026-01-22T15:34:36.000Z,1,0,
019be657-de80-7013-a992-f16b647d2d7f,DT-975,Nino,,,M,2012-10-23,,,019b6f8b-fc49-7ba7-b799-3676a3d2d02e,,,,,,,,756 098 100 593 209,2026-01-22T15:34:36.000Z,2026-01-22T15:34:36.000Z,1,0,
019be657-de80-7203-bf23-b1fcfacc0bf1,DT-976,Locco,,,M,2014-08-16,,,019b6f8b-fc4a-7788-8d8e-f03beafdd53c,,,,,,,,643094100338884,2026-01-22T15:34:36.000Z,2026-01-22T15:34:36.000Z,1,0,
019be657-de80-72ad-8c12-790371a8cc37,DT-977,Avril,,Dobermann,W,,,,019b6f8b-fc4b-7943-ab1b-5d942450271f,,,,,,,,,2026-01-22T15:34:36.000Z,2026-01-22T15:34:36.000Z,1,0,
019be657-de80-76d5-abda-212915953261,DT-978,Mayla,,Wolfspitz,W,2017-01-01,,,019b6f8b-fc4b-7144-a432-9d4c0089c390,,,,,,,,,2026-01-22T15:34:36.000Z,2026-01-22T15:34:36.000Z,1,0,
019be657-de80-7c46-bdd5-afe7972df545,DT-979,Schura,,,W,2015-05-10,,,019b6f8b-fc4a-7419-ad3e-fab383ccd952,,,,,,,,90032002456608,2026-01-22T15:34:36.000Z,2026-01-22T15:34:36.000Z,1,0,
019be657-de81-735f-b8f7-ccfdfb34254e,DT-980,Rudi,,,M,2018-10-03,,,019b6f8b-fc44-76ec-a51e-d8a5e110eab5,,,,,,,,276094500550422,2026-01-22T15:34:36.000Z,2026-01-22T15:34:36.000Z,1,0,
019be657-de81-7873-8110-9f77ae5bdb23,DT-981,Aron,,,M,2017-11-05,,,019b6f8b-fc44-796b-973d-bcd0a0bf578c,,,,,,,,276098106280338DEU,2026-01-22T15:34:36.000Z,2026-01-22T15:34:36.000Z,1,0,
019be657-de81-722b-9ed8-fe68bdbe1aa6,DT-982,Brico,,,M,2014-03-01,,,019b6f8b-fc4a-72d0-a4f1-2b6e125541a1,,,,,,,,3800260042042023,2026-01-22T15:34:36.000Z,2026-01-22T15:34:36.000Z,1,0,
019be657-de81-7bfc-a468-2c4a39ddd9ee,DT-983,Joy,,,W,2006-10-01,,,019b6f8b-fc4b-71aa-8172-38882e8cb1ad,,,,,,,,972000000502389,2026-01-22T15:34:36.000Z,2026-01-22T15:34:36.000Z,1,0,
019be657-de81-72b4-80e1-3075780a6aa9,DT-984,Xinia,,,W,2011-06-10,,,019b6f8b-fc49-735e-8104-c360b0b74d89,,,,,,,,756095200107041,2026-01-22T15:34:36.000Z,2026-01-22T15:34:36.000Z,1,0,
019be657-de81-76d8-b868-505561aca5b2,DT-985,Gismo,,,M,2023-10-21,,,019b6f8b-fc44-7151-acf4-d3d20d751827,,,,,,,,756097201041002,2026-01-22T15:34:36.000Z,2026-01-22T15:34:36.000Z,1,0,
019be657-de81-7810-adcb-dc5e95810151,DT-986,Olga,,Malchover (DS x Rottweile,W,,,,019b6f8b-fc43-7463-aad1-4b78f9a21932,,,,,,,,,2026-01-22T15:34:36.000Z,2026-01-22T15:34:36.000Z,1,0,
019be657-de81-7c38-996a-5a5808ec3329,DT-987,Emma,,,W,2020-07-05,,,019b6f8b-fc43-7463-aad1-4b78f9a21932,,,,,,,,756093900057475,2026-01-22T15:34:36.000Z,2026-01-22T15:34:36.000Z,1,0,
019be657-de82-7c1c-b33f-d9c2be7637f8,DT-988,Qaid,,,M,2020-08-18,,,019b6f8b-fc45-791f-b121-f1738051a768,,,,,,,,756098100913420,2026-01-22T15:34:36.000Z,2026-01-22T15:34:36.000Z,1,0,
019be657-de82-7dbe-bb08-ae62cb1d1c25,DT-989,Baba,,Labrador Mix,M,2012-05-01,,,019b6f8b-fc4a-7a45-ad87-b10006d68a8b,,,,,,,,,2026-01-22T15:34:36.000Z,2026-01-22T15:34:36.000Z,1,0,
019be657-de82-77cc-94ce-63eb98c9071d,DT-990,Whisky,,Border Collie,M,,,,019b6f8b-fc44-7579-9d63-a8fc33928868,,,,,,,,,2026-01-22T15:34:36.000Z,2026-01-22T15:34:36.000Z,1,0,
019be657-de82-75e3-b7ea-b515066e7a87,DT-991,Miro,,,M,2011-01-22,,,019b6f8b-fc44-7c93-a051-fa108e8cbdf9,,,,,,,,756 098 100 533 9724,2026-01-22T15:34:36.000Z,2026-01-22T15:34:36.000Z,1,0,
019be657-de82-7fa8-a5bf-dab8cc9e52f4,DT-992,Anuri,,Havaneser,W,2020-10-19,,,019b6f8b-fc44-7c93-a051-fa108e8cbdf9,,,,,,,,,2026-01-22T15:34:36.000Z,2026-01-22T15:34:36.000Z,1,0,
019be657-de82-7851-a2b5-4fe844919381,DT-993,Buddy,,,M,2013-10-22,,,019b6f8b-fc48-7c4e-8c56-bb7db86756bd,,,,,,,,756098100611050,2026-01-22T15:34:36.000Z,2026-01-22T15:34:36.000Z,1,0,
019be657-de82-712c-981c-5f36c2029685,DT-994,Patsy,,,W,2016-06-10,,,019b6f8b-fc4a-776c-9e59-3bc4d0dc8af0,,,,,,,,756098100563963,2026-01-22T15:34:36.000Z,2026-01-22T15:34:36.000Z,1,0,
019be657-de82-790f-b9f2-a981577800b2,DT-995,Milena,,,W,2021-06-30,,,019b6f8b-fc4a-776c-9e59-3bc4d0dc8af0,,,,,,,,756097201019834,2026-01-22T15:34:36.000Z,2026-01-22T15:34:36.000Z,1,0,
019be657-de83-718a-88c8-83405d7e80d5,DT-996,Jace,,,M,2014-03-27,,,019b6f8b-fc4a-7576-9fdf-eda36dfd9361,,,,,,,,756098500077770,2026-01-22T15:34:36.000Z,2026-01-22T15:34:36.000Z,1,0,
019be657-de83-7b19-b855-f6ce708befb6,DT-997,Alvar,,Labrador Retriever,M,2022-02-21,,,019b6f8b-fc4a-7576-9fdf-eda36dfd9361,,,,,,,,,2026-01-22T15:34:36.000Z,2026-01-22T15:34:36.000Z,1,0,
019be657-de83-7848-8b3d-34c3eb054b4b,DT-998,Jace,,,M,2014-03-27,,,019b6f8b-fc4a-7945-9fe6-f54d5cb24e08,,,,,,,,756098500077770,2026-01-22T15:34:36.000Z,2026-01-22T15:34:36.000Z,1,0,
019be657-de83-72d1-aff5-2fe0886c2715,DT-999,Alvar,,,M,2022-02-21,,,019b6f8b-fc4a-7945-9fe6-f54d5cb24e08,,,,,,,,756097201029333,2026-01-22T15:34:36.000Z,2026-01-22T15:34:36.000Z,1,0,
019be657-de83-7a1d-9bdd-956ff61a10d8,DT-1000,Nero,,,M,2016-12-05,,,019b6f8b-fc4b-7c2b-9a66-d643c045d90f,,,,,,,,756093900036472,2026-01-22T15:34:36.000Z,2026-01-22T15:34:36.000Z,1,0,
019be657-de83-77d5-b3d3-dca256f4eb03,DT-1001,Whisky,,,M,2018-06-10,,,019b6f8b-fc43-72ce-9913-148b78a0cd3a,,,,,,,,276095610371260,2026-01-22T15:34:36.000Z,2026-01-22T15:34:36.000Z,1,0,
019be657-de83-7e02-9ce7-6acc5a420854,DT-1002,Römmie,,,W,2011-06-08,,,019b6f8b-fc43-72ce-9913-148b78a0cd3a,,,,,,,,756 098 100 553 506,2026-01-22T15:34:36.000Z,2026-01-22T15:34:36.000Z,1,0,
019be657-de83-7bf5-96af-970b0c33e77a,DT-1003,Bakari,,Rhodesian Ridgeback,M,2012-06-01,,,019b6f8b-fc4a-7747-a605-e4de7503c8a7,,,,,,,,,2026-01-22T15:34:36.000Z,2026-01-22T15:34:36.000Z,1,0,
019be657-de83-7890-b1e1-e179d3199048,DT-1004,Fairy Tale,,,W,2021-05-25,,,019b6f8b-fc46-7355-b6ea-714d7f310878,,,,,,,,756095310060480,2026-01-22T15:34:36.000Z,2026-01-22T15:34:36.000Z,1,0,
019be657-de84-750f-aa3e-34dd9ef9a0f8,DT-1005,Stöpsel,,,W,2017-12-27,,,019b6f8b-fc4b-7bb5-b08a-b33d9df19ef9,,,,,,,,756098100843352,2026-01-22T15:34:36.000Z,2026-01-22T15:34:36.000Z,1,0,
019be657-de84-7842-8815-596aa2accb96,DT-1006,Kianu,,,M,2024-07-30,,,019b6f8b-fc47-74c7-9571-f209d515cdea,,,,,,,,756095310183591,2026-01-22T15:34:36.000Z,2026-01-22T15:34:36.000Z,1,0,
019be657-de84-743c-9c4d-6585537fde2b,DT-1007,Bobby,,,M,2012-06-18,,,019b6f8b-fc49-760d-9d8a-11a38b20aa6b,,,,,,,,900 182 000 184 387,2026-01-22T15:34:36.000Z,2026-01-22T15:34:36.000Z,1,0,
019be657-de84-7099-9fb2-51f26a632879,DT-1008,Abby,,,W,2016-10-11,,,019b6f8b-fc4b-73a5-8f11-e6ca9f7eed75,,,,,,,,756098100705166,2026-01-22T15:34:36.000Z,2026-01-22T15:34:36.000Z,1,0,
019be657-de84-7ff7-976b-b089cc2a7adc,DT-1009,Max,,,M,2016-10-09,,,019b6f8b-fc45-7abc-8a23-d1cf4ec8dd5c,,,,,,,,941000023485061,2026-01-22T15:34:36.000Z,2026-01-22T15:34:36.000Z,1,0,
019be657-de84-776d-a2a4-cde67bbcfc71,DT-1010,Ianelle,,,W,2022-07-20,,,019b6f8b-fc46-708d-9411-831b85cf7f9a,,,,,,,,756095310099176,2026-01-22T15:34:36.000Z,2026-01-22T15:34:36.000Z,1,0,
019be657-de84-79ea-98f9-ec57d517c27c,DT-1011,Iari,,,M,2022-07-20,,,019b6f8b-fc46-708d-9411-831b85cf7f9a,,,,,,,,756095310099642,2026-01-22T15:34:36.000Z,2026-01-22T15:34:36.000Z,1,0,
019be657-de84-7a6a-9927-04ed1c461801,DT-1012,Ianelle,,,W,,,,019b6f8b-fc46-7231-b972-30a27ff1d3d1,,,,,,,,756095310099176,2026-01-22T15:34:36.000Z,2026-01-22T15:34:36.000Z,1,0,
019be657-de85-7fd7-8567-3891193f8d14,DT-1013,Indy,,Norwich Terrier,M,2010-08-15,,,019b6f8b-fc48-791f-86ca-081116cfe7c8,,,,,,,,,2026-01-22T15:34:36.000Z,2026-01-22T15:34:36.000Z,1,0,
019be657-de85-7219-af25-b67e6d88ad84,DT-1014,Capo,,Australian Shepherd Dog,M,,,,019b6f8b-fc44-77f8-aa6f-8359722eab44,,,,,,,,,2026-01-22T15:34:36.000Z,2026-01-22T15:34:36.000Z,1,0,
019be657-de85-77cb-bef2-7e2ea95dfed5,DT-1015,Lenni,,,X,2006-08-01,,,019b6f8b-fc49-7f8b-a09d-652a6922a442,,,,,,,,756 097 200 040 764,2026-01-22T15:34:36.000Z,2026-01-22T15:34:36.000Z,1,0,
019be657-de85-7d18-a04d-3ebf760ad7a4,DT-1016,Daysi,,,W,2016-03-04,,,019b6f8b-fc44-7bdf-92f2-d8d92c2ba6f1,,,,,,,,756098100728210,2026-01-22T15:34:36.000Z,2026-01-22T15:34:36.000Z,1,0,
019be657-de85-7996-809a-5bcea16b5ad2,DT-1017,Sam,,,M,2012-05-01,,,019b6f8b-fc4a-7b97-b8c0-4c36e22d8e7a,,,,,,,,941000015170952,2026-01-22T15:34:36.000Z,2026-01-22T15:34:36.000Z,1,0,
019be657-de85-7e40-9138-e6d39fee2d4b,DT-1018,Oskar,,,M,2020-08-17,,,019b6f8b-fc45-7f6a-aa41-b5cc86da1e5b,,,,,,,,276098800206547,2026-01-22T15:34:36.000Z,2026-01-22T15:34:36.000Z,1,0,
019be657-de85-728c-a4bf-5fbb9cae4ebf,DT-1019,Imau,,,W,2023-12-28,,,019b6f8b-fc47-7d03-a015-041e42bbda8f,,,,,,,,972274001601126,2026-01-22T15:34:36.000Z,2026-01-22T15:34:36.000Z,1,0,
019be657-de85-7aca-b791-329e7b9cb963,DT-1020,Paco,,Schäfer x Flat Mix,M,2011-01-01,,,019b6f8b-fc47-76c3-8348-f93ba4378bc3,,,,,,,,,2026-01-22T15:34:36.000Z,2026-01-22T15:34:36.000Z,1,0,
019be657-de86-7203-9f26-23594434c6c0,DT-1021,Mogli,,Deutscher Schäferhund,M,,,,019b6f8b-fc44-7bfd-9ca6-e9ad4b3bedca,,,,,,,,,2026-01-22T15:34:36.000Z,2026-01-22T15:34:36.000Z,1,0,
019be657-de86-7344-a8fd-8be8c090fd44,DT-1022,Bady,,Havaneser,M,2014-06-02,,,019b6f8b-fc4a-787c-af81-220ef0fea43b,,,,,,,,,2026-01-22T15:34:36.000Z,2026-01-22T15:34:36.000Z,1,0,
019be657-de86-77b3-a0fd-aaa1afe6a460,DT-1023,Allie,,Französische Bulldogge,W,2013-05-14,,,019b6f8b-fc4a-7d59-899f-c8b80881d0c1,,,,,,,,,2026-01-22T15:34:36.000Z,2026-01-22T15:34:36.000Z,1,0,
019be657-de86-77a6-b34e-e4d2b49eae4b,DT-1024,Daisy,,,W,2021-10-17,,,019b6f8b-fc45-7689-be01-ab05f6741dd4,,,,,,,,756098800035225,2026-01-22T15:34:36.000Z,2026-01-22T15:34:36.000Z,1,0,
019be657-de86-787e-b660-6e21b5617c7d,DT-1025,Frosty,,,M,2014-07-01,,,019b6f8b-fc4a-7a5d-8686-5b11c9592224,,,,,,,,756098100703225,2026-01-22T15:34:36.000Z,2026-01-22T15:34:36.000Z,1,0,
019be657-de86-7208-ab77-84d465fdb783,DT-1026,Juna,,Appenzeller- Bordercollie,W,2018-11-20,,,019b6f8b-fc44-7007-809c-51102919a9c4,,,,,,,,,2026-01-22T15:34:36.000Z,2026-01-22T15:34:36.000Z,1,0,
019be657-de86-78b5-a11a-589ccfae6821,DT-1027,Arta,,Dackel Mix,W,,,,019b6f8b-fc47-7ff2-a73e-7e44793cb834,,,,,,,,,2026-01-22T15:34:36.000Z,2026-01-22T15:34:36.000Z,1,0,
019be657-de86-7518-82d2-e448ef4f1280,DT-1028,Picasso,,,M,2012-07-13,,,019b6f8b-fc49-7e1d-ae7e-28700456c7e6,,,,,,,,380260000943527,2026-01-22T15:34:36.000Z,2026-01-22T15:34:36.000Z,1,0,
019be657-de87-78b8-9989-b4f983b2d5f4,DT-1029,Giudi,,,W,2023-06-01,,,019b6f8b-fc46-7a02-9a6f-a40268b2d9db,,,,,,,,380260004656279,2026-01-22T15:34:36.000Z,2026-01-22T15:34:36.000Z,1,0,
019be657-de87-7bd6-a0c1-36472c23657b,DT-1030,Woody,,,M,2011-12-11,,,019b6f8b-fc47-7769-b2ce-ed0a862b1a59,,,,,,,,756 098 100 548 765,2026-01-22T15:34:36.000Z,2026-01-22T15:34:36.000Z,1,0,
019be657-de87-7152-954b-3f36719fa11d,DT-1031,Niro,,Deutscher Schäferhund x,M,2013-12-06,,,019b6f8b-fc44-7deb-b4a0-f9c85d400f44,,,,,,,,,2026-01-22T15:34:36.000Z,2026-01-22T15:34:36.000Z,1,0,
019be657-de87-7c60-ad39-bc21895ac2d0,DT-1032,Atshu,,,M,2014-06-07,,,019b6f8b-fc4a-7bd0-ac70-60e3200cf08e,,,,,,,,756098100662780,2026-01-22T15:34:36.000Z,2026-01-22T15:34:36.000Z,1,0,
019be657-de87-7471-996f-bdd58656ca9b,DT-1033,Asha,,,W,2014-06-07,,,019b6f8b-fc4a-7bd0-ac70-60e3200cf08e,,,,,,,,756098100665213,2026-01-22T15:34:36.000Z,2026-01-22T15:34:36.000Z,1,0,
019be657-de87-7216-8eff-31911be02f1d,DT-1034,Asha,,,W,2014-06-07,,,019b6f8b-fc4a-7c88-b770-3bd8c6b712e3,,,,,,,,756098100665213,2026-01-22T15:34:36.000Z,2026-01-22T15:34:36.000Z,1,0,
019be657-de87-7727-ae2b-b8d66651d320,DT-1035,Koffie,,Shetland Sheepdog,M,2011-09-14,,,019b6f8b-fc4a-711d-b3f5-4a66791fceaf,,,,,,,,,2026-01-22T15:34:36.000Z,2026-01-22T15:34:36.000Z,1,0,
019be657-de87-7c49-a1cd-d36444cdc652,DT-1036,Sky,,Kroatischer Schäferhund,M,2016-01-30,,,019b6f8b-fc4a-7fc3-bb7d-e944aa4732d8,,,,,,,,,2026-01-22T15:34:36.000Z,2026-01-22T15:34:36.000Z,1,0,
019be657-de88-76a6-a8cd-ac8cfaed979a,DT-1037,Lira,,Deutscher Schäferhund Mi,W,,,,019b6f8b-fc47-7467-99a5-78e861f3e6c3,,,,,,,,,2026-01-22T15:34:36.000Z,2026-01-22T15:34:36.000Z,1,0,
019be657-de88-79e7-9d8b-036b7b134923,DT-1038,Gonzalves,,,M,2015-11-25,,,019b6f8b-fc4b-7011-8ecc-54b329fec1cc,,,,,,,,276098106166763,2026-01-22T15:34:36.000Z,2026-01-22T15:34:36.000Z,1,0,
019be657-de88-758e-bbfe-f011727238bd,DT-1039,Yuri,,,M,2017-11-24,,,019b6f8b-fc44-7dc4-9b31-eeb5b070dff9,,,,,,,,941000021541228,2026-01-22T15:34:36.000Z,2026-01-22T15:34:36.000Z,1,0,
019be657-de88-7ab7-b0b9-2dab9c4b29b5,DT-1040,Luna,,,W,2016-04-01,,,019b6f8b-fc44-7dc4-9b31-eeb5b070dff9,,,,,,,,191100000867233,2026-01-22T15:34:36.000Z,2026-01-22T15:34:36.000Z,1,0,
019be657-de88-7f23-acbb-3071c6141a7a,DT-1041,Duoduo,,,M,2020-07-12,,,019b6f8b-fc45-79ab-8d75-5ab5cbac0e12,,,,,,,,991003000782357,2026-01-22T15:34:36.000Z,2026-01-22T15:34:36.000Z,1,0,
019be657-de88-76d8-b78c-4cad19b96af0,DT-1042,Berenice,,,W,2014-12-31,,,019b6f8b-fc48-7473-b9be-7f2413a2e284,,,,,,,,934000011135150,2026-01-22T15:34:36.000Z,2026-01-22T15:34:36.000Z,1,0,
019be657-de88-7152-b4ce-607bb941506a,DT-1043,Balu,,,M,2012-09-03,,,019b6f8b-fc4a-71a2-96fe-a75f62d19f28,,,,,,,,40097809079007,2026-01-22T15:34:36.000Z,2026-01-22T15:34:36.000Z,1,0,
019be657-de88-7259-9cd6-eae70a68dfd4,DT-1044,Yuna,,,W,2023-06-23,,,019b6f8b-fc47-712e-8059-107cf1c52ede,,,,,,,,756093900097986,2026-01-22T15:34:36.000Z,2026-01-22T15:34:36.000Z,1,0,
019be657-de89-714e-a6d9-e8102c8b4d9a,DT-1045,Tyson,,,M,2016-11-02,,,019b6f8b-fc4b-7287-b828-ecc6d7fb6cd1,,,,,,,,756097202014796,2026-01-22T15:34:36.000Z,2026-01-22T15:34:36.000Z,1,0,
019be657-de89-7c12-b92a-49c5c6a32d0a,DT-1046,Balou,,Old english Bulldogge,M,2017-11-24,,,019b6f8b-fc47-7893-be52-b620f38e2381,,,,,,,,,2026-01-22T15:34:36.000Z,2026-01-22T15:34:36.000Z,1,0,
019be657-de89-7eff-bcab-6065f3537f75,DT-1047,Kimbo,,Federico Agnello (Sohn),M,2017-01-01,,,019b6f8b-fc44-79fd-8af5-ad2d24781af1,,,,,,,,380260004004013,2026-01-22T15:34:36.000Z,2026-01-22T15:34:36.000Z,1,0,
019be657-de89-70c2-9fb6-d521ac514bf6,DT-1048,Lion,,,M,2022-06-30,,,019b6f8b-fc46-7e9f-a449-f6da9ec0ca4e,,,,,,,,756095310104818,2026-01-22T15:34:36.000Z,2026-01-22T15:34:36.000Z,1,0,
019be657-de89-7499-8162-845227dd346b,DT-1049,Sunny,,,W,2013-07-11,,,019b6f8b-fc49-7b37-aea3-3208f813c8ac,,,,,,,,756096900002894,2026-01-22T15:34:36.000Z,2026-01-22T15:34:36.000Z,1,0,
019be657-de89-7b9b-8f80-e619de417579,DT-1050,Idefix,,,M,2007-06-02,,,019b6f8b-fc49-7d95-a646-6755717d58a4,,,,,,,,756 097 200 126 268,2026-01-22T15:34:36.000Z,2026-01-22T15:34:36.000Z,1,0,
019be657-de89-7d82-ab35-3dbf5ce21837,DT-1051,Willi,,,M,2019-11-11,,,019b6f8b-fc49-7d95-a646-6755717d58a4,,,,,,,,756098100897228,2026-01-22T15:34:36.000Z,2026-01-22T15:34:36.000Z,1,0,
019be657-de89-79d2-af20-687948470ef7,DT-1052,Cedor,,Alpenlaendische Dachsbr,M,2009-03-10,,,019b6f8b-fc49-7ebe-9b4f-c0a54341370f,,,,,,,,,2026-01-22T15:34:36.000Z,2026-01-22T15:34:36.000Z,1,0,
019be657-de8a-743d-b8f3-ea8ffed10893,DT-1053,Eddie,,Boxer,M,,,,019b6f8b-fc45-7182-a373-e4fe0d847aaf,,,,,,,,,2026-01-22T15:34:36.000Z,2026-01-22T15:34:36.000Z,1,0,
019be657-de8a-787d-bd60-ef088008cc3f,DT-1054,Eddie,,,M,2020-12-22,,,019b6f8b-fc45-77cc-9e58-6c5fa6d56919,,,,,,,,991003000704120,2026-01-22T15:34:36.000Z,2026-01-22T15:34:36.000Z,1,0,
019be657-de8a-751f-9e17-dece6cda6b58,DT-1055,Timo,,,M,2023-07-15,,,019b6f8b-fc47-7a55-8995-bbf733272855,,,,,,,,756098100983229,2026-01-22T15:34:36.000Z,2026-01-22T15:34:36.000Z,1,0,
019be657-de8a-72d1-b470-96103e656af2,DT-1056,Lenny,,Kromfohrländer,M,,,,019b6f8b-fc44-7630-8d42-ae372d4ec08b,,,,,,,,,2026-01-22T15:34:36.000Z,2026-01-22T15:34:36.000Z,1,0,
019be657-de8a-7c74-badc-e924d1155135,DT-1057,Sullivan,,,M,2013-10-03,,,019b6f8b-fc43-74a1-9466-5e800aa4a678,,,,,,,,276094180092604,2026-01-22T15:34:36.000Z,2026-01-22T15:34:36.000Z,1,0,
019be657-de8a-74b8-86ee-dbf17cf43251,DT-1058,Elvis,,Bolonka Zwetna,M,2018-03-15,,,019b6f8b-fc44-7595-b367-e8dbd611581e,,,,,,,,,2026-01-22T15:34:36.000Z,2026-01-22T15:34:36.000Z,1,0,
019be657-de8a-7dbc-aeb7-1d75b9214dcd,DT-1059,Amy,,,W,2012-02-01,,,019b6f8b-fc48-754e-8f73-3adbc5630a1e,,,,,,,,941 000 013 744 825,2026-01-22T15:34:36.000Z,2026-01-22T15:34:36.000Z,1,0,
019be657-de8b-7242-b7eb-72a0648fa0cf,DT-1060,Dubai,,,W,2020-09-24,,,019b6f8b-fc45-7d98-b020-6c4901aa7813,,,,,,,,756095310043312,2026-01-22T15:34:36.000Z,2026-01-22T15:34:36.000Z,1,0,
019be657-de8b-7d1d-9e64-eb8cbe56294f,DT-1061,Ginny,,Labrador Retriever,W,,,,019b6f8b-fc45-7625-8f8a-2a87578e7cbf,,,,,,,,,2026-01-22T15:34:36.000Z,2026-01-22T15:34:36.000Z,1,0,
019be657-de8b-7ece-9190-3101c36fc339,DT-1062,Ginny,,,W,2019-07-26,,,019b6f8b-fc45-7c3d-b2d4-d7b17fc16070,,,,,,,,276098106911822,2026-01-22T15:34:36.000Z,2026-01-22T15:34:36.000Z,1,0,
019be657-de8b-7dea-94dd-d3c9d4c39c97,DT-1063,Swina,,,W,2022-07-01,,,019b6f8b-fc46-7e85-9041-87f606af3cd6,,,,,,,,756095310104968,2026-01-22T15:34:36.000Z,2026-01-22T15:34:36.000Z,1,0,
019be657-de8b-7eaa-9503-4f14626981a8,DT-1064,Swina,,,W,2022-07-01,,,019b6f8b-fc46-7e3c-9b43-5db864856773,,,,,,,,756095310104968,2026-01-22T15:34:36.000Z,2026-01-22T15:34:36.000Z,1,0,
019be657-de8b-7741-8d30-c1d3ed9a3379,DT-1065,Tiki,,,M,2013-05-16,,,019b6f8b-fc49-7cef-abff-952afdd475dc,,,,,,,,756098500075554,2026-01-22T15:34:36.000Z,2026-01-22T15:34:36.000Z,1,0,
019be657-de8b-7b4c-8432-b2606d399bfb,DT-1066,Sheila,,,W,2017-01-22,,,019b6f8b-fc47-7858-a7d3-6d493fb3a4c2,,,,,,,,276098007191629,2026-01-22T15:34:36.000Z,2026-01-22T15:34:36.000Z,1,0,
019be657-de8b-73be-b773-01f69fac6441,DT-1067,Nero,,Appenzeller Mix,M,2013-11-08,,,019b6f8b-fc4a-762a-ba14-983835e680d8,,,,,,,,,2026-01-22T15:34:36.000Z,2026-01-22T15:34:36.000Z,1,0,
019be657-de8c-7039-bbaa-3a57e9a00b81,DT-1068,Stella,,Jack Russell Terrier,W,2002-09-01,,,019b6f8b-fc4a-7861-933b-47e155b6d6bd,,,,,,,,,2026-01-22T15:34:36.000Z,2026-01-22T15:34:36.000Z,1,0,
019be657-de8c-784b-a228-695e7a16b503,DT-1069,Nero,,Appenzeller Mix,M,2013-11-08,,,019b6f8b-fc49-7aa5-aff8-82114cc475f5,,,,,,,,,2026-01-22T15:34:36.000Z,2026-01-22T15:34:36.000Z,1,0,
019be657-de8c-719d-bb79-d63c785effa5,DT-1070,Nero,,Appenzeller Mix,M,2013-11-08,,,019b6f8b-fc49-7aa5-aff8-82114cc475f5,,,,,,,,,2026-01-22T15:34:36.000Z,2026-01-22T15:34:36.000Z,1,0,
019be657-de8c-7ef9-8624-89e225184d8d,DT-1071,Polly,,,W,2019-12-18,,,019b6f8b-fc44-79fc-add4-f1193892b120,,,,,,,,250268732716287,2026-01-22T15:34:36.000Z,2026-01-22T15:34:36.000Z,1,0,
019be657-de8c-795a-8d31-c2eee67db509,DT-1072,Yamia,,,W,2017-02-10,,,019b6f8b-fc44-79fc-add4-f1193892b120,,,,,,,,380260043123653,2026-01-22T15:34:36.000Z,2026-01-22T15:34:36.000Z,1,0,
019be657-de8c-7bc5-9af5-1114ed25ab08,DT-1073,Clyde,,Dackel Standard,M,2021-02-24,,,019b6f8b-fc45-7d71-bfca-00685dd61a00,,,,,,,,,2026-01-22T15:34:36.000Z,2026-01-22T15:34:36.000Z,1,0,
019be657-de8c-7b05-bd01-2d2932396b1b,DT-1074,Boy,,,M,2019-04-29,,,019b6f8b-fc44-7562-9bb2-559dc7a7c617,,,,,,,,276098009214238,2026-01-22T15:34:36.000Z,2026-01-22T15:34:36.000Z,1,0,
019be657-de8c-73cb-be75-11701a2c7897,DT-1075,Lizzy,,,W,2021-11-03,,,019b6f8b-fc45-7c36-9d8e-640755b2b723,,,,,,,,276099200180179,2026-01-22T15:34:36.000Z,2026-01-22T15:34:36.000Z,1,0,
019be657-de8d-7bae-bfc0-b60d004e3ab1,DT-1076,Luna,,Magyar Vizsla,W,,,,019b6f8b-fc4a-75b8-8cde-f01b538ed2fc,,,,,,,,,2026-01-22T15:34:36.000Z,2026-01-22T15:34:36.000Z,1,0,
019be657-de8d-7ea2-a3f1-58fa0fe252fa,DT-1077,Luna,,Magyar Vizsla,W,2016-05-08,,,019b6f8b-fc4b-7afe-946e-00c5df588729,,,,,,,,,2026-01-22T15:34:36.000Z,2026-01-22T15:34:36.000Z,1,0,
019be657-de8d-7265-a508-486fc91adc2f,DT-1078,Cinkos,,,M,2009-07-22,,,019b6f8b-fc4b-76f5-aa79-16ae149600f8,,,,,,,,900182000241743,2026-01-22T15:34:36.000Z,2026-01-22T15:34:36.000Z,1,0,
019be657-de8d-76a2-9a14-f4a2b0df2f3e,DT-1079,Emmy,,,W,2011-06-28,,,019b6f8b-fc48-7293-97fe-e47da8769f90,,,,,,,,756 097 200 147 305,2026-01-22T15:34:36.000Z,2026-01-22T15:34:36.000Z,1,0,
019be657-de8d-7547-9d92-5764f20f120c,DT-1080,Gipsy,,,W,2011-06-28,,,019b6f8b-fc48-7293-97fe-e47da8769f90,,,,,,,,756 097 200 152 297,2026-01-22T15:34:36.000Z,2026-01-22T15:34:36.000Z,1,0,
019be657-de8d-7c82-a1c7-9f16de1917de,DT-1081,Piccolo,,,M,2010-03-15,,,019b6f8b-fc49-77e3-9c6f-987ea1eef03c,,,,,,,,756098100458370,2026-01-22T15:34:36.000Z,2026-01-22T15:34:36.000Z,1,0,
019be657-de8d-72bc-af47-63a564b62d35,DT-1082,Daiki,,,X,2015-03-17,,,019b6f8b-fc4a-74cb-bdb2-f91768da676d,,,,,,,,756098100681780,2026-01-22T15:34:36.000Z,2026-01-22T15:34:36.000Z,1,0,
019be657-de8e-7260-8682-0dc2cc7e8fb6,DT-1083,Tinka,,,W,2012-08-01,,,019b6f8b-fc49-78f9-bbb2-0871adf67834,,,,,,,,9410000141167590,2026-01-22T15:34:36.000Z,2026-01-22T15:34:36.000Z,1,0,
019be657-de8e-7848-ba89-610b058ee8b5,DT-1084,Nova,,Labrador Retriever,W,,,,019b6f8b-fc47-729b-b4a0-c7ae81c0cc64,,,,,,,,,2026-01-22T15:34:36.000Z,2026-01-22T15:34:36.000Z,1,0,
019be657-de8e-77a7-98ae-c11955a64416,DT-1085,Nova,,,W,2023-04-09,,,019b6f8b-fc46-7928-a588-ef883fff25b9,,,,,,,,756097201037176,2026-01-22T15:34:36.000Z,2026-01-22T15:34:36.000Z,1,0,
019be657-de8e-7e21-a7aa-a97a630f61e5,DT-1086,Nash,,Labrador Retriever,M,,,,019b6f8b-fc43-744e-a19b-653809f2bcc7,,,,,,,,,2026-01-22T15:34:36.000Z,2026-01-22T15:34:36.000Z,1,0,
019be657-de8e-74e2-af87-b07e81b53fb1,DT-1087,Lexa,,Weisser Schweizer Schäf,W,2015-05-27,,,019b6f8b-fc4b-7469-947d-8d2e5d65b831,,,,,,,,,2026-01-22T15:34:36.000Z,2026-01-22T15:34:36.000Z,1,0,
019be657-de8e-7f03-aec7-ff5e369a1a83,DT-1088,Micky,,Cairn Terrier,M,2015-11-03,,,019b6f8b-fc4a-7ef5-9310-dcf75628cf3f,,,,,,,,,2026-01-22T15:34:36.000Z,2026-01-22T15:34:36.000Z,1,0,
019be657-de8e-70f4-81e3-e884246750c0,DT-1089,Luna,,,W,2012-12-01,,,019b6f8b-fc49-7874-97b0-0d9521e95775,,,,,,,,941 000 014 672 692,2026-01-22T15:34:36.000Z,2026-01-22T15:34:36.000Z,1,0,
019be657-de8e-788b-b93e-ccf47572f4fa,DT-1090,Sheila,,American Staffordshire Te,W,,,,019b6f8b-fc4b-79c5-b4ff-a919579cc15d,,,,,,,,,2026-01-22T15:34:36.000Z,2026-01-22T15:34:36.000Z,1,0,
019be657-de8f-74a7-936f-a01455779f81,DT-1091,Roseli,,,W,2018-06-10,,,019b6f8b-fc44-767d-957e-e1778d13b5a6,,,,,,,,756096901005457,2026-01-22T15:34:36.000Z,2026-01-22T15:34:36.000Z,1,0,
019be657-de8f-71d3-90d8-34f9ca9570ab,DT-1092,Vito,,American Bulldog,M,,,,019b6f8b-fc4a-7ac4-b6b4-f8ded3a5fd57,,,,,,,,,2026-01-22T15:34:36.000Z,2026-01-22T15:34:36.000Z,1,0,
019be657-de8f-7a4e-90d0-728748a66f51,DT-1093,Bonnie,,Cairn Terrier,W,2011-04-21,,,019b6f8b-fc47-775d-bc15-1b521ca9ad9b,,,,,,,,,2026-01-22T15:34:36.000Z,2026-01-22T15:34:36.000Z,1,0,
019be657-de8f-7042-b4dc-aa3f67c4a9ac,DT-1094,Giosch,,,M,2015-08-07,,,019b6f8b-fc4a-7efb-b9ee-efe460d5a4cd,,,,,,,,756097200099689,2026-01-22T15:34:36.000Z,2026-01-22T15:34:36.000Z,1,0,
019be657-de8f-7a23-a121-44f830e26445,DT-1095,Harry,,,M,2024-03-27,,,019b6f8b-fc47-7218-867a-2eadacf4d710,,,,,,,,941000028021250,2026-01-22T15:34:36.000Z,2026-01-22T15:34:36.000Z,1,0,
019be657-de8f-741c-828a-00fe63decec9,DT-1096,Lizzy,,Australian Shepherd Dog,W,,,,019b6f8b-fc45-7c5e-959b-087984cebe67,,,,,,,,,2026-01-22T15:34:36.000Z,2026-01-22T15:34:36.000Z,1,0,
019be657-de8f-7a7c-be5c-5fab00548bdd,DT-1097,Phila,,,X,2011-04-26,,,019b6f8b-fc48-7091-9b91-c24df39ec492,,,,,,,,400 981 003 279 93,2026-01-22T15:34:36.000Z,2026-01-22T15:34:36.000Z,1,0,
019be657-de8f-7d34-a42b-d47937e116cd,DT-1098,Mango,,,M,2023-12-08,,,019b6f8b-fc47-7ed6-be09-e7c82db98781,,,,,,,,756098100988434,2026-01-22T15:34:36.000Z,2026-01-22T15:34:36.000Z,1,0,
019be657-de90-7b48-bdab-474d1df30ae7,DT-1099,Shadow,,Altdeutscher Schäferhund,M,2016-06-01,,,019b6f8b-fc43-73a2-9bb8-4b871c45b1b1,,,,,,,,,2026-01-22T15:34:36.000Z,2026-01-22T15:34:36.000Z,1,0,
019be657-de90-7303-9535-90940aa5cf5a,DT-1100,Lou,,,W,2023-09-16,,,019b6f8b-fc43-73a2-9bb8-4b871c45b1b1,,,,,,,,276095611514861,2026-01-22T15:34:36.000Z,2026-01-22T15:34:36.000Z,1,0,
019be657-de90-7676-8d30-953e0a9872ff,DT-1101,Neo,,,M,2010-10-27,,,019b6f8b-fc48-7df6-bbfd-b6b42b9f201b,,,,,,,,756 097 200 146 814,2026-01-22T15:34:36.000Z,2026-01-22T15:34:36.000Z,1,0,
019be657-de90-7c04-9aa5-34036858e379,DT-1102,Solayah,,,W,2017-09-29,,,019b6f8b-fc47-7bdd-b11f-a3726145e59d,,,,,,,,756097202030330,2026-01-22T15:34:36.000Z,2026-01-22T15:34:36.000Z,1,0,
019be657-de90-7b83-b19c-0fbf57c46769,DT-1103,Alisa,,,W,2016-03-16,,,019b6f8b-fc47-7e39-94d5-1c9fec45fd42,,,,,,,,191100000841979,2026-01-22T15:34:36.000Z,2026-01-22T15:34:36.000Z,1,0,
019be657-de90-7272-97a1-31a1d501ce18,DT-1104,Cuki,,,M,2019-12-30,,,019b6f8b-fc43-7725-b619-4c80d9372ec9,,,,,,,,756097202040866,2026-01-22T15:34:36.000Z,2026-01-22T15:34:36.000Z,1,0,
019be657-de90-7d82-98be-c092cc90b376,DT-1105,Tyson,,,M,2015-06-13,,,019b6f8b-fc4a-73ef-b555-a3c17bc96c13,,,,,,,,939000010717230,2026-01-22T15:34:36.000Z,2026-01-22T15:34:36.000Z,1,0,
019be657-de91-79eb-9cc6-3a35b28e1569,DT-1106,Sunny,,,W,,,,019b6f8b-fc4a-73ef-b555-a3c17bc96c13,,,,,,,,620098100849697,2026-01-22T15:34:36.000Z,2026-01-22T15:34:36.000Z,1,0,
019be657-de91-7ecd-b9de-171510a669cc,DT-1107,Stella,,,W,2013-11-01,,,019b6f8b-fc4b-7812-a9bb-b4d24b445b97,,,,,,,,756098100681014,2026-01-22T15:34:36.000Z,2026-01-22T15:34:36.000Z,1,0,
019be657-de91-748b-b8c7-f6dac8d99f19,DT-1108,Hazel,,,W,2017-08-01,,,019b6f8b-fc4b-7812-a9bb-b4d24b445b97,,,,,,,,642099000491735,2026-01-22T15:34:36.000Z,2026-01-22T15:34:36.000Z,1,0,
019be657-de91-78de-b227-fbf44f10891d,DT-1109,Sita,,,W,2018-01-01,,,019b6f8b-fc44-7155-92c0-3c1397321dc8,,,,,,,,380260044316685,2026-01-22T15:34:36.000Z,2026-01-22T15:34:36.000Z,1,0,
019be657-de91-7555-a2d7-75148cf6ee48,DT-1110,Ambra,,,W,2008-08-01,,,019b6f8b-fc48-7cf1-a74c-f6eb5cb0f61d,,,,,,,,985 170 000 068 323,2026-01-22T15:34:36.000Z,2026-01-22T15:34:36.000Z,1,0,
019be657-de91-7731-8160-d23d297e358f,DT-1111,Diego,,,M,2019-03-08,,,019b6f8b-fc43-73c5-821c-dd1cb4c7b698,,,,,,,,939000010992371,2026-01-22T15:34:36.000Z,2026-01-22T15:34:36.000Z,1,0,
019be657-de91-78be-a6be-0667aaf3117d,DT-1112,Timi,,,M,2011-12-03,,,019b6f8b-fc48-719e-afe4-c393c58bdd54,,,,,,,,756 095 200 137 053,2026-01-22T15:34:36.000Z,2026-01-22T15:34:36.000Z,1,0,
019be657-de91-79ad-a5f3-bd7d5b82ffbb,DT-1113,Charlie,,,M,2013-06-01,,,019b6f8b-fc49-7063-bc25-a6db8b80aa69,,,,,,,,756 098 100 653 443,2026-01-22T15:34:36.000Z,2026-01-22T15:34:36.000Z,1,0,
019be657-de92-735f-a9a8-77560f36fc65,DT-1114,Corwin,,,M,2012-02-10,,,019b6f8b-fc47-7403-b766-90c1caf66802,,,,,,,,,2026-01-22T15:34:36.000Z,2026-01-22T15:34:36.000Z,1,0,
019be657-de92-7dfd-84a6-01384764358b,DT-1115,Qiro,,,M,2014-02-16,,,019b6f8b-fc49-70d9-a1a9-048b2881aae5,,,,,,,,276097209043056,2026-01-22T15:34:36.000Z,2026-01-22T15:34:36.000Z,1,0,
019be657-de92-7917-8254-c0d153b1629b,DT-1116,Diva,,,W,2022-05-01,,,019b6f8b-fc45-7415-a75f-091c0c2ca9a9,,,,,,,,756095310100629,2026-01-22T15:34:36.000Z,2026-01-22T15:34:36.000Z,1,0,
019be657-de92-7bbc-b49c-b5ab3b3962e9,DT-1117,Baily,,,M,2012-07-06,,,019b6f8b-fc4b-7d99-ad84-52c059e5e75b,,,,,,,,756098100579016,2026-01-22T15:34:36.000Z,2026-01-22T15:34:36.000Z,1,0,
019be657-de92-7cc4-85d2-33e0ce4155d6,DT-1118,Gina,,,W,2014-04-06,,,019b6f8b-fc4a-7db2-87e3-9c4c388e0461,,,,,,,,756097200020988,2026-01-22T15:34:36.000Z,2026-01-22T15:34:36.000Z,1,0,
019be657-de92-7906-bec7-f1425f14be4e,DT-1119,Cora,,,W,2017-02-27,,,019b6f8b-fc4a-7db2-87e3-9c4c388e0461,,,,,,,,756093900040414,2026-01-22T15:34:36.000Z,2026-01-22T15:34:36.000Z,1,0,
019be657-de92-7390-b3a4-077f78cf0ebc,DT-1120,Amira,,Deutscher Boxer,W,2017-10-03,,,019b6f8b-fc47-71b9-92a0-cda8247d677c,,,,,,,,,2026-01-22T15:34:36.000Z,2026-01-22T15:34:36.000Z,1,0,
019be657-de93-7890-8f19-b25bad52feed,DT-1121,Holly,,,W,2013-05-19,,,019b6f8b-fc4a-7422-9851-e7886e8d9fd9,,,,,,,,756098100638190,2026-01-22T15:34:36.000Z,2026-01-22T15:34:36.000Z,1,0,
019be657-de93-7380-bbee-f09d02b384a5,DT-1122,Kelly,,,W,2015-12-15,,,019b6f8b-fc4b-7cc1-bf8b-6fa52a83b5d0,,,,,,,,756097202012782,2026-01-22T15:34:36.000Z,2026-01-22T15:34:36.000Z,1,0,
019be657-de93-79c8-88ff-f6a8d9a09328,DT-1123,Lola,,,W,2013-01-02,,,019b6f8b-fc48-76bb-87f8-2ece54ff2b11,,,,,,,,756 098 100 613 993,2026-01-22T15:34:36.000Z,2026-01-22T15:34:36.000Z,1,0,
019be657-de93-7f23-9871-ced8b2462bf0,DT-1124,Belinha,,,W,2012-01-10,,,019b6f8b-fc49-7df0-8be0-cedc5e87c3a9,,,,,,,,972 274 000 093 727,2026-01-22T15:34:36.000Z,2026-01-22T15:34:36.000Z,1,0,
019be657-de93-78c1-a228-e7fc80aa13bd,DT-1125,Polly,,Labrador Retriever,W,2009-08-31,,,019b6f8b-fc49-7ff7-99bb-7c9606022ab6,,,,,,,,,2026-01-22T15:34:36.000Z,2026-01-22T15:34:36.000Z,1,0,
019be657-de93-7294-b70c-2b3ab01920ca,DT-1126,Arko,,,M,2011-08-14,,,019b6f8b-fc48-77f5-8bbb-a7118d324fd9,,,,,,,,756 098 100 504 490,2026-01-22T15:34:36.000Z,2026-01-22T15:34:36.000Z,1,0,
019be657-de93-72f1-8dfa-cf91643e82b4,DT-1127,Gina,,,W,2014-04-14,,,019b6f8b-fc48-77f5-8bbb-a7118d324fd9,,,,,,,,756097200020988,2026-01-22T15:34:36.000Z,2026-01-22T15:34:36.000Z,1,0,
019be657-de94-70cf-997d-b7dc09bf4c64,DT-1128,Himala,,,M,2012-04-12,,,019b6f8b-fc49-7c3b-a325-1d91d0866ff9,,,,,,,,756095200167753,2026-01-22T15:34:36.000Z,2026-01-22T15:34:36.000Z,1,0,
019be657-de94-752a-82ca-82a4ae77821a,DT-1129,Cito,,,M,2017-12-13,,,019b6f8b-fc45-7af9-9515-645d6896f10a,,,,,,,,276098009180800,2026-01-22T15:34:36.000Z,2026-01-22T15:34:36.000Z,1,0,
019be657-de94-7191-9bd0-ac118ac2f634,DT-1130,Tys,,,M,,,,019b6f8b-fc49-7e08-8bb2-54afaf26ef9c,,,,,,,,756098100675891,2026-01-22T15:34:36.000Z,2026-01-22T15:34:36.000Z,1,0,
019be657-de94-7b38-b25f-49c89a05e60f,DT-1131,Luna,,,W,2017-02-27,,,019b6f8b-fc49-7e08-8bb2-54afaf26ef9c,,,,,,,,756093900040412,2026-01-22T15:34:36.000Z,2026-01-22T15:34:36.000Z,1,0,
019be657-de94-7ea5-8cce-a3cc742d9f71,DT-1132,Mylo,,,M,2018-12-31,,,019b6f8b-fc44-7041-b291-169bc01abc5a,,,,,,,,276097202653511,2026-01-22T15:34:36.000Z,2026-01-22T15:34:36.000Z,1,0,
019be657-de94-762f-b56d-757d38a6b620,DT-1133,Hanni,,,W,2024-07-18,,,019b6f8b-fc47-77af-9a7b-aa44813b212e,,,,,,,,642099001129869,2026-01-22T15:34:36.000Z,2026-01-22T15:34:36.000Z,1,0,
019be657-de94-7f0c-9b75-dd5b2b554214,DT-1134,Lucky,,Lagotto Romagnolo,M,2021-08-27,,,019b6f8b-fc45-732c-b2a5-02abdb069ddb,,,,,,,,,2026-01-22T15:34:36.000Z,2026-01-22T15:34:36.000Z,1,0,
019be657-de95-7510-a724-5de2cdc6692a,DT-1135,Yankee,,alt deutscher Schäferhund,M,2020-11-21,,,019b6f8b-fc45-77bc-bc4b-f2f70fe94f89,,,,,,,,,2026-01-22T15:34:36.000Z,2026-01-22T15:34:36.000Z,1,0,
019be657-de95-7c38-aa2a-cce75a77d0b9,DT-1136,Charly,,Berner Sennenhund Mix,M,2017-05-05,,,019b6f8b-fc47-7e1b-80cb-2b63d8b245b8,,,,,,,,,2026-01-22T15:34:36.000Z,2026-01-22T15:34:36.000Z,1,0,
019be657-de95-7f1c-baff-2b556d9ddafc,DT-1137,Quincy,,,W,2011-04-17,,,019b6f8b-fc4a-73a8-b236-071e4fd922b2,,,,,,,,276094180037336,2026-01-22T15:34:36.000Z,2026-01-22T15:34:36.000Z,1,0,
019be657-de95-7cde-933a-7e972f098719,DT-1138,Cila,,,W,2008-08-25,,,019b6f8b-fc49-7259-99f9-206fa7f49610,,,,,,,,756095200091267,2026-01-22T15:34:36.000Z,2026-01-22T15:34:36.000Z,1,0,
019be657-de95-7933-8fc6-b3321c4a0f0d,DT-1139,Neira,,Im First,W,2019-05-23,,,019b6f8b-fc44-7c73-a961-2f1a2fed8b05,,,,,,,,ch-16-00124704,2026-01-22T15:34:36.000Z,2026-01-22T15:34:36.000Z,1,0,
019be657-de95-7f98-93c9-908f6e96294c,DT-1140,Chato,,,M,2014-10-31,,,019b6f8b-fc49-7b09-9e46-aeb1b8959919,,,,,,,,941000007002726,2026-01-22T15:34:36.000Z,2026-01-22T15:34:36.000Z,1,0,
019be657-de95-73f1-a6e2-c4750930a613,DT-1141,Beno,,,M,2023-04-20,,,019b6f8b-fc47-79f7-94d5-688d6d4b6bc6,,,,,,,,276099200392506,2026-01-22T15:34:36.000Z,2026-01-22T15:34:36.000Z,1,0,
019be657-de96-78e1-8c90-8974c7483ee7,DT-1142,Gio,,,M,2017-01-10,,,019b6f8b-fc44-7a2f-9e39-4e64187127d6,,,,,,,,380260002789874,2026-01-22T15:34:36.000Z,2026-01-22T15:34:36.000Z,1,0,
019be657-de96-7430-8cf8-53aa1631a7e4,DT-1143,5314 Kleindöttingen,,Deutscher Schäferhund,W,,,,019b6f8b-fc44-7823-8491-7aa8c470f034,,,,,,,,,2026-01-22T15:34:36.000Z,2026-01-22T15:34:36.000Z,1,0,
019be657-de96-7486-a93d-bbeeff09d27d,DT-1144,Mocha,,,W,2017-09-29,,,019b6f8b-fc43-72ab-8f77-b3562ad7efb7,,,,,,,,756097202031475,2026-01-22T15:34:36.000Z,2026-01-22T15:34:36.000Z,1,0,
019be657-de96-7973-a8d5-94d10fec0c23,DT-1145,Taiga,,,W,2020-12-02,,,019b6f8b-fc44-7f02-909d-c8062db0a09f,,,,,,,,756098100926376,2026-01-22T15:34:36.000Z,2026-01-22T15:34:36.000Z,1,0,
019be657-de96-760a-97b7-af80ffccf4ee,DT-1146,June,,,W,2015-10-16,,,019b6f8b-fc44-7f02-909d-c8062db0a09f,,,,,,,,756098100741843,2026-01-22T15:34:36.000Z,2026-01-22T15:34:36.000Z,1,0,
019be657-de96-77d6-bb6e-98042cc182a8,DT-1147,Bellis,,Deutscher Schäferhund,W,,,,019b6f8b-fc46-7ae4-9dfc-e383303c905e,,,,,,,,,2026-01-22T15:34:36.000Z,2026-01-22T15:34:36.000Z,1,0,
019be657-de96-75ae-97bd-e7739e57596a,DT-1148,Yuki,,,M,2016-11-08,,,019b6f8b-fc43-75e2-976f-c9852d30db1c,,,,,,,,276098106328504,2026-01-22T15:34:36.000Z,2026-01-22T15:34:36.000Z,1,0,
019be657-de97-7a14-ada8-bc04a87f8327,DT-1149,Fynn,,,M,2011-05-27,,,019b6f8b-fc48-78ad-a4dd-8f77a8eadde5,,,,,,,,939 000 010 198 639,2026-01-22T15:34:36.000Z,2026-01-22T15:34:36.000Z,1,0,
019be657-de97-77c9-bcfc-82af9fff0368,DT-1150,Nils,,,M,2011-05-27,,,019b6f8b-fc48-78ad-a4dd-8f77a8eadde5,,,,,,,,348 093 900 003 380,2026-01-22T15:34:36.000Z,2026-01-22T15:34:36.000Z,1,0,
019be657-de97-721c-a8e7-23c2a05f361f,DT-1151,Gini,,,W,2017-03-13,,,019b6f8b-fc48-75de-9af8-263954d843fe,,,,,,,,380260100661145,2026-01-22T15:34:36.000Z,2026-01-22T15:34:36.000Z,1,0,
019be657-de97-7334-a316-e3c0e41b50a1,DT-1152,Bellis,,,W,2019-02-16,,,019b6f8b-fc46-7b92-a096-70031c47399f,,,,,,,,276098007279845,2026-01-22T15:34:36.000Z,2026-01-22T15:34:36.000Z,1,0,
019be657-de97-7b15-ae55-b97a17eaddb3,DT-1153,Yuki,,,M,2016-11-08,,,019b6f8b-fc43-7b93-860f-9de6dd60ec60,,,,,,,,276098106328505,2026-01-22T15:34:36.000Z,2026-01-22T15:34:36.000Z,1,0,
019be657-de97-731c-968d-25edf7c978ac,DT-1154,Amy,,,W,2014-05-03,,,019b6f8b-fc49-7db9-8680-6e6497cb74c0,,,,,,,,756096900024146,2026-01-22T15:34:36.000Z,2026-01-22T15:34:36.000Z,1,0,
019be657-de97-7cbb-b225-e9dba32f2204,DT-1155,Alani,,,W,2023-04-30,,,019b6f8b-fc47-7cc5-9d37-c3e29fd0352a,,,,,,,,276098108871153,2026-01-22T15:34:36.000Z,2026-01-22T15:34:36.000Z,1,0,
019be657-de97-7b0b-a4a5-ad9535b53d64,DT-1156,Asia,,,W,2015-05-22,,,019b6f8b-fc4a-7710-8986-f95ddd83f493,,,,,,,,756098100734313,2026-01-22T15:34:36.000Z,2026-01-22T15:34:36.000Z,1,0,
019be657-de98-7db4-919c-b48ac2a87fc9,DT-1157,Teddy,,,W,2010-01-13,,,019b6f8b-fc4a-7400-8a2b-0e986f914e4c,,,,,,,,756098100443751,2026-01-22T15:34:36.000Z,2026-01-22T15:34:36.000Z,1,0,
019be657-de98-7f5b-9332-35dbdaad0a45,DT-1158,Snoopy,,,W,2010-01-13,,,019b6f8b-fc4a-7cb9-b5f0-8d74240b76b6,,,,,,,,756098100441547,2026-01-22T15:34:36.000Z,2026-01-22T15:34:36.000Z,1,0,
019be657-de98-771c-ab3d-b28971632ec1,DT-1159,Miki,,,M,2021-05-06,,,019b6f8b-fc45-7cd5-93a4-8612b2fe3985,,,,,,,,276095610245140,2026-01-22T15:34:36.000Z,2026-01-22T15:34:36.000Z,1,0,
019be657-de98-7c1a-af5e-379d8dee7fa5,DT-1160,Juno,,Labradormischling,M,2016-01-06,,,019b6f8b-fc44-7d58-8ae3-96ee696560c2,,,,,,,,,2026-01-22T15:34:36.000Z,2026-01-22T15:34:36.000Z,1,0,
019be657-de98-7568-b085-ec594a86f88d,DT-1161,Mili,,,M,2017-01-01,,,019b6f8b-fc47-7c0c-a888-d8bd201fc95f,,,,,,,,688032000019987,2026-01-22T15:34:36.000Z,2026-01-22T15:34:36.000Z,1,0,
019be657-de98-7f83-b710-fe59279899e3,DT-1162,Jeffrey,,,M,2014-05-23,,,019b6f8b-fc49-7cb4-bb7c-38f36598ad75,,,,,,,,276098104888953,2026-01-22T15:34:36.000Z,2026-01-22T15:34:36.000Z,1,0,
019be657-de98-7cc5-9d3c-63dc82f4e99a,DT-1163,Jeffrey,,Chihuahua,M,2014-05-23,,,019b6f8b-fc49-7cb4-bb7c-38f36598ad75,,,,,,,,,2026-01-22T15:34:36.000Z,2026-01-22T15:34:36.000Z,1,0,
019be657-de99-7862-9bfb-13b83726e83b,DT-1164,Avalon,,Tschechoslowakischer W,W,2013-11-07,,,019b6f8b-fc4a-7588-8519-d287e1e7c07a,,,,,,,,,2026-01-22T15:34:36.000Z,2026-01-22T15:34:36.000Z,1,0,
019be657-de99-785a-bd13-a62df864a91e,DT-1165,Momo,,,W,2011-12-04,,,019b6f8b-fc49-74ef-b9e3-14d0d225fb64,,,,,,,,276 097 202 220 676,2026-01-22T15:34:36.000Z,2026-01-22T15:34:36.000Z,1,0,
019be657-de99-764f-bb12-c560db2c92bf,DT-1166,LeRoy,,,M,2018-07-05,,,019b6f8b-fc43-7619-ae34-a4e4e0adc0b1,,,,,,,,756098100845194,2026-01-22T15:34:36.000Z,2026-01-22T15:34:36.000Z,1,0,
019be657-de99-7350-9461-f05db6ae01ac,DT-1167,Cando,,Groenendael,M,2008-05-01,,,019b6f8b-fc49-7b59-8a6c-4af844f2cdef,,,,,,,,,2026-01-22T15:34:36.000Z,2026-01-22T15:34:36.000Z,1,0,
019be657-de99-7c64-af24-7baedfb85781,DT-1168,Benji,,Yorkshire Terrier,M,2011-11-24,,,019b6f8b-fc4a-7fc1-bc95-4ffdd8bbafc8,,,,,,,,,2026-01-22T15:34:36.000Z,2026-01-22T15:34:36.000Z,1,0,
019be657-de99-7781-9485-40ec9505f7da,DT-1169,Leo,,Yorkshire Terrier,M,2012-12-12,,,019b6f8b-fc4a-7fc1-bc95-4ffdd8bbafc8,,,,,,,,,2026-01-22T15:34:36.000Z,2026-01-22T15:34:36.000Z,1,0,
019be657-de99-7945-b34e-6cf4bec6ecbe,DT-1170,Ayla,,,W,2024-08-23,,,019b6f8b-fc47-7c81-a3f2-56871c8d8b29,,,,,,,,276098109053945,2026-01-22T15:34:36.000Z,2026-01-22T15:34:36.000Z,1,0,
019be657-de9a-7337-b185-06144f06787e,DT-1171,Timmy,,,M,2025-06-25,,,019b6f8b-fc47-7c81-a3f2-56871c8d8b29,,,,,,,,756097201030353,2026-01-22T15:34:36.000Z,2026-01-22T15:34:36.000Z,1,0,
019be657-de9a-7021-b3b6-40a08e2939d1,DT-1172,Zirrus,,,M,2017-07-06,,,019b6f8b-fc47-71e8-baf7-6c19b69c010c,,,,,,,,276094501109757,2026-01-22T15:34:36.000Z,2026-01-22T15:34:36.000Z,1,0,
019be657-de9a-7e7b-8038-c5f5d14d06dd,DT-1173,Cenja,,Groenendael,W,2008-05-01,,,019b6f8b-fc49-79f2-8907-97e6c4dd8b71,,,,,,,,,2026-01-22T15:34:36.000Z,2026-01-22T15:34:36.000Z,1,0,
019be657-de9a-784c-905d-3d64875e0da3,DT-1174,Azita,,Alpenländische Dachsbrac,W,,,,019b6f8b-fc44-765a-9c79-417d71674619,,,,,,,,,2026-01-22T15:34:36.000Z,2026-01-22T15:34:36.000Z,1,0,
019be657-de9a-70d5-abbc-6f0e2215bbc8,DT-1175,Azita,,,W,2019-06-10,,,019b6f8b-fc44-74ff-8617-fde3cc75dedb,,,,,,,,756098502019843,2026-01-22T15:34:36.000Z,2026-01-22T15:34:36.000Z,1,0,
019be657-de9a-78d7-8843-19df2381481f,DT-1176,Roya,,Cairn Terrier,W,2023-01-20,,,019b6f8b-fc46-78e0-918c-de1b78428162,,,,,,,,,2026-01-22T15:34:36.000Z,2026-01-22T15:34:36.000Z,1,0,
019be657-de9a-71dc-a943-8f6417cb8125,DT-1177,Kea,,Mittel Pudel,W,2021-07-10,,,019b6f8b-fc45-79cb-8360-aec11276dd91,,,,,,,,,2026-01-22T15:34:36.000Z,2026-01-22T15:34:36.000Z,1,0,
019be657-de9b-74af-a84f-087e8e1d6e3a,DT-1178,Mäx,,,M,2004-07-29,,,019b6f8b-fc49-7519-9877-9d3355a88e7f,,,,,,,,756 097 200 088 253,2026-01-22T15:34:36.000Z,2026-01-22T15:34:36.000Z,1,0,
019be657-de9b-790f-ab26-12f63de166fe,DT-1179,Lilli,,Beagle,W,2012-05-01,,,019b6f8b-fc4a-7f88-bd27-6c139916ad43,,,,,,,,,2026-01-22T15:34:36.000Z,2026-01-22T15:34:36.000Z,1,0,
019be657-de9b-7c31-8483-25723fe37471,DT-1180,Leika,,,W,2013-01-23,,,019b6f8b-fc4a-7abb-9ae0-813c2a0be6a3,,,,,,,,756097200082428,2026-01-22T15:34:36.000Z,2026-01-22T15:34:36.000Z,1,0,
019be657-de9b-7dfe-861c-0486ea8916fc,DT-1181,Timmy,,,M,2025-06-25,,,019b6f8b-fc47-723a-bb34-75eb5afc4e2f,,,,,,,,756097201030353,2026-01-22T15:34:36.000Z,2026-01-22T15:34:36.000Z,1,0,
019be657-de9b-7a4a-817d-712f9d56e759,DT-1182,Oki,,,M,2017-06-04,,,019b6f8b-fc4b-7dfb-8943-88b08d68ae44,,,,,,,,756097202021885,2026-01-22T15:34:36.000Z,2026-01-22T15:34:36.000Z,1,0,
019be657-de9b-74b0-a8ec-7f27feaaa1bf,DT-1183,Joya,,,W,2014-08-27,,,019b6f8b-fc4b-7b17-a447-b0026d8f9ab9,,,,,,,,756098100682133,2026-01-22T15:34:36.000Z,2026-01-22T15:34:36.000Z,1,0,
019be657-de9b-77a6-a0b7-8746e5596799,DT-1184,Zino,,Deutscher Pinscher,M,2019-05-04,,,019b6f8b-fc44-788a-98e1-ed2e1ced455a,,,,,,,,,2026-01-22T15:34:36.000Z,2026-01-22T15:34:36.000Z,1,0,
019be657-de9c-7127-9746-e8c3e603e070,DT-1185,Lano,,,M,2019-04-15,,,019b6f8b-fc45-7013-9600-5533385cd292,,,,,,,,191100002067705,2026-01-22T15:34:36.000Z,2026-01-22T15:34:36.000Z,1,0,
019be657-de9c-7ed3-8d05-b7f02ac6f68a,DT-1186,Rokky,,Laubberghof,M,2011-05-05,,,019b6f8b-fc47-7ce5-897d-b28f7e0e8951,,,,,,,,756 098 100 522 558,2026-01-22T15:34:36.000Z,2026-01-22T15:34:36.000Z,1,0,
019be657-de9c-7d83-8779-c8dcd81ffbfe,DT-1187,Mira,,,W,2011-01-03,,,019b6f8b-fc48-7c77-a37b-c15620ea458d,,,,,,,,756 097 200 180 551,2026-01-22T15:34:36.000Z,2026-01-22T15:34:36.000Z,1,0,
019be657-de9c-79b9-8657-01ad6712166c,DT-1188,Murphy,,,M,2014-02-04,,,019b6f8b-fc49-7d94-846f-3235b7a9b9be,,,,,,,,981020009543443,2026-01-22T15:34:36.000Z,2026-01-22T15:34:36.000Z,1,0,
019be657-de9c-76ea-b9e9-f9c60714fe66,DT-1189,Ares,,,M,2018-06-05,,,019b6f8b-fc47-7591-9e67-4b215c854cbf,,,,,,,,941000022930446,2026-01-22T15:34:36.000Z,2026-01-22T15:34:36.000Z,1,0,
019be657-de9c-7254-b985-49edc473bf9b,DT-1190,Broudy,,,M,2017-06-19,,,019b6f8b-fc43-7105-ab11-073f6abcd5ca,,,,,,,,756098100822587,2026-01-22T15:34:36.000Z,2026-01-22T15:34:36.000Z,1,0,
019be657-de9c-7170-80d6-a27b0aa7edc5,DT-1191,Gino,,,M,2022-01-29,,,019b6f8b-fc46-7511-ad9d-a2a439f87b17,,,,,,,,756098100965844,2026-01-22T15:34:36.000Z,2026-01-22T15:34:36.000Z,1,0,
019be657-de9d-7644-814a-0673872bf849,DT-1192,Ashley,,,W,2010-04-22,,,019b6f8b-fc4b-7a65-b6df-26cda4f9bd02,,,,,,,,703096100104084,2026-01-22T15:34:36.000Z,2026-01-22T15:34:36.000Z,1,0,
019be657-de9d-7067-a360-018158a525c5,DT-1193,Sunan,,baudelaire,M,2021-11-11,,,019b6f8b-fc46-7fd0-9c21-53ac1af31213,,,,,,,,250269610217810,2026-01-22T15:34:36.000Z,2026-01-22T15:34:36.000Z,1,0,
019be657-de9d-7f20-a73b-df9472f6a1bc,DT-1194,Berta,,,W,2018-10-28,,,019b6f8b-fc45-743c-93a0-f59e8936473a,,,,,,,,756098100807976,2026-01-22T15:34:36.000Z,2026-01-22T15:34:36.000Z,1,0,
019be657-de9d-79eb-9594-b67a9093676f,DT-1195,Berta,,,W,2018-10-28,,,019b6f8b-fc44-773d-8ff7-79c40e931edd,,,,,,,,756098100807976,2026-01-22T15:34:36.000Z,2026-01-22T15:34:36.000Z,1,0,
019be657-de9d-701f-866d-85b997a57961,DT-1196,Taro,,,M,2013-11-16,,,019b6f8b-fc49-75d8-9725-1acd95e0697c,,,,,,,,756093900007074,2026-01-22T15:34:36.000Z,2026-01-22T15:34:36.000Z,1,0,
019be657-de9d-798a-8f2a-b76160386af3,DT-1197,Cherry,,,M,2012-03-01,,,019b6f8b-fc49-75d8-9725-1acd95e0697c,,,,,,,,756097200185269,2026-01-22T15:34:36.000Z,2026-01-22T15:34:36.000Z,1,0,
019be657-de9d-7f78-a294-644c97929c85,DT-1198,Jess,,,M,,,,019b6f8b-fc4a-7963-a8c6-526f93ccd564,,,,,,,,756098100403619,2026-01-22T15:34:36.000Z,2026-01-22T15:34:36.000Z,1,0,
019be657-de9e-7750-917d-0b8d1d301c84,DT-1199,Paris,,,W,2022-05-01,,,019b6f8b-fc4a-7963-a8c6-526f93ccd564,,,,,,,,945000002473080,2026-01-22T15:34:36.000Z,2026-01-22T15:34:36.000Z,1,0,
019be657-de9e-735f-b137-4eef0767d0e4,DT-1200,Paco,,,M,2013-10-23,,,019b6f8b-fc4a-7cf8-8036-98f3e55eb920,,,,,,,,981098104646180,2026-01-22T15:34:36.000Z,2026-01-22T15:34:36.000Z,1,0,
019be657-de9e-770e-9c86-2e10c309b319,DT-1201,Lennox,,,M,2016-04-23,,,019b6f8b-fc47-778e-a999-00f3af7e96b1,,,,,,,,756095200179235,2026-01-22T15:34:36.000Z,2026-01-22T15:34:36.000Z,1,0,
019be657-de9e-7233-b6f3-65b542a6fd25,DT-1202,Mailo,,Schäfer Mischling,M,,,,019b6f8b-fc44-784e-8f16-2cf90b8d3452,,,,,,,,,2026-01-22T15:34:36.000Z,2026-01-22T15:34:36.000Z,1,0,
019be657-de9e-70e1-bb06-16c8d306e0cd,DT-1203,Odin,,Appenzeller Mix,M,,,,019b6f8b-fc4b-7310-9b0e-4c1584aadbe8,,,,,,,,,2026-01-22T15:34:36.000Z,2026-01-22T15:34:36.000Z,1,0,
019be657-de9e-703d-95b2-2b8b898fb64b,DT-1204,Odin,,,M,2015-05-30,,,019b6f8b-fc4a-79f6-b31b-db0330c26108,,,,,,,,756096901000521,2026-01-22T15:34:36.000Z,2026-01-22T15:34:36.000Z,1,0,
019be657-de9e-7022-84f1-ada7a3af5d4f,DT-1205,Diba,,,W,2021-05-01,,,019b6f8b-fc45-71ab-815a-5cfec97b58b2,,,,,,,,276093400923531,2026-01-22T15:34:36.000Z,2026-01-22T15:34:36.000Z,1,0,
019be657-de9f-7afb-b67a-1867c5c10f74,DT-1206,Veikko,,,M,2022-06-29,,,019b6f8b-fc46-772b-9bbc-8d4f45c1cb31,,,,,,,,276098108636389,2026-01-22T15:34:36.000Z,2026-01-22T15:34:36.000Z,1,0,
019be657-de9f-752e-a241-f583336d9956,DT-1207,Mailo,,,M,2017-01-22,,,019b6f8b-fc44-7e77-8312-4fdf40cd1146,,,,,,,,756097202020542,2026-01-22T15:34:36.000Z,2026-01-22T15:34:36.000Z,1,0,
019be657-de9f-7d17-89c0-8092ca138e4b,DT-1208,Pablo,,,M,2022-07-01,,,019b6f8b-fc46-7c17-af8f-97435c0bd3c5,,,,,,,,276095611136985,2026-01-22T15:34:36.000Z,2026-01-22T15:34:36.000Z,1,0,
019be657-de9f-7720-a4a1-2d0e9a9612d3,DT-1209,Pedro,,,M,2020-08-07,,,019b6f8b-fc45-7b6b-bf3d-0d0612d8f4b3,,,,,,,,756098100829685,2026-01-22T15:34:36.000Z,2026-01-22T15:34:36.000Z,1,0,
019be657-de9f-7f75-876a-fce4e35cd8e4,DT-1210,Max,,,M,2025-05-23,,,019b6f8b-fc47-7aed-8c5b-a2c49626c960,,,,,,,,756098101190235,2026-01-22T15:34:36.000Z,2026-01-22T15:34:36.000Z,1,0,
019be657-de9f-75f2-a088-1dc4f7646834,DT-1211,Clay,,,M,2014-06-22,,,019b6f8b-fc4a-70a5-a895-da40de682372,,,,,,,,756096901003781,2026-01-22T15:34:36.000Z,2026-01-22T15:34:36.000Z,1,0,
019be657-de9f-7563-8017-1a073a0e39be,DT-1212,Brisca,,,W,2017-06-05,,,019b6f8b-fc4a-70a5-a895-da40de682372,,,,,,,,981189900095501,2026-01-22T15:34:36.000Z,2026-01-22T15:34:36.000Z,1,0,
019be657-dea0-7661-8974-77762535474b,DT-1213,Spike,,,M,2008-07-23,,,019b6f8b-fc49-7521-9817-435fec3969f7,,,,,,,,756 098 100 041 8020,2026-01-22T15:34:36.000Z,2026-01-22T15:34:36.000Z,1,0,
019be657-dea0-7bee-81ed-a31465b40b14,DT-1214,Sino,,,M,2017-04-24,,,019b6f8b-fc4b-7fbb-8088-5a782adaf692,,,,,,,,756098100788660,2026-01-22T15:34:36.000Z,2026-01-22T15:34:36.000Z,1,0,
019be657-dea0-711e-81c8-bfa30cf631df,DT-1215,Gina,,,W,2014-05-08,,,019b6f8b-fc48-7c9a-b9b1-a719e686f4ff,,,,,,,,756097202005367,2026-01-22T15:34:36.000Z,2026-01-22T15:34:36.000Z,1,0,
019be657-dea0-7e59-9ba9-009ffc54dedf,DT-1216,Mery,,,W,2018-04-01,,,019b6f8b-fc48-7c9a-b9b1-a719e686f4ff,,,,,,,,756098100839037,2026-01-22T15:34:36.000Z,2026-01-22T15:34:36.000Z,1,0,
019be657-dea0-746c-9cca-7834b36ad542,DT-1217,Aro,,Lagotto Romagnolo,M,2021-08-27,,,019b6f8b-fc45-7404-83e1-5ca0bbe0f018,,,,,,,,,2026-01-22T15:34:36.000Z,2026-01-22T15:34:36.000Z,1,0,
019be657-dea0-7084-82f6-356cea012155,DT-1218,Rocco,,Border Collie,M,2019-07-04,,,019b6f8b-fc45-78d3-b9bf-2e977ecab0c8,,,,,,,,,2026-01-22T15:34:36.000Z,2026-01-22T15:34:36.000Z,1,0,
019be657-dea1-7fc8-a8fe-03f956563fde,DT-1219,Arny,,,M,2019-08-17,,,019be657-de48-770d-9535-e407de2df250,,,,,,,,756097299967000,2026-01-22T15:34:36.000Z,2026-01-22T15:34:36.000Z,1,0,
019be657-dea1-785a-8354-65878286c76e,DT-1220,Joey,,,M,2014-04-07,,,019b6f8b-fc4b-7bb6-9af7-1e3121fc200e,,,,,,,,934000011115231,2026-01-22T15:34:36.000Z,2026-01-22T15:34:36.000Z,1,0,
019be657-dea1-7ae8-be7e-14e2ea678f10,DT-1221,Daisy,,Husky,W,2019-12-14,,,019b6f8b-fc43-7da0-a0b3-18b926669085,,,,,,,,,2026-01-22T15:34:36.000Z,2026-01-22T15:34:36.000Z,1,0,
019be657-dea1-725c-ba4f-50168440e608,DT-1222,Chiara,,Flatcoated Retriever,W,2009-01-30,,,019b6f8b-fc48-7126-832b-5feaa60a45b9,,,,,,,,,2026-01-22T15:34:36.000Z,2026-01-22T15:34:36.000Z,1,0,
019be657-dea1-7ed2-8d42-1b50df36bf54,DT-1223,Dessa,,Flatcoated Retriever,W,2021-09-20,,,019b6f8b-fc48-7126-832b-5feaa60a45b9,,,,,,,,,2026-01-22T15:34:36.000Z,2026-01-22T15:34:36.000Z,1,0,
019be657-dea1-7ca3-914c-fa81e6ec0798,DT-1224,Elly,,Deutsche Dogge,W,,,,019b6f8b-fc45-706c-aa7e-406f15fe730c,,,,,,,,,2026-01-22T15:34:36.000Z,2026-01-22T15:34:36.000Z,1,0,
019be657-dea1-7656-b9f6-01da8ee40112,DT-1225,Nuna,,,W,2015-01-16,,,019b6f8b-fc4b-7327-8da9-f8c0d0ab76ce,,,,,,,,756096900008155,2026-01-22T15:34:36.000Z,2026-01-22T15:34:36.000Z,1,0,
019be657-dea2-72c2-9cff-7e4f8c64cde0,DT-1226,Nala,,,W,2021-12-31,,,019b6f8b-fc46-7811-b118-6b3c5f9fc528,,,,,,,,276095611044881,2026-01-22T15:34:36.000Z,2026-01-22T15:34:36.000Z,1,0,
019be657-dea2-7c6a-be02-3f9ede73dc53,DT-1227,Rusty,,Biewer Yorkshire Terrier,M,2018-04-10,,,019b6f8b-fc4b-7504-98dc-544c4058cc27,,,,,,,,,2026-01-22T15:34:36.000Z,2026-01-22T15:34:36.000Z,1,0,
019be657-dea2-7dc5-9102-a74fd663bf3b,DT-1228,Buddy,,,M,2019-08-13,,,019b6f8b-fc44-7d6c-8632-b75d2c8139cb,,,,,,,,756095310018586,2026-01-22T15:34:36.000Z,2026-01-22T15:34:36.000Z,1,0,
019be657-dea2-75be-b8aa-eae875f57a69,DT-1229,Daisy,,,W,2009-05-02,,,019b6f8b-fc4a-77ac-a5c9-76fc93a1390f,,,,,,,,972000010017032,2026-01-22T15:34:36.000Z,2026-01-22T15:34:36.000Z,1,0,
019be657-dea2-7922-9d17-e712315afb82,DT-1230,Darcy,,,M,2010-05-01,,,019b6f8b-fc4a-77ac-a5c9-76fc93a1390f,,,,,,,,900062000087644,2026-01-22T15:34:36.000Z,2026-01-22T15:34:36.000Z,1,0,
019be657-dea2-7175-9a71-99ff2a4d33ed,DT-1231,Jamal,,,M,2020-07-13,,,019b6f8b-fc45-7e84-881b-cedda03dabf8,,,,,,,,990000004233763,2026-01-22T15:34:36.000Z,2026-01-22T15:34:36.000Z,1,0,
019be657-dea2-7475-ae02-a938042db7f3,DT-1232,Tequilla,,,W,2017-06-19,,,019b6f8b-fc47-70d2-8f74-f5b22a20d62b,,,,,,,,276090010846935,2026-01-22T15:34:36.000Z,2026-01-22T15:34:36.000Z,1,0,
019be657-dea3-73c1-8745-daa2cf6efb97,DT-1233,Tequilla,,Französische Bulldogge,W,,,,019b6f8b-fc43-718d-a02b-23934e4c970e,,,,,,,,,2026-01-22T15:34:36.000Z,2026-01-22T15:34:36.000Z,1,0,
019be657-dea3-751d-bfbb-e5a7ba6b0a5c,DT-1234,Django,,,M,2021-01-07,,,019b6f8b-fc45-7312-8872-a33e071cfaa8,,,,,,,,380260101856592,2026-01-22T15:34:36.000Z,2026-01-22T15:34:36.000Z,1,0,
019be657-dea3-77f5-ba7e-722d394dc3b6,DT-1235,Milo,,,M,2023-11-24,,,019b6f8b-fc47-7f24-a15e-fb682fbaa054,,,,,,,,756098100988557,2026-01-22T15:34:36.000Z,2026-01-22T15:34:36.000Z,1,0,
019be657-dea3-7340-9c35-2ecc2a8ebbfa,DT-1236,Alfie,,,M,2017-10-12,,,019b6f8b-fc44-78ae-94ea-8c23b7318cd7,,,,,,,,1234567890,2026-01-22T15:34:36.000Z,2026-01-22T15:34:36.000Z,1,0,
019be657-dea3-7f6e-931c-73422ee7d6ae,DT-1237,Max,,,M,2015-02-28,,,019b6f8b-fc4a-7420-97c6-94658ca88efc,,,,,,,,756093900023104,2026-01-22T15:34:36.000Z,2026-01-22T15:34:36.000Z,1,0,
019be657-dea3-7604-a13c-8e0042492200,DT-1238,Mogli,,,M,2018-03-15,,,019b6f8b-fc43-700c-8c0b-c1c2d2e52640,,,,,,,,94100023010706,2026-01-22T15:34:36.000Z,2026-01-22T15:34:36.000Z,1,0,
019be657-dea4-7254-b49e-989f36298f8c,DT-1239,Molly,,,W,2015-08-14,,,019b6f8b-fc4b-7529-90c8-2e93e90e603d,,,,,,,,756098100748128,2026-01-22T15:34:36.000Z,2026-01-22T15:34:36.000Z,1,0,
019be657-dea4-76d4-9c28-0a0ac6004707,DT-1240,Rosy,,,W,2015-02-01,,,019b6f8b-fc4b-78a8-86c5-3fe4aaaba16b,,,,,,,,900108000885926,2026-01-22T15:34:36.000Z,2026-01-22T15:34:36.000Z,1,0,
019be657-dea4-716b-bc6e-79b0dd37c9b7,DT-1241,Herkules,,,M,2009-01-05,,,019b6f8b-fc49-7b29-87e0-dc90495f48ae,,,,,,,,941 000 002 837 198,2026-01-22T15:34:36.000Z,2026-01-22T15:34:36.000Z,1,0,
019be657-dea4-7b5f-a760-8a4b62eb5eb5,DT-1242,Afroudite,,,W,2010-02-02,,,019b6f8b-fc49-7b29-87e0-dc90495f48ae,,,,,,,,756 097 200 187 458,2026-01-22T15:34:36.000Z,2026-01-22T15:34:36.000Z,1,0,
019be657-dea4-76e1-9efa-3465c9f9089b,DT-1243,Mike,,,M,2011-08-27,,,019b6f8b-fc48-7849-84da-a59fe559eb53,,,,,,,,939 000 010 236 039,2026-01-22T15:34:36.000Z,2026-01-22T15:34:36.000Z,1,0,
019be657-dea4-712f-b8aa-9eb8160ab279,DT-1244,Ruca,,,M,2011-10-25,,,019b6f8b-fc48-728f-8be1-0b1f7422c884,,,,,,,,978 000 001 461 777,2026-01-22T15:34:36.000Z,2026-01-22T15:34:36.000Z,1,0,
019be657-dea4-7aad-a1b3-18b6d811514e,DT-1245,Moni,,,X,2013-06-07,,,019b6f8b-fc49-7195-aa39-6d002aa0ed42,,,,,,,,756093900009835,2026-01-22T15:34:36.000Z,2026-01-22T15:34:36.000Z,1,0,
019be657-dea5-7ebb-acc2-0095b16ead54,DT-1246,Lucky,,,M,2018-12-16,,,019b6f8b-fc4a-706a-9c75-0bdce07b70d2,,,,,,,,756097202033802,2026-01-22T15:34:36.000Z,2026-01-22T15:34:36.000Z,1,0,
019be657-dea5-7eca-aa0b-617533f061bd,DT-1247,Loup,,Holländischer Schäferhun,M,,,,019b6f8b-fc43-755a-84d4-88e66f120994,,,,,,,,,2026-01-22T15:34:36.000Z,2026-01-22T15:34:36.000Z,1,0,
019be657-dea5-705e-ad63-0875c2599261,DT-1248,Shandra,,Irish Soft Coated Wheaten,X,2013-10-01,,,019b6f8b-fc4a-7433-992a-a0c88c3660ba,,,,,,,,,2026-01-22T15:34:36.000Z,2026-01-22T15:34:36.000Z,1,0,
019be657-dea5-73db-b852-712bfaa202fa,DT-1249,Simba,,Französische Bulldogge,M,,,,019b6f8b-fc47-7300-9ff4-527dc0f8c1de,,,,,,,,,2026-01-22T15:34:36.000Z,2026-01-22T15:34:36.000Z,1,0,
019be657-dea5-7c7e-87ea-1803b1e7f223,DT-1250,Joy,,,M,2014-01-01,,,019b6f8b-fc4a-74b2-aefa-eeb7181e8921,,,,,,,,756098100662130,2026-01-22T15:34:36.000Z,2026-01-22T15:34:36.000Z,1,0,
019be657-dea5-7b4e-8c6a-a49eed4d3e45,DT-1251,Ari,,,M,2008-03-16,,,019b6f8b-fc48-7508-b6b1-003fba872bdd,,,,,,,,250 268 500 065 162,2026-01-22T15:34:36.000Z,2026-01-22T15:34:36.000Z,1,0,
019be657-dea5-7cec-a5c9-1681ad51ef0e,DT-1252,Bonita,,Border Collie x Bergamas,W,2017-05-06,,,019b6f8b-fc4b-7d2f-8dc1-85ce315f8275,,,,,,,,,2026-01-22T15:34:36.000Z,2026-01-22T15:34:36.000Z,1,0,
019be657-dea6-7bcb-997d-e65bd4ee332d,DT-1253,Kovu,,,M,2019-12-14,,,019b6f8b-fc43-787d-90be-f3111bd8964d,,,,,,,,756097201011778,2026-01-22T15:34:36.000Z,2026-01-22T15:34:36.000Z,1,0,
019be657-dea6-738b-9ad8-e1736df0459e,DT-1254,Henry,,,M,2021-03-21,,,019b6f8b-fc47-75da-9729-be19b8358f99,,,,,,,,276095610889669,2026-01-22T15:34:36.000Z,2026-01-22T15:34:36.000Z,1,0,
019be657-dea6-7cc6-bbdd-c9f7c6361726,DT-1255,kein,,Golden Retriever,M,2017-05-12,,,019b6f8b-fc44-7668-87bf-a05db93c0dbd,,,,,,,,,2026-01-22T15:34:36.000Z,2026-01-22T15:34:36.000Z,1,0,
019be657-dea6-73ba-8193-8a24b038a155,DT-1256,Kimba,,Border x Bergamasker,W,2023-08-17,,,019b6f8b-fc47-7a2f-b486-4b405f28c49f,,,,,,,,,2026-01-22T15:34:36.000Z,2026-01-22T15:34:36.000Z,1,0,
019be657-dea6-7e8c-9fe7-17e227bae8f5,DT-1257,Moira,,,W,2012-04-08,,,019b6f8b-fc48-7115-a6d2-a1f17dcdd2ee,,,,,,,,756 097 200 095 704,2026-01-22T15:34:36.000Z,2026-01-22T15:34:36.000Z,1,0,
019be657-dea6-797d-8711-21f9227d5fef,DT-1258,Lio,,Parson-Russell-Terrier,M,2014-06-02,,,019b6f8b-fc43-7c7e-82ac-79e4ffa5b396,,,,,,,,,2026-01-22T15:34:36.000Z,2026-01-22T15:34:36.000Z,1,0,
019be657-dea7-79a9-96cd-65824ec9f964,DT-1259,Buddy,,Border Collie x Appenzelle,M,2019-05-15,,,019b6f8b-fc43-76b0-9a98-b56f7f2ed137,,,,,,,,,2026-01-22T15:34:36.000Z,2026-01-22T15:34:36.000Z,1,0,
019be657-dea7-7b31-ae02-9b157f422196,DT-1260,Frodo,,Grosser Schweizer Senne,M,2003-09-29,,,019b6f8b-fc48-7a5a-80f0-fe7ba8c4c89f,,,,,,,,,2026-01-22T15:34:36.000Z,2026-01-22T15:34:36.000Z,1,0,
019be657-dea7-7613-9303-524e5aaaaf0e,DT-1261,Janos,,Gr. Schweizer Sennenhun,M,2003-07-19,,,019b6f8b-fc43-7542-a8b2-2437e4e4f669,,,,,,,,,2026-01-22T15:34:36.000Z,2026-01-22T15:34:36.000Z,1,0,
019be657-dea7-770e-afdd-3d2a18b0b1c3,DT-1262,Tessa,,,W,,,,019b6f8b-fc43-7542-a8b2-2437e4e4f669,,,,,,,,900182000074711,2026-01-22T15:34:36.000Z,2026-01-22T15:34:36.000Z,1,0,
019be657-dea7-7533-bd1f-7a5937ce0727,DT-1263,Tina,,Französische Bulldogge,W,2015-07-01,,,019b6f8b-fc4b-7648-97d5-f266d43fca7c,,,,,,,,,2026-01-22T15:34:36.000Z,2026-01-22T15:34:36.000Z,1,0,
019be657-dea7-75e6-b1cd-c84582e4efcb,DT-1264,Ricki,,Deutscher Schäferhund,M,,,,019b6f8b-fc4a-7a8d-af6d-eecd85003048,,,,,,,,,2026-01-22T15:34:36.000Z,2026-01-22T15:34:36.000Z,1,0,
019be657-dea7-79a8-9b19-4572ccb533fa,DT-1265,Tasso,,,X,2015-07-01,,,019b6f8b-fc4a-7e28-99b5-aff46e134173,,,,,,,,276098200074638,2026-01-22T15:34:36.000Z,2026-01-22T15:34:36.000Z,1,0,
019be657-dea8-78d0-9724-105d29853d0c,DT-1266,Amigo/Aragon,,Landseer,M,2007-01-28,,,019b6f8b-fc49-74c2-8019-84162506f477,,,,,,,,,2026-01-22T15:34:36.000Z,2026-01-22T15:34:36.000Z,1,0,
019be657-dea8-7be0-9c03-1d040aa90b29,DT-1267,Rocki,,,M,2014-03-13,,,019b6f8b-fc49-737f-a515-0bd45f563aac,,,,,,,,756098100631362,2026-01-22T15:34:36.000Z,2026-01-22T15:34:36.000Z,1,0,
019be657-dea8-7c6f-a5bb-185be35353ac,DT-1268,Timmy,,,M,2016-10-21,,,019b6f8b-fc45-71df-a3d5-3c755ab5fe4e,,,,,,,,276098106384173,2026-01-22T15:34:36.000Z,2026-01-22T15:34:36.000Z,1,0,
019be657-dea8-7c97-9edf-48a5b5ecc537,DT-1269,Baileys,,,M,2017-04-01,,,019b6f8b-fc4b-7310-b2f8-b07142d6ed0c,,,,,,,,756098100809578,2026-01-22T15:34:36.000Z,2026-01-22T15:34:36.000Z,1,0,
019be657-dea8-7648-9139-d7734fca4552,DT-1270,Bubbles,,Französische Bulldogge,M,2019-06-09,,,019b6f8b-fc4a-7e25-b87f-a5be8331a5f5,,,,,,,,,2026-01-22T15:34:36.000Z,2026-01-22T15:34:36.000Z,1,0,
019be657-dea8-7d53-b710-5467fe98f7ec,DT-1271,Kyra,,,W,2014-12-15,,,019b6f8b-fc47-7f9d-bd59-1d87a8bb9551,,,,,,,,941000019883500,2026-01-22T15:34:36.000Z,2026-01-22T15:34:36.000Z,1,0,
019be657-dea9-713f-a96f-ff54ed693eb2,DT-1272,Joy,,,M,2011-03-21,,,019b6f8b-fc48-79b4-b982-bed6724d9ec0,,,,,,,,756 097 200 191 785,2026-01-22T15:34:36.000Z,2026-01-22T15:34:36.000Z,1,0,
019be657-dea9-7122-8c9f-6b4b7a4c5400,DT-1273,Stella,,,W,2016-06-06,,,019b6f8b-fc4b-7ef2-8c77-332e0d3f96d0,,,,,,,,990000000946161,2026-01-22T15:34:36.000Z,2026-01-22T15:34:36.000Z,1,0,
019be657-dea9-7730-adfe-eb9af5a2a454,DT-1274,Bernie,,,M,2013-09-01,,,019b6f8b-fc4a-7b12-8938-9e0ce4922c0d,,,,,,,,380260002141561,2026-01-22T15:34:36.000Z,2026-01-22T15:34:36.000Z,1,0,
019be657-dea9-7081-a6ac-d400dfa5cdfc,DT-1275,Djamal,,,X,2010-04-28,,,019b6f8b-fc48-728a-944b-83028661e3f2,,,,,,,,276 096 900 373 001,2026-01-22T15:34:36.000Z,2026-01-22T15:34:36.000Z,1,0,
019be657-dea9-7429-9a95-d71105138afc,DT-1276,Laika,,Border Collie,W,,,,019b6f8b-fc45-7979-a7c0-f54d7409eab3,,,,,,,,,2026-01-22T15:34:36.000Z,2026-01-22T15:34:36.000Z,1,0,
019be657-dea9-706d-abde-038fdc2c04e6,DT-1277,Luna,,,W,2016-05-08,,,019b6f8b-fc4a-765b-8e03-987f6e0741c1,,,,,,,,276090010821592,2026-01-22T15:34:36.000Z,2026-01-22T15:34:36.000Z,1,0,
019be657-dea9-7814-9822-5f6e55966484,DT-1278,Felix,,,M,2011-01-04,,,019b6f8b-fc48-7309-bce1-2e71af55457b,,,,,,,,756 098 100 497 880,2026-01-22T15:34:36.000Z,2026-01-22T15:34:36.000Z,1,0,
019be657-deaa-74ef-9c16-eaad9bb01fdd,DT-1279,Broudy,,Deutscher Schäferhund,M,,,,019b6f8b-fc44-78a4-8830-71c699832749,,,,,,,,,2026-01-22T15:34:36.000Z,2026-01-22T15:34:36.000Z,1,0,
019be657-deaa-7c47-b897-3ba04c1b0bde,DT-1280,Chico,,Golden Retriever,M,2007-06-11,,,019b6f8b-fc49-754f-aa26-57ac811e4a6b,,,,,,,,,2026-01-22T15:34:36.000Z,2026-01-22T15:34:36.000Z,1,0,
019be657-deaa-7609-b242-af73f21fa8fa,DT-1281,Aiko,,,M,2015-01-31,,,019b6f8b-fc4a-77fd-8c0b-4d18c4a48994,,,,,,,,276097202386952,2026-01-22T15:34:36.000Z,2026-01-22T15:34:36.000Z,1,0,
019be657-deaa-774e-9ce5-45e2ef76b4e0,DT-1282,Basci,,,M,2011-05-22,,,019b6f8b-fc48-76ef-b4bd-f019ea4310de,,,,,,,,756 098 100 556 252,2026-01-22T15:34:36.000Z,2026-01-22T15:34:36.000Z,1,0,
019be657-deaa-71ff-b53c-04eaf5154c1a,DT-1283,Chester,,,M,2011-10-28,,,019b6f8b-fc48-77b9-9272-6e3f1a78b85e,,,,,,,,756 094 500 213 655,2026-01-22T15:34:36.000Z,2026-01-22T15:34:36.000Z,1,0,
019be657-deaa-7ba5-a2aa-d8d538162b34,DT-1284,Odin,,,M,2025-01-21,,,019b6f8b-fc47-72be-bb34-5b0ea981b6ca,,,,,,,,276093400969627,2026-01-22T15:34:36.000Z,2026-01-22T15:34:36.000Z,1,0,
019be657-deab-7412-a1fc-72f8adedcaa7,DT-1285,?,,,W,2018-09-10,,,019b6f8b-fc44-7a6f-9a67-7df932ce15c2,,,,,,,,756097201004605,2026-01-22T15:34:36.000Z,2026-01-22T15:34:36.000Z,1,0,
019be657-deab-7d37-9c3f-17ebb911a0af,DT-1286,Mayomi,,Havaneser,W,2023-04-05,,,019b6f8b-fc46-7e59-a739-7107dc2af54b,,,,,,,,,2026-01-22T15:34:36.000Z,2026-01-22T15:34:36.000Z,1,0,
019be657-deab-7599-81ba-34fde0d68e20,DT-1287,Mailo,,,M,2021-10-21,,,019b6f8b-fc45-7f81-a4f0-8328981c6d09,,,,,,,,756095310094741,2026-01-22T15:34:36.000Z,2026-01-22T15:34:36.000Z,1,0,
019be657-deab-7a27-a5e0-f232b938c685,DT-1288,Nikita,,Rhodesian Ridgeback,W,2021-03-26,,,019b6f8b-fc47-7441-89c9-ce06aeb0ea0c,,,,,,,,,2026-01-22T15:34:36.000Z,2026-01-22T15:34:36.000Z,1,0,
019be657-deab-7cb3-a26c-c848fb3e5425,DT-1289,Chabbo,,,M,2020-05-20,,,019b6f8b-fc45-72d5-9e96-66afa3c47d0e,,,,,,,,2760953000030896,2026-01-22T15:34:36.000Z,2026-01-22T15:34:36.000Z,1,0,
019be657-deab-71f6-967d-93b7d6f3c921,DT-1290,Chabbo,,,M,2020-05-20,,,019b6f8b-fc45-75f2-ae87-753b7558f8cd,,,,,,,,276095300030896,2026-01-22T15:34:36.000Z,2026-01-22T15:34:36.000Z,1,0,
019be657-deab-7254-ab40-e5e24d8941a9,DT-1291,Dex,,,M,2018-11-01,,,019b6f8b-fc46-78fd-b423-a81eb2c10b4d,,,,,,,,642099000942329,2026-01-22T15:34:36.000Z,2026-01-22T15:34:36.000Z,1,0,
019be657-deac-7da5-aa3f-475ec3e5dffe,DT-1292,Babu,,,W,2020-04-15,,,019b6f8b-fc45-70dd-9488-c4500217f227,,,,,,,,756095310030543,2026-01-22T15:34:36.000Z,2026-01-22T15:34:36.000Z,1,0,
019be657-deac-719e-9482-82162049bf65,DT-1293,Raya,,,W,2015-11-05,,,019b6f8b-fc49-785a-a84f-7650f5c7b828,,,,,,,,040098001115147,2026-01-22T15:34:36.000Z,2026-01-22T15:34:36.000Z,1,0,
019be657-deac-7dbc-8441-f578f4e24ed6,DT-1294,Nicky,,,M,2011-08-27,,,019b6f8b-fc48-7b31-87d8-f3cf2eff3aa0,,,,,,,,276 093 400 194 982,2026-01-22T15:34:36.000Z,2026-01-22T15:34:36.000Z,1,0,
019be657-deac-72bb-8a69-b384ef105620,DT-1295,Enzo,,,M,2014-05-15,,,019b6f8b-fc4a-708f-99b1-aae935f99039,,,,,,,,900182001070856,2026-01-22T15:34:36.000Z,2026-01-22T15:34:36.000Z,1,0,
019be657-deac-701c-bf7b-51c94ec4d76c,DT-1296,Balou,,,M,2015-09-05,,,019b6f8b-fc4a-7ca0-a088-6d595883b3db,,,,,,,,756097200077797,2026-01-22T15:34:36.000Z,2026-01-22T15:34:36.000Z,1,0,
019be657-deac-745e-a2e5-916a8db3c322,DT-1297,Milow,,,M,2017-05-20,,,019b6f8b-fc43-7f59-a2c7-56875ff3f176,,,,,,,,756097200068697,2026-01-22T15:34:36.000Z,2026-01-22T15:34:36.000Z,1,0,
019be657-dead-77ba-ab2c-d1dc292419e2,DT-1298,Neo,,Border Collie x Bergamas,M,2016-05-16,,,019b6f8b-fc43-7f59-a2c7-56875ff3f176,,,,,,,,,2026-01-22T15:34:36.000Z,2026-01-22T15:34:36.000Z,1,0,
019be657-dead-7008-85b9-13168dbdb278,DT-1299,Ruia,,,W,2015-11-06,,,019b6f8b-fc48-7071-b853-a8a58c3f4a97,,,,,,,,756098100748779,2026-01-22T15:34:36.000Z,2026-01-22T15:34:36.000Z,1,0,
019be657-dead-793f-9ef4-ff4845aee6fe,DT-1300,Veron,,,M,2019-05-23,,,019b6f8b-fc48-7071-b853-a8a58c3f4a97,,,,,,,,276095610588250,2026-01-22T15:34:36.000Z,2026-01-22T15:34:36.000Z,1,0,
019be657-dead-767b-a41f-6bb0d823f430,DT-1301,Kayro,,Boxer,M,2019-06-28,,,019b6f8b-fc44-76d3-b99d-81a530bb8a7f,,,,,,,,,2026-01-22T15:34:36.000Z,2026-01-22T15:34:36.000Z,1,0,
019be657-dead-7afb-a641-9526cbee912b,DT-1302,Gino,,,M,2024-08-15,,,019b6f8b-fc47-79f0-82ee-a3f4a6d167d8,,,,,,,,756095310165273,2026-01-22T15:34:36.000Z,2026-01-22T15:34:36.000Z,1,0,
019be657-dead-7781-8038-27b1ad2a6291,DT-1303,Bodo,,,M,2011-05-08,,,019b6f8b-fc4a-7b31-8208-3f06942616c5,,,,,,,,941000015372826,2026-01-22T15:34:36.000Z,2026-01-22T15:34:36.000Z,1,0,
019be657-deae-71de-b2b9-24ed11dd217b,DT-1304,Bell,,,W,2011-11-22,,,019b6f8b-fc47-70bb-bb0c-3072f776dc20,,,,,,,,756097200100483,2026-01-22T15:34:36.000Z,2026-01-22T15:34:36.000Z,1,0,
019be657-deae-7a65-b20d-acdcc2373ffe,DT-1305,Wicky,,,W,2021-11-29,,,019b6f8b-fc45-702d-b4b3-68ba364da9a3,,,,,,,,756095310086774,2026-01-22T15:34:36.000Z,2026-01-22T15:34:36.000Z,1,0,
019be657-deae-7a32-8431-8c376236877f,DT-1306,Lucky,,,M,2014-03-26,,,019b6f8b-fc49-7460-86b6-7b42133c8325,,,,,,,,756098100663390,2026-01-22T15:34:36.000Z,2026-01-22T15:34:36.000Z,1,0,
019be657-deae-7065-8e25-11384abdfa2c,DT-1307,Argo,,,M,2011-10-21,,,019b6f8b-fc48-72de-9bfd-93a40c52d0c7,,,,,,,,978 000 001 423 540,2026-01-22T15:34:36.000Z,2026-01-22T15:34:36.000Z,1,0,
019be657-deae-7d3b-81bc-069181670d41,DT-1308,Enzo,,,M,2022-11-14,,,019b6f8b-fc47-7d27-8cd4-ed47f172cc7d,,,,,,,,756097201037040,2026-01-22T15:34:36.000Z,2026-01-22T15:34:36.000Z,1,0,
019be657-deae-7a7b-8eb2-1d9cb9cc3f1b,DT-1309,Otesse,,,M,2013-03-28,,,019b6f8b-fc49-7d70-89cb-1f9b3eec7608,,,,,,,,941 000 014 575 556,2026-01-22T15:34:36.000Z,2026-01-22T15:34:36.000Z,1,0,
019be657-deae-7d2b-b067-bc640ce7e7c9,DT-1310,Gismo,,Golden Retriever,M,2008-06-01,,,019b6f8b-fc4a-7a25-be1b-a5704948a419,,,,,,,,,2026-01-22T15:34:36.000Z,2026-01-22T15:34:36.000Z,1,0,
019be657-deaf-7ce8-8386-dee00b445aa3,DT-1311,Kiro,,Labrador Retriever,M,2010-05-10,,,019b6f8b-fc4a-7a25-be1b-a5704948a419,,,,,,,,,2026-01-22T15:34:36.000Z,2026-01-22T15:34:36.000Z,1,0,
019be657-deaf-7caa-a14b-78276eef9dae,DT-1312,Hailey,,,W,2022-03-29,,,019b6f8b-fc46-7473-b3b4-f8d665c16f2f,,,,,,,,276090010862774,2026-01-22T15:34:36.000Z,2026-01-22T15:34:36.000Z,1,0,
019be657-deaf-706c-97f8-18100a24b9ac,DT-1313,Hailey,,,W,2022-03-29,,,019b6f8b-fc46-7653-bb81-b1cd9d0a9a16,,,,,,,,276090010862774,2026-01-22T15:34:36.000Z,2026-01-22T15:34:36.000Z,1,0,
019be657-deaf-76af-a6bd-88a3a30a4f77,DT-1314,Chico,,,M,2013-01-26,,,019b6f8b-fc49-7b53-b7cc-6f55c29aef06,,,,,,,,900 032 001 645 161,2026-01-22T15:34:36.000Z,2026-01-22T15:34:36.000Z,1,0,
019be657-deaf-7665-9728-615edaae320e,DT-1315,Chica,,,W,2013-01-26,,,019b6f8b-fc49-7b53-b7cc-6f55c29aef06,,,,,,,,900 032 001 645 169,2026-01-22T15:34:36.000Z,2026-01-22T15:34:36.000Z,1,0,
019be657-deaf-7208-a73c-ee5817797cc2,DT-1316,Iago,,Altdeutscher Schäferhund,M,2015-07-07,,,019b6f8b-fc44-7829-ae7f-07c91449c37e,,,,,,,,,2026-01-22T15:34:36.000Z,2026-01-22T15:34:36.000Z,1,0,
019be657-deb0-79c2-a711-a11bc7b68d32,DT-1317,Camina,,Labrador Retriever,W,,,,019b6f8b-fc45-79d4-a68b-292b6be81818,,,,,,,,,2026-01-22T15:34:36.000Z,2026-01-22T15:34:36.000Z,1,0,
019be657-deb0-732a-b3e9-2ca0ffa21eef,DT-1318,Camina,,,W,2019-08-08,,,019b6f8b-fc43-76b0-81e1-0eb2f26e2e50,,,,,,,,756095310014877,2026-01-22T15:34:36.000Z,2026-01-22T15:34:36.000Z,1,0,
019be657-deb0-7056-b038-98e75e861906,DT-1319,Louis,,Saluki,M,,,,019b6f8b-fc4b-7e7d-81c5-bce6e2964eb2,,,,,,,,,2026-01-22T15:34:36.000Z,2026-01-22T15:34:36.000Z,1,0,
019be657-deb0-724d-940c-0af92e5beb47,DT-1320,Pablo,,,M,2021-07-24,,,019b6f8b-fc45-7ea3-8ff7-d470fcf17358,,,,,,,,756098000108627,2026-01-22T15:34:36.000Z,2026-01-22T15:34:36.000Z,1,0,
019be657-deb0-7833-aaed-e025f20dc3a3,DT-1321,Nubi,,Mischling,M,,,,019b6f8b-fc4b-766a-a07a-397a0bb92794,,,,,,,,,2026-01-22T15:34:36.000Z,2026-01-22T15:34:36.000Z,1,0,
019be657-deb0-75b7-8e42-ead4a20ce0ac,DT-1322,Änni,,,W,2011-04-30,,,019b6f8b-fc49-72b6-be90-445dcdd2874a,,,,,,,,,2026-01-22T15:34:36.000Z,2026-01-22T15:34:36.000Z,1,0,
019be657-deb1-7f99-ba1b-e215eb608426,DT-1323,Jimbo,,,M,2007-02-01,,,019b6f8b-fc49-7a76-9ddc-b8761e3dd4c1,,,,,,,,756 097 200 138 390,2026-01-22T15:34:36.000Z,2026-01-22T15:34:36.000Z,1,0,
019be657-deb1-7c35-8607-5ffeb93e3338,DT-1324,Chiaro,,,M,2009-06-09,,,019b6f8b-fc4a-74c4-bf4d-efc2c9933ff2,,,,,,,,756098100421168,2026-01-22T15:34:36.000Z,2026-01-22T15:34:36.000Z,1,0,
019be657-deb1-77a7-84eb-2c927a1b4aab,DT-1325,Rambo,,,M,2011-09-01,,,019b6f8b-fc49-7614-917d-b30cadccc6a9,,,,,,,,276 094 500 018 085,2026-01-22T15:34:36.000Z,2026-01-22T15:34:36.000Z,1,0,
019be657-deb1-7a80-b2bf-74d99d3a3181,DT-1326,Benny,,,M,2024-08-08,,,019b6f8b-fc49-7614-917d-b30cadccc6a9,,,,,,,,756095310148709,2026-01-22T15:34:36.000Z,2026-01-22T15:34:36.000Z,1,0,
019be657-deb1-7811-81db-76bda9e6380f,DT-1327,Dyson,,,M,2011-06-24,,,019b6f8b-fc49-70e3-a80c-7920c1f0858f,,,,,,,,939000010220618,2026-01-22T15:34:36.000Z,2026-01-22T15:34:36.000Z,1,0,
019be657-deb1-76f4-a005-eb9808bdab07,DT-1328,Muffin,,Pudel,X,2014-03-11,,,019b6f8b-fc4a-7cf1-a21e-b927627106e9,,,,,,,,,2026-01-22T15:34:36.000Z,2026-01-22T15:34:36.000Z,1,0,
019be657-deb2-70f4-ada2-1920b661f3f0,DT-1329,Drake,,,M,2011-03-25,,,019b6f8b-fc48-7996-9b58-a8dec5b5a43a,,,,,,,,756 098 100 551 310,2026-01-22T15:34:36.000Z,2026-01-22T15:34:36.000Z,1,0,
019be657-deb2-7178-b791-152b36300a55,DT-1330,Speedy,,,M,2011-08-18,,,019b6f8b-fc48-7fb7-ba9a-3fe680843211,,,,,,,,939 000 010 232 910,2026-01-22T15:34:36.000Z,2026-01-22T15:34:36.000Z,1,0,
019be657-deb2-74ac-9c1d-3b983065ccf4,DT-1331,Azorica,,,M,2012-06-01,,,019b6f8b-fc49-786c-8bcb-8f0cc3bdf17e,,,,,,,,941000015610076,2026-01-22T15:34:36.000Z,2026-01-22T15:34:36.000Z,1,0,
019be657-deb2-7568-9525-928e77fe34bd,DT-1332,Cyndi,,,W,2018-02-20,,,019b6f8b-fc47-71aa-8655-944ecf96bacb,,,,,,,,756098000029806,2026-01-22T15:34:36.000Z,2026-01-22T15:34:36.000Z,1,0,
019be657-deb2-7590-bd3e-a6a7f1dc23fc,DT-1333,Orlik,,Grosser Schweizer Senne,M,2018-05-14,,,019b6f8b-fc44-7588-a121-38d9265b3e65,,,,,,,,,2026-01-22T15:34:36.000Z,2026-01-22T15:34:36.000Z,1,0,
019be657-deb2-7204-9b6b-143331884def,DT-1334,Whisky,,,M,2020-01-28,,,019b6f8b-fc46-7c97-852e-471498e25644,,,,,,,,276094500666017,2026-01-22T15:34:36.000Z,2026-01-22T15:34:36.000Z,1,0,
019be657-deb2-7378-98fe-80bc57b2947d,DT-1335,Caro,,,M,2009-12-03,,,019b6f8b-fc49-7309-84ec-d9eb4e46e494,,,,,,,,756 098 100 470 873,2026-01-22T15:34:36.000Z,2026-01-22T15:34:36.000Z,1,0,
019be657-deb3-76c5-b289-57f30a500287,DT-1336,Eddy,,,M,2020-05-22,,,019b6f8b-fc45-7c57-9096-25db68f1c09e,,,,,,,,61209000196712,2026-01-22T15:34:36.000Z,2026-01-22T15:34:36.000Z,1,0,
019be657-deb3-7a55-9832-f8c8414e7a87,DT-1337,Fionn,,,M,2022-11-29,,,019b6f8b-fc47-75d7-9e77-49148bcd8754,,,,,,,,756098100970319,2026-01-22T15:34:36.000Z,2026-01-22T15:34:36.000Z,1,0,
019be657-deb3-70b5-a349-7d3499d51882,DT-1338,Fionn,,,M,2022-11-29,,,019b6f8b-fc44-7f5d-8ea5-0dac3580b992,,,,,,,,756098100970319,2026-01-22T15:34:36.000Z,2026-01-22T15:34:36.000Z,1,0,
019be657-deb3-7801-8fc7-49e6e89e1923,DT-1339,Liza,,,W,2019-09-14,,,019b6f8b-fc44-7dca-99aa-a97248b4e3ee,,,,,,,,991001003106930,2026-01-22T15:34:36.000Z,2026-01-22T15:34:36.000Z,1,0,
019be657-deb3-7b29-822e-d65c616f14bd,DT-1340,Niko,,,M,2011-07-29,,,019b6f8b-fc49-78bd-a26f-dc58dc6a6beb,,,,,,,,380260040728062,2026-01-22T15:34:36.000Z,2026-01-22T15:34:36.000Z,1,0,
019be657-deb3-75f5-8742-c490b26423cf,DT-1341,Arco,,,M,2014-08-29,,,019b6f8b-fc4a-7490-a109-c2023984c4f6,,,,,,,,756097202004109,2026-01-22T15:34:36.000Z,2026-01-22T15:34:36.000Z,1,0,
019be657-deb4-7e41-a913-5f2c21e5ed24,DT-1342,Qila,,,W,2024-03-29,,,019b6f8b-fc47-7123-9758-80bf7f8a7fc7,,,,,,,,756098800066431,2026-01-22T15:34:36.000Z,2026-01-22T15:34:36.000Z,1,0,
019be657-deb4-75b1-95b8-7918bf7de6da,DT-1343,Benno,,,M,2014-01-01,,,019b6f8b-fc43-759d-9f62-6dfe97a43b13,,,,,,,,756098100735166,2026-01-22T15:34:36.000Z,2026-01-22T15:34:36.000Z,1,0,
019be657-deb4-7774-b5d3-5d8a09c952f7,DT-1344,Penny,,,W,2019-02-16,,,019b6f8b-fc44-7abf-9384-a0a4550865ec,,,,,,,,380260101369442,2026-01-22T15:34:36.000Z,2026-01-22T15:34:36.000Z,1,0,
019be657-deb4-7a77-a787-9190925cce83,DT-1345,Miley,,,W,2015-11-28,,,019b6f8b-fc4a-74c7-89e7-9ca092be028b,,,,,,,,756097202013328,2026-01-22T15:34:36.000Z,2026-01-22T15:34:36.000Z,1,0,
019be657-deb4-7ba9-aa4f-de8a87e8c03f,DT-1346,Luna,,,W,2010-03-30,,,019b6f8b-fc49-792b-ad7e-2dcfe62873a6,,,,,,,,756 098 100 117 3,2026-01-22T15:34:36.000Z,2026-01-22T15:34:36.000Z,1,0,
019be657-deb4-75af-90ef-96e78eba902d,DT-1347,Stella,,,W,2012-03-15,,,019b6f8b-fc49-7de0-a9fc-ba699f223c38,,,,,,,,756 098 100 565 904,2026-01-22T15:34:36.000Z,2026-01-22T15:34:36.000Z,1,0,
019be657-deb5-78a8-b2f4-dbe4d75661d9,DT-1348,Arko,,,M,2012-05-17,,,019b6f8b-fc49-7b2d-bf47-edcfe55dcd73,,,,,,,,400 981 003 561 63,2026-01-22T15:34:36.000Z,2026-01-22T15:34:36.000Z,1,0,
019be657-deb5-7833-87fb-b8e5adf2a9dd,DT-1349,Maila,,,W,2023-05-04,,,019b6f8b-fc47-7a49-a777-10505f20ea3f,,,,,,,,756098100982542,2026-01-22T15:34:36.000Z,2026-01-22T15:34:36.000Z,1,0,
019be657-deb5-7db8-8490-de599b18e173,DT-1350,Sam,,Malinois x Deutscher Schä,M,,,,019b6f8b-fc45-7bf3-8205-e7d1f9fcba1e,,,,,,,,,2026-01-22T15:34:36.000Z,2026-01-22T15:34:36.000Z,1,0,
019be657-deb5-7579-b52f-4bb14d4ff095,DT-1351,Tara,,Rhodesian Ridgeback,W,2014-07-07,,,019b6f8b-fc4a-7e67-a324-4b4cca681e21,,,,,,,,,2026-01-22T15:34:36.000Z,2026-01-22T15:34:36.000Z,1,0,
019be657-deb5-72a5-aaaa-34dd176af4c3,DT-1352,Sam,,,M,2012-05-01,,,019b6f8b-fc48-7497-a294-75233fff2567,,,,,,,,941000015170952,2026-01-22T15:34:36.000Z,2026-01-22T15:34:36.000Z,1,0,
019be657-deb5-7487-8f23-b2e9866d7df2,DT-1353,Toby,,Mischling,M,2020-01-02,,,019b6f8b-fc46-7a4c-827d-815829913be4,,,,,,,,,2026-01-22T15:34:36.000Z,2026-01-22T15:34:36.000Z,1,0,
019be657-deb6-7b5c-8689-8431e12944ca,DT-1354,Lexa,,Weisser Schweizer Schäf,W,2015-05-27,,,019b6f8b-fc47-7628-8835-ac85249b8c5e,,,,,,,,,2026-01-22T15:34:36.000Z,2026-01-22T15:34:36.000Z,1,0,
019be657-deb6-7515-9dcf-5ab0c4862276,DT-1355,Xyleen,,B,W,2013-11-01,,,019b6f8b-fc4a-7003-8124-f78173e5d835,,,,,,,,756097200179496,2026-01-22T15:34:36.000Z,2026-01-22T15:34:36.000Z,1,0,
019be657-deb6-754c-b317-b45bd1c13bdc,DT-1356,Jocker,,,M,2012-04-17,,,019b6f8b-fc49-7cdf-b600-8fce40323717,,,,,,,,981189900032604,2026-01-22T15:34:36.000Z,2026-01-22T15:34:36.000Z,1,0,
019be657-deb6-71d8-8a0c-ca57309581f5,DT-1357,Bobby,,,M,2014-06-13,,,019b6f8b-fc43-7f17-9a8c-d7ebe9e61f6d,,,,,,,,941000017081028,2026-01-22T15:34:36.000Z,2026-01-22T15:34:36.000Z,1,0,
019be657-deb6-717f-bee3-ebfe623bcd0a,DT-1358,Bobby,,,M,2014-06-13,,,019b6f8b-fc4a-7b82-b519-c43bc86e7843,,,,,,,,941000017081028,2026-01-22T15:34:36.000Z,2026-01-22T15:34:36.000Z,1,0,
019be657-deb6-7b4b-8a3f-892f8ff0fa55,DT-1359,Mycke,,gestorben,M,2012-11-03,,,019b6f8b-fc43-7471-8ef8-41b7de636f31,,,,,,,,934000011076588,2026-01-22T15:34:36.000Z,2026-01-22T15:34:36.000Z,1,0,
019be657-deb7-7997-ac66-4c1fabee4d86,DT-1360,Pit,,,M,2011-04-01,,,019b6f8b-fc43-7471-8ef8-41b7de636f31,,,,,,,,945000000901415,2026-01-22T15:34:36.000Z,2026-01-22T15:34:36.000Z,1,0,
019be657-deb7-7142-a011-361454422299,DT-1361,Kaydee,,,W,2011-04-25,,,019b6f8b-fc48-7796-b264-e2653f422352,,,,,,,,250 268 720 054 687,2026-01-22T15:34:36.000Z,2026-01-22T15:34:36.000Z,1,0,
019be657-deb7-7953-9e86-a09df98271ef,DT-1362,Willow,,Französische Bulldogge,M,2010-08-03,,,019b6f8b-fc48-7796-b264-e2653f422352,,,,,,,,,2026-01-22T15:34:36.000Z,2026-01-22T15:34:36.000Z,1,0,
019be657-deb7-7d43-b8c3-07d3b2cc91d1,DT-1363,Inoa,,Französische Bulldogge,W,2010-02-17,,,019b6f8b-fc48-7796-b264-e2653f422352,,,,,,,,,2026-01-22T15:34:36.000Z,2026-01-22T15:34:36.000Z,1,0,
019be657-deb7-7176-9c6a-44f0850499d2,DT-1364,Madoxx,,Französische Bulldogge,M,2008-03-28,,,019b6f8b-fc48-7796-b264-e2653f422352,,,,,,,,,2026-01-22T15:34:36.000Z,2026-01-22T15:34:36.000Z,1,0,
019be657-deb7-7a32-a75b-b4831a470985,DT-1365,Banshee,,,W,2012-09-19,,,019b6f8b-fc48-7796-b264-e2653f422352,,,,,,,,756 098 500 080 399,2026-01-22T15:34:36.000Z,2026-01-22T15:34:36.000Z,1,0,
019be657-deb8-76cd-89d8-3cd0c830c8c8,DT-1366,Yoomee,,,W,2014-05-17,,,019b6f8b-fc48-7796-b264-e2653f422352,,,,,,,,756096900000755,2026-01-22T15:34:36.000Z,2026-01-22T15:34:36.000Z,1,0,
019be657-deb8-7060-bab5-7e69ef5366d9,DT-1367,Otto,,,M,2020-03-30,,,019b6f8b-fc44-732e-9ab6-9bbb802be2c8,,,,,,,,756095310022659,2026-01-22T15:34:36.000Z,2026-01-22T15:34:36.000Z,1,0,
019be657-deb8-7e46-b60a-3c2f996901c8,DT-1368,Gowy,,Airedale Terrier,M,2008-07-14,,,019b6f8b-fc49-7b29-844e-10deda2f7e3e,,,,,,,,,2026-01-22T15:34:36.000Z,2026-01-22T15:34:36.000Z,1,0,
019be657-deb8-7602-8013-1f64b2065de2,DT-1369,Nico,,Groenendael,M,2012-11-01,,,019b6f8b-fc47-7c49-b28e-debec4deed81,,,,,,,,,2026-01-22T15:34:36.000Z,2026-01-22T15:34:36.000Z,1,0,
019be657-deb8-75d8-99ad-a6ad081edc97,DT-1370,Orson,,,M,2016-05-20,,,019b6f8b-fc45-7864-bc67-d8d338580155,,,,,,,,250269500714723,2026-01-22T15:34:36.000Z,2026-01-22T15:34:36.000Z,1,0,
019be657-deb8-7369-ad3d-24cbcca70fb5,DT-1371,Basco,,,M,2014-04-11,,,019b6f8b-fc49-77da-ac41-5ec9f7e15908,,,,,,,,756098100657184,2026-01-22T15:34:36.000Z,2026-01-22T15:34:36.000Z,1,0,
019be657-deb8-74a0-a546-5859ec170d97,DT-1372,Simba,,,M,2022-01-03,,,019b6f8b-fc46-70ac-8de4-ee57716a9cee,,,,,,,,620094100252373,2026-01-22T15:34:36.000Z,2026-01-22T15:34:36.000Z,1,0,
019be657-deb9-7c2f-a0cf-44605c684b06,DT-1373,Nalah,,Husky x Collie,W,2008-04-01,,,019b6f8b-fc4a-7c73-bb16-371f9e41cab3,,,,,,,,,2026-01-22T15:34:36.000Z,2026-01-22T15:34:36.000Z,1,0,
019be657-deb9-7879-b202-d66c69f710a3,DT-1374,Hayze,,,M,,,,019b6f8b-fc45-7df8-b67d-3c496fa74356,,,,,,,,972274200185204,2026-01-22T15:34:36.000Z,2026-01-22T15:34:36.000Z,1,0,
019be657-deb9-7983-879f-68048b9ac48c,DT-1375,Una,,,W,2014-05-14,,,019b6f8b-fc49-7e08-bde6-b5f7a5fd677d,,,,,,,,756098100684244,2026-01-22T15:34:36.000Z,2026-01-22T15:34:36.000Z,1,0,
019be657-deb9-785a-a8d7-6b353809bd50,DT-1376,Edison,,,M,2021-08-13,,,019b6f8b-fc45-7d75-9c9a-4c4c98e30d79,,,,,,,,276099200030776,2026-01-22T15:34:36.000Z,2026-01-22T15:34:36.000Z,1,0,
019be657-deb9-792f-9cd6-bcd15a7a5adb,DT-1377,Isak,,,M,2021-09-04,,,019b6f8b-fc45-72ac-8b0b-18b8e4989ed2,,,,,,,,756098800025380,2026-01-22T15:34:36.000Z,2026-01-22T15:34:36.000Z,1,0,
019be657-deb9-7306-b824-93c3901866db,DT-1378,Akela,,Pinsche Mischling,W,2019-12-01,,,019b6f8b-fc44-7938-95cf-2e1e8d532c4a,,,,,,,,,2026-01-22T15:34:36.000Z,2026-01-22T15:34:36.000Z,1,0,
019be657-deba-7d9c-8812-5b7211d5fb61,DT-1379,Magi,,,W,2017-08-01,,,019b6f8b-fc48-783d-b0c8-2b0c8f951099,,,,,,,,941000021957442,2026-01-22T15:34:36.000Z,2026-01-22T15:34:36.000Z,1,0,
019be657-deba-79c9-9a16-3b67d19560b1,DT-1380,Solea,,,W,2014-06-24,,,019b6f8b-fc4a-7ca6-9a8d-462eb3f92cec,,,,,,,,756096900004679,2026-01-22T15:34:36.000Z,2026-01-22T15:34:36.000Z,1,0,
019be657-deba-762e-9038-c5ba61fe6bf4,DT-1381,Mila,,,W,2020-10-19,,,019b6f8b-fc47-73b7-8f00-569c73c3b3de,,,,,,,,642090000212664,2026-01-22T15:34:36.000Z,2026-01-22T15:34:36.000Z,1,0,
019be657-deba-7331-809a-3ccafeb2fd2e,DT-1382,Dexter,,,M,2017-11-19,,,019b6f8b-fc44-75cc-9a6c-57762688f16b,,,,,,,,756097200100761,2026-01-22T15:34:36.000Z,2026-01-22T15:34:36.000Z,1,0,
019be657-deba-7871-9fa9-e6ad89b5c2e8,DT-1383,Dexter,,Labrador Retriever,M,,,,019b6f8b-fc44-70bd-b784-aace2e8cb5bb,,,,,,,,,2026-01-22T15:34:36.000Z,2026-01-22T15:34:36.000Z,1,0,
019be657-debb-79dd-8ad9-2ef869395bea,DT-1384,Akilah,,,W,2012-01-17,,,019b6f8b-fc48-7a17-abd0-a367978666b6,,,,,,,,75609810 580730,2026-01-22T15:34:36.000Z,2026-01-22T15:34:36.000Z,1,0,
019be657-debb-7047-97d5-c7abc924a12a,DT-1385,Pippa,,,W,2022-03-04,,,019b6f8b-fc45-79a1-8333-c062ef14268a,,,,,,,,756098502058055,2026-01-22T15:34:36.000Z,2026-01-22T15:34:36.000Z,1,0,
019be657-debb-7524-8881-6dddd9b06b48,DT-1386,Pino,,Stabyhoun,M,,,,019b6f8b-fc47-768d-831b-907c47719c1c,,,,,,,,,2026-01-22T15:34:36.000Z,2026-01-22T15:34:36.000Z,1,0,
019be657-debb-7524-8fee-8239db6263e0,DT-1387,Simba,,,W,2011-06-23,,,019b6f8b-fc4a-730a-8e6b-e5488085c2cb,,,,,,,,756097200153981,2026-01-22T15:34:36.000Z,2026-01-22T15:34:36.000Z,1,0,
019be657-debb-74fa-93c1-9fe9dacc1a49,DT-1388,Ayden,,,M,2012-07-15,,,019b6f8b-fc48-7b6a-85d4-4fb91e599516,,,,,,,,756 098 100 678 826,2026-01-22T15:34:36.000Z,2026-01-22T15:34:36.000Z,1,0,
019be657-debb-705b-bd82-a427ff0e96b0,DT-1389,Mento,,,M,2023-12-02,,,019b6f8b-fc48-7b6a-85d4-4fb91e599516,,,,,,,,756 095 310 152 075,2026-01-22T15:34:36.000Z,2026-01-22T15:34:36.000Z,1,0,
019be657-debc-7178-a798-a9ca614c8e03,DT-1390,Pino,,,M,2023-03-30,,,019b6f8b-fc47-71e8-97d0-4281401c0c08,,,,,,,,276095611428760,2026-01-22T15:34:36.000Z,2026-01-22T15:34:36.000Z,1,0,
019be657-debc-7a24-92f8-49a017056129,DT-1391,Xhabo,,Rhodesian Ridgeback,M,2023-06-26,,,019b6f8b-fc47-7d19-98e2-4bca73711e81,,,,,,,,,2026-01-22T15:34:36.000Z,2026-01-22T15:34:36.000Z,1,0,
019be657-debc-779a-96f8-14260cb03fef,DT-1392,Lenox,,,M,2017-02-06,,,019b6f8b-fc47-7eda-8f57-6562e17c5e38,,,,,,,,756098100771311,2026-01-22T15:34:36.000Z,2026-01-22T15:34:36.000Z,1,0,
019be657-debc-7db3-8ed5-d414b3234510,DT-1393,Joya,,American Staffordshire Te,W,,,,019b6f8b-fc4b-7f50-a22a-aca4a0b1a83d,,,,,,,,,2026-01-22T15:34:36.000Z,2026-01-22T15:34:36.000Z,1,0,
019be657-debc-7dbb-93ee-74e19e7ede54,DT-1394,Mara,,Border Collie Mix,W,2019-09-10,,,019b6f8b-fc47-7973-8bc6-8b88e910c824,,,,,,,,,2026-01-22T15:34:36.000Z,2026-01-22T15:34:36.000Z,1,0,
019be657-debc-7e78-b4c5-d7c6d6c9d4d2,DT-1395,Viva,,,W,2023-06-25,,,019b6f8b-fc47-7fde-b851-182fa991f3b9,,,,,,,,642090003064738,2026-01-22T15:34:36.000Z,2026-01-22T15:34:36.000Z,1,0,
019be657-debd-7eb6-bef0-4a0611ee0362,DT-1396,Pablo,,Cane Corso,M,2020-11-28,,,019b6f8b-fc45-756d-8640-da74cd644795,,,,,,,,,2026-01-22T15:34:36.000Z,2026-01-22T15:34:36.000Z,1,0,
019be657-debd-7674-a399-7ee3ac6da712,DT-1397,Jackie,,Parson-Russell-Terrier,W,2017-09-30,,,019b6f8b-fc43-78ca-a167-9bee3277aab7,,,,,,,,,2026-01-22T15:34:36.000Z,2026-01-22T15:34:36.000Z,1,0,
019be657-debd-701f-a2ff-78e70c17054e,DT-1398,Jimi,,,M,2022-03-25,,,019b6f8b-fc46-71f9-a81e-c3073577e602,,,,,,,,276099200233736,2026-01-22T15:34:36.000Z,2026-01-22T15:34:36.000Z,1,0,
019be657-debd-7671-9b86-7c0cdf248d98,DT-1399,Lotti,,,W,2014-03-16,,,019b6f8b-fc49-7642-a333-ebe76bf7d8b2,,,,,,,,756097200074755,2026-01-22T15:34:36.000Z,2026-01-22T15:34:36.000Z,1,0,
019be657-debd-725e-96a5-a711753dbcf9,DT-1400,Jill,,,W,2024-02-05,,,019b6f8b-fc49-7642-a333-ebe76bf7d8b2,,,,,,,,756093900103635,2026-01-22T15:34:36.000Z,2026-01-22T15:34:36.000Z,1,0,
019be657-debd-758e-beb7-f91b7325e15a,DT-1401,Sophie,,,W,2013-08-01,,,019b6f8b-fc43-7cbd-8726-44b5e77562ca,,,,,,,,945000001514406,2026-01-22T15:34:36.000Z,2026-01-22T15:34:36.000Z,1,0,
019be657-debe-7a06-864b-90ad6b580f3a,DT-1402,Aramis,,Belg. x Holl. x Deutscher,M,2009-09-15,,,019b6f8b-fc43-7cbd-8726-44b5e77562ca,,,,,,,,,2026-01-22T15:34:36.000Z,2026-01-22T15:34:36.000Z,1,0,
019be657-debe-7a6f-bcec-7c4820b3a8bc,DT-1403,Arnie,,,M,2020-05-29,,,019b6f8b-fc43-7cbd-8726-44b5e77562ca,,,,,,,,756093900066911,2026-01-22T15:34:36.000Z,2026-01-22T15:34:36.000Z,1,0,
019be657-debe-7444-9a07-85eaa4e35a53,DT-1404,Rouven,,,M,2015-09-07,,,019b6f8b-fc4b-7c59-b8e1-7609cc386f7b,,,,,,,,756097202008528,2026-01-22T15:34:36.000Z,2026-01-22T15:34:36.000Z,1,0,
019be657-debe-7474-a9c1-7f92ab4403e7,DT-1405,Nils,,,M,2022-05-04,,,019b6f8b-fc46-7171-bd10-4b757c46c3ea,,,,,,,,752098100974614,2026-01-22T15:34:36.000Z,2026-01-22T15:34:36.000Z,1,0,
019be657-debe-71c4-9683-4b7bf37def30,DT-1406,Roxy,,Schäfer Mischling,W,,,,019b6f8b-fc4a-787a-a8ce-f7a8f85646d5,,,,,,,,,2026-01-22T15:34:36.000Z,2026-01-22T15:34:36.000Z,1,0,
019be657-debe-704c-b5bd-bdfee18485b8,DT-1407,Dax,,Flat Coated Retriever,M,,,,019b6f8b-fc44-7700-bb4d-57677763ea64,,,,,,,,,2026-01-22T15:34:36.000Z,2026-01-22T15:34:36.000Z,1,0,
019be657-debf-7d6e-973b-05aa3192d6fe,DT-1408,Kira,,Appenzeller Mix,W,2019-06-02,,,019b6f8b-fc44-787f-bdde-d6b082d08870,,,,,,,,,2026-01-22T15:34:36.000Z,2026-01-22T15:34:36.000Z,1,0,
019be657-debf-7291-8e62-4fc7a57038d6,DT-1409,Cayenne,,,W,2007-02-20,,,019b6f8b-fc48-7c02-8cc1-fc5ebd37b06b,,,,,,,,981 100 000 119 930,2026-01-22T15:34:36.000Z,2026-01-22T15:34:36.000Z,1,0,
019be657-debf-7395-9804-6b1b1d73b5a9,DT-1410,Juna,,,W,2013-07-13,,,019b6f8b-fc4a-7418-8e81-6ae9ce6bf063,,,,,,,,756098100584923,2026-01-22T15:34:36.000Z,2026-01-22T15:34:36.000Z,1,0,
019be657-debf-7288-8c1d-40fcc9af11f7,DT-1411,Mendo,,Ratonero Bodeguero And,M,2016-03-26,,,019b6f8b-fc47-7741-838a-9d257baf6916,,,,,,,,,2026-01-22T15:34:36.000Z,2026-01-22T15:34:36.000Z,1,0,
019be657-debf-7483-ae9f-dcce35c98db1,DT-1412,Babo,,,M,2019-12-21,,,019b6f8b-fc45-70ef-8805-c5150bd3f4d2,,,,,,,,981098108618991,2026-01-22T15:34:36.000Z,2026-01-22T15:34:36.000Z,1,0,
019be657-debf-781a-9fc0-5beab9d9b592,DT-1413,Fiona,,,W,2018-12-28,,,019b6f8b-fc44-7aad-ad18-258aa53daca3,,,,,,,,642098201012552,2026-01-22T15:34:36.000Z,2026-01-22T15:34:36.000Z,1,0,
019be657-dec0-7e43-bc90-2e6adbb8b307,DT-1414,Aiko,,,W,2018-02-15,,,019b6f8b-fc45-768b-9640-87279d1df2fa,,,,,,,,380260020196126,2026-01-22T15:34:36.000Z,2026-01-22T15:34:36.000Z,1,0,
019be657-dec0-7ebb-8dec-315957a02399,DT-1415,Foxy,,,M,2024-05-12,,,019b6f8b-fc47-7bdb-bc1d-4bfa6793a1c1,,,,,,,,756095310169442,2026-01-22T15:34:36.000Z,2026-01-22T15:34:36.000Z,1,0,
019be657-dec0-7ac3-9969-baafd147ff41,DT-1416,Gorkij,,Schwarzer Terrier ( Russis,M,2007-12-04,,,019b6f8b-fc48-734d-9e35-fa17162014e2,,,,,,,,,2026-01-22T15:34:36.000Z,2026-01-22T15:34:36.000Z,1,0,
019be657-dec0-7bce-8eba-6920c44d681d,DT-1417,Grady,,,M,2020-05-25,,,019b6f8b-fc45-7003-993a-76675ddfe2b5,,,,,,,,756097202036358,2026-01-22T15:34:36.000Z,2026-01-22T15:34:36.000Z,1,0,
019be657-dec0-7db2-9ea3-4b0f158b43f4,DT-1418,Jax,,,M,2022-09-02,,,019b6f8b-fc47-7cef-8e4c-0aba940776a1,,,,,,,,380260170095674,2026-01-22T15:34:36.000Z,2026-01-22T15:34:36.000Z,1,0,
019be657-dec0-7c26-9a20-d0e7cc0a58dd,DT-1419,Aashka,,,W,2009-07-09,,,019b6f8b-fc49-7854-844b-8c721cd00ee3,,,,,,,,276 098 102 763 536,2026-01-22T15:34:36.000Z,2026-01-22T15:34:36.000Z,1,0,
019be657-dec1-786c-937e-600198315170,DT-1420,Leila,,,W,2005-07-18,,,019b6f8b-fc4a-7ddd-a353-c3d757bc7870,,,,,,,,1911000000018070,2026-01-22T15:34:36.000Z,2026-01-22T15:34:36.000Z,1,0,
019be657-dec1-76a0-bcd8-d2dcddff95ee,DT-1421,Kimi,,Berner Sennenhund,W,2011-04-25,,,019b6f8b-fc48-74f7-bdf0-c1e1d25281ed,,,,,,,,,2026-01-22T15:34:36.000Z,2026-01-22T15:34:36.000Z,1,0,
019be657-dec1-701b-a625-410d65fc97cf,DT-1422,Heiko,,,M,2021-05-04,,,019b6f8b-fc45-7f9d-a2c1-55b9f43c950f,,,,,,,,756093900081408,2026-01-22T15:34:36.000Z,2026-01-22T15:34:36.000Z,1,0,
019be657-dec1-7493-b23e-7d388d43934b,DT-1423,Kyra,,Goldendoodle,W,2015-11-14,,,019b6f8b-fc4b-7267-b239-e20a2e89ccb2,,,,,,,,,2026-01-22T15:34:36.000Z,2026-01-22T15:34:36.000Z,1,0,
019be657-dec1-7993-8d1f-45fe84b605a3,DT-1424,Hilani,,,W,2022-02-12,,,019b6f8b-fc47-772b-89d5-ca920b20ece0,,,,,,,,756095310094739,2026-01-22T15:34:36.000Z,2026-01-22T15:34:36.000Z,1,0,
019be657-dec1-7745-97f8-9eb3c69bfa0c,DT-1425,Mira,,,W,2021-10-03,,,019b6f8b-fc46-764f-9a30-e8437a63e6f7,,,,,,,,941000026960556,2026-01-22T15:34:36.000Z,2026-01-22T15:34:36.000Z,1,0,
019be657-dec2-76da-bb30-394b454183cd,DT-1426,Bobby,,,M,2021-05-24,,,019b6f8b-fc45-7cc9-aeff-a9248135a798,,,,,,,,756095310065089,2026-01-22T15:34:36.000Z,2026-01-22T15:34:36.000Z,1,0,
019be657-dec2-7cd2-a7db-da69f81552a0,DT-1427,Aki,,,M,2025-07-22,,,019be657-de48-76bf-a7c0-7dd585bff656,,,,,,,,250269699759138,2026-01-22T15:34:36.000Z,2026-01-22T15:34:36.000Z,1,0,
019be657-dec2-736f-9f6b-635ca9f79ccc,DT-1428,Niki,,,W,2016-12-13,,,019b6f8b-fc47-7d72-9c60-d598c79c0de7,,,,,,,,756098100777407,2026-01-22T15:34:36.000Z,2026-01-22T15:34:36.000Z,1,0,
019be657-dec2-7a34-9e77-2360898a78d5,DT-1429,Dayo,,,M,2015-03-02,,,019b6f8b-fc4a-7dcd-bbd4-276bdc682357,,,,,,,,276093400596130,2026-01-22T15:34:36.000Z,2026-01-22T15:34:36.000Z,1,0,
019be657-dec2-7faa-88f4-5139f0bfb228,DT-1430,Finn,,,M,2012-07-13,,,019b6f8b-fc49-78b8-9197-e66f8fceef22,,,,,,,,938000000557540,2026-01-22T15:34:36.000Z,2026-01-22T15:34:36.000Z,1,0,
019be657-dec3-7460-bfbb-9691c926804f,DT-1431,Rida,,Podenco Mix,W,2016-09-10,,,019b6f8b-fc4b-7561-ac0a-4d89d64ff90d,,,,,,,,,2026-01-22T15:34:36.000Z,2026-01-22T15:34:36.000Z,1,0,
019be657-dec3-7027-b008-7b271c2d6817,DT-1432,Elvis,,Harzer Fuchs,M,2021-08-25,,,019b6f8b-fc47-7cd7-8e3e-46caf5a96e1b,,,,,,,,,2026-01-22T15:34:36.000Z,2026-01-22T15:34:36.000Z,1,0,
019be657-dec3-7031-b0a8-0c2591b01db1,DT-1433,Haze,,American Bulldog,W,2018-04-02,,,019b6f8b-fc4b-7383-9978-71c727409b81,,,,,,,,,2026-01-22T15:34:36.000Z,2026-01-22T15:34:36.000Z,1,0,
019be657-dec3-7f11-9fc2-4dbeb1793fa6,DT-1434,Zora,,Labrador Retriever,W,,,,019b6f8b-fc45-7930-9291-a39cb7f7d486,,,,,,,,,2026-01-22T15:34:36.000Z,2026-01-22T15:34:36.000Z,1,0,
019be657-dec3-7541-88fe-72e04b8e40de,DT-1435,Zora,,Labrador Retriever,W,2019-08-08,,,019b6f8b-fc43-70df-bc8a-3f03f537c54b,,,,,,,,,2026-01-22T15:34:36.000Z,2026-01-22T15:34:36.000Z,1,0,
019be657-dec3-7831-a487-dc62ebacb8a5,DT-1436,Duke,,Rhodesian Ridgeback,M,2024-08-10,,,019b6f8b-fc47-7de6-8387-8f1e8341cec5,,,,,,,,,2026-01-22T15:34:36.000Z,2026-01-22T15:34:36.000Z,1,0,
019be657-dec4-7fb3-bebd-467a2e768fd2,DT-1437,Aragon,,,M,2015-06-30,,,019b6f8b-fc48-7e24-8b49-1c3b40926dd6,,,,,,,,756097200067451,2026-01-22T15:34:36.000Z,2026-01-22T15:34:36.000Z,1,0,
019be657-dec4-717a-97b5-50593c88263e,DT-1438,Branco,,,M,2019-01-18,,,019b6f8b-fc48-7e24-8b49-1c3b40926dd6,,,,,,,,756098000037342,2026-01-22T15:34:36.000Z,2026-01-22T15:34:36.000Z,1,0,
019be657-dec4-7d2a-af08-ccd4685c421c,DT-1439,Nougat,,,W,2024-08-30,,,019b6f8b-fc48-7e24-8b49-1c3b40926dd6,,,,,,,,276099200754527,2026-01-22T15:34:36.000Z,2026-01-22T15:34:36.000Z,1,0,
019be657-dec4-7ad9-b42d-47f90af185ef,DT-1440,Butch,,,M,2009-04-02,,,019b6f8b-fc4a-7cc3-99c7-260e53c3ac32,,,,,,,,756097200148255,2026-01-22T15:34:36.000Z,2026-01-22T15:34:36.000Z,1,0,
019be657-dec4-7b64-94c0-13d3724e2e21,DT-1441,Alpha,,,M,2021-11-19,,,019b6f8b-fc46-76cc-8a34-ce297efd3acb,,,,,,,,276099200243821,2026-01-22T15:34:36.000Z,2026-01-22T15:34:36.000Z,1,0,
019be657-dec4-797f-bca6-2e671a3b948e,DT-1442,chanel,,,W,2023-03-05,,,019b6f8b-fc46-7181-8e87-29c5a170c003,,,,,,,,7560981000985111,2026-01-22T15:34:36.000Z,2026-01-22T15:34:36.000Z,1,0,
019be657-dec5-78be-9783-5fd735eef285,DT-1443,Galetto,,,M,2017-08-31,,,019b6f8b-fc47-7ccf-ae99-b4481d46f7aa,,,,,,,,756097202032003,2026-01-22T15:34:36.000Z,2026-01-22T15:34:36.000Z,1,0,
019be657-dec5-7100-a274-ff8363b41910,DT-1444,Hund,,Tibet-Terrier,X,,,,019b6f8b-fc49-7157-96b5-a7efa8314f5f,,,,,,,,,2026-01-22T15:34:36.000Z,2026-01-22T15:34:36.000Z,1,0,
019be657-dec5-77b0-aea3-f13c27039ecb,DT-1445,Hope,,,W,2012-09-12,,,019b6f8b-fc4a-7f96-8ad4-1f47c67c057c,,,,,,,,756097200185678,2026-01-22T15:34:36.000Z,2026-01-22T15:34:36.000Z,1,0,
019be657-dec5-7e34-a056-8ec25640d715,DT-1446,Jimmy,,,M,2014-02-03,,,019b6f8b-fc49-7570-af7e-d4f2e4e49e4d,,,,,,,,250268731129024,2026-01-22T15:34:36.000Z,2026-01-22T15:34:36.000Z,1,0,
019be657-dec5-7d5d-8905-582c4369bdb9,DT-1447,Achat,,,M,2013-10-01,,,019b6f8b-fc49-79ae-bdaa-9809067d7f9c,,,,,,,,934000011111433,2026-01-22T15:34:36.000Z,2026-01-22T15:34:36.000Z,1,0,
019be657-dec6-7416-99a3-b08b63094660,DT-1448,Achat,,,M,2013-10-01,,,019b6f8b-fc49-79ae-bdaa-9809067d7f9c,,,,,,,,934000011111433,2026-01-22T15:34:36.000Z,2026-01-22T15:34:36.000Z,1,0,
019be657-dec6-7753-944d-063dc36530ca,DT-1449,Melli,,,W,2014-10-02,,,019b6f8b-fc4a-7ba1-aa14-6c1cb419f8ad,,,,,,,,756093900012586,2026-01-22T15:34:36.000Z,2026-01-22T15:34:36.000Z,1,0,
019be657-dec6-75f4-90ad-fafcb4d685e8,DT-1450,Skooby,,,M,2016-01-16,,,019b6f8b-fc4a-7ba1-aa14-6c1cb419f8ad,,,,,,,,941000019313037,2026-01-22T15:34:36.000Z,2026-01-22T15:34:36.000Z,1,0,
019be657-dec6-76c4-a224-7812313d607f,DT-1451,Kaya,,,W,2012-05-15,,,019b6f8b-fc49-7ac5-90a9-d74f4f0de0aa,,,,,,,,756 098 100 584 510,2026-01-22T15:34:36.000Z,2026-01-22T15:34:36.000Z,1,0,
019be657-dec6-7c2c-bfdc-035a8d909643,DT-1452,Fiffi,,,M,2008-12-12,,,019b6f8b-fc47-7b1e-8853-98b0a5f8dcf1,,,,,,,,6789999999999,2026-01-22T15:34:36.000Z,2026-01-22T15:34:36.000Z,1,0,
019be657-dec6-7c72-aacc-b731987490fb,DT-1453,Jecko,,,W,2007-04-30,,,019b6f8b-fc47-768e-bfc8-a0964e841abd,,,,,,,,123 456 789 101 234,2026-01-22T15:34:36.000Z,2026-01-22T15:34:36.000Z,1,0,
019be657-dec7-7ba5-a059-cd7860695df8,DT-1454,Dex,,Deutscher Boxer,M,2023-12-29,,,019b6f8b-fc44-75e3-b46b-abf5bd594ffa,,,,,,,,,2026-01-22T15:34:36.000Z,2026-01-22T15:34:36.000Z,1,0,
019be657-dec7-7d3b-b4bc-148e0148c765,DT-1455,Archie,,,M,2022-04-10,,,019b6f8b-fc45-791a-9264-13e6ab1d5b85,,,,,,,,756097201023021,2026-01-22T15:34:36.000Z,2026-01-22T15:34:36.000Z,1,0,
019be657-dec7-70c6-9369-43c860e1c469,DT-1456,Leo,,,M,2024-12-15,,,019b6f8b-fc47-70a7-bbb2-032997b574e8,,,,,,,,756098502068287,2026-01-22T15:34:36.000Z,2026-01-22T15:34:36.000Z,1,0,
019be657-dec7-723f-9fe8-860f2458ecfb,DT-1457,Mell,,,W,2010-05-26,,,019b6f8b-fc48-735a-939e-cf8fb0b10448,,,,,,,,756 098 100 212 220,2026-01-22T15:34:36.000Z,2026-01-22T15:34:36.000Z,1,0,
019be657-dec7-7abb-85f7-092ce9c5a3f2,DT-1458,Jaro,,,M,2021-11-01,,,019b6f8b-fc45-73f4-a491-75ea57908e19,,,,,,,,756097201006587,2026-01-22T15:34:36.000Z,2026-01-22T15:34:36.000Z,1,0,
019be657-dec7-774c-ad62-08d861ccf627,DT-1459,Hilda,,Spanischer Wasserhund,W,2018-09-15,,,019b6f8b-fc44-78c0-bd64-3b67ea3e60e4,,,,,,,,,2026-01-22T15:34:36.000Z,2026-01-22T15:34:36.000Z,1,0,
019be657-dec8-70a7-b51a-fe5cc7d5ce28,DT-1460,Obi,,,M,2021-05-15,,,019b6f8b-fc45-7349-8a84-644be96057a9,,,,,,,,276098108385089,2026-01-22T15:34:37.000Z,2026-01-22T15:34:37.000Z,1,0,
019be657-dec8-7c80-b14e-84a544d7098f,DT-1461,Aslan,,,M,2012-06-20,,,019b6f8b-fc48-7b95-8bc2-69143ca0215d,,,,,,,,756 098 100 601 199,2026-01-22T15:34:37.000Z,2026-01-22T15:34:37.000Z,1,0,
019be657-dec8-7c8b-b6ac-ac6e9c9ce752,DT-1462,Caletta,,,W,2013-04-30,,,019b6f8b-fc49-7ee1-8d36-2dc7be3f2ba5,,,,,,,,276096909181880,2026-01-22T15:34:37.000Z,2026-01-22T15:34:37.000Z,1,0,
019be657-dec8-7629-89f1-75f79ecbae3a,DT-1463,Basco,,Mittelschnauzer,M,2010-08-12,,,019b6f8b-fc48-77db-ad40-1a342f6ec930,,,,,,,,,2026-01-22T15:34:37.000Z,2026-01-22T15:34:37.000Z,1,0,
019be657-dec8-76ea-907a-2f7736eb35df,DT-1464,Phelan,,,M,2023-06-21,,,019b6f8b-fc47-77c0-824a-6dfa3c1b991f,,,,,,,,276095611245319,2026-01-22T15:34:37.000Z,2026-01-22T15:34:37.000Z,1,0,
019be657-dec9-72ba-ac70-b02ed595a1ce,DT-1465,Gràda,,,M,2024-06-21,,,019b6f8b-fc47-77c0-824a-6dfa3c1b991f,,,,,,,,276095611350628,2026-01-22T15:34:37.000Z,2026-01-22T15:34:37.000Z,1,0,
019be657-dec9-7a7f-8134-6765e79a31a7,DT-1466,Sunny,,,W,2023-03-24,,,019b6f8b-fc46-7c54-8c31-411abd1516fb,,,,,,,,276098108812744,2026-01-22T15:34:37.000Z,2026-01-22T15:34:37.000Z,1,0,
019be657-dec9-7dfb-882d-bb3b7f3afa17,DT-1467,Udjno,,,M,2011-12-01,,,019b6f8b-fc48-7593-aa85-d60eff9c8085,,,,,,,,756 094 500 214 665,2026-01-22T15:34:37.000Z,2026-01-22T15:34:37.000Z,1,0,
019be657-dec9-720d-ab36-63d2a1f7af3e,DT-1468,Eros,,Continental Bulldog,M,2021-07-15,,,019b6f8b-fc45-77b2-8c2c-056df659c049,,,,,,,,,2026-01-22T15:34:37.000Z,2026-01-22T15:34:37.000Z,1,0,
019be657-dec9-765e-a43e-ca174857cdce,DT-1469,Nola,,,W,,,,019b6f8b-fc45-726b-8c84-b7fea3d41fee,,,,,,,,756098100896800,2026-01-22T15:34:37.000Z,2026-01-22T15:34:37.000Z,1,0,
019be657-dec9-7e36-b910-49407e34ef5c,DT-1470,Luna,,Labradormix,W,,,,019b6f8b-fc4a-77fe-8d01-d6df590cec48,,,,,,,,,2026-01-22T15:34:37.000Z,2026-01-22T15:34:37.000Z,1,0,
019be657-deca-7bb0-a1f7-9305254db471,DT-1471,Aria,,Australien Sheperd,W,2017-01-16,,,019b6f8b-fc43-717f-9d24-226dd7ceb243,,,,,,,,,2026-01-22T15:34:37.000Z,2026-01-22T15:34:37.000Z,1,0,
019be657-deca-778e-ad50-224b80feaaf9,DT-1472,Cherry,,,M,2011-09-19,,,019b6f8b-fc48-7c7c-9e9e-f8e6ed643a40,,,,,,,,276 093 400 218 194,2026-01-22T15:34:37.000Z,2026-01-22T15:34:37.000Z,1,0,
019be657-deca-7555-9253-315bc8be8c9b,DT-1473,Orion,,Deutscher Schäferhund,M,2020-04-14,,,019b6f8b-fc45-77aa-84fd-e6f4947f3053,,,,,,,,,2026-01-22T15:34:37.000Z,2026-01-22T15:34:37.000Z,1,0,
019be657-deca-7c65-80f8-ece3c72e3a89,DT-1474,Joya,,,W,2012-10-25,,,019b6f8b-fc49-7131-ba3b-c16acc4c9a28,,,,,,,,2760969029221473,2026-01-22T15:34:37.000Z,2026-01-22T15:34:37.000Z,1,0,
019be657-deca-7d38-af22-474b0a59f9eb,DT-1475,Jascha,,,W,2012-10-25,,,019b6f8b-fc49-7131-ba3b-c16acc4c9a28,,,,,,,,276096909221371,2026-01-22T15:34:37.000Z,2026-01-22T15:34:37.000Z,1,0,
019be657-deca-7240-9a33-9678720a7480,DT-1476,Jascha,,,W,2012-10-25,,,019b6f8b-fc49-7131-ba3b-c16acc4c9a28,,,,,,,,276096909221371,2026-01-22T15:34:37.000Z,2026-01-22T15:34:37.000Z,1,0,
019be657-decb-7aae-ab6e-6056d2636067,DT-1477,Joya,,,W,2012-10-25,,,019b6f8b-fc49-7131-ba3b-c16acc4c9a28,,,,,,,,2760969029221470,2026-01-22T15:34:37.000Z,2026-01-22T15:34:37.000Z,1,0,
019be657-decb-79a1-bb33-40c3592d1c06,DT-1478,Diego,,Viszla Mix,M,2018-02-02,,,019b6f8b-fc44-7dad-a1ea-cfa9c5b35cb9,,,,,,,,,2026-01-22T15:34:37.000Z,2026-01-22T15:34:37.000Z,1,0,
019be657-decb-77f1-a648-3acb3e37a50c,DT-1479,Basco,,,M,2016-06-20,,,019b6f8b-fc4b-7cd0-a3d4-aa3153ba04f1,,,,,,,,766098100762599,2026-01-22T15:34:37.000Z,2026-01-22T15:34:37.000Z,1,0,
019be657-decb-73f6-8fa0-643bee34d1bc,DT-1480,Kasi,,Border Collie x Belgischer,M,,,,019b6f8b-fc4a-74c9-b451-b1f12074c5f4,,,,,,,,,2026-01-22T15:34:37.000Z,2026-01-22T15:34:37.000Z,1,0,
019be657-decb-7021-9324-58eeefe0a521,DT-1481,Kasi,,,M,2010-09-19,,,019b6f8b-fc44-74b1-afce-fdf3f124e4cf,,,,,,,,276098102958031,2026-01-22T15:34:37.000Z,2026-01-22T15:34:37.000Z,1,0,
019be657-decc-7559-a013-7faea165b7ff,DT-1482,Ella,,,W,2019-03-10,,,019b6f8b-fc44-74b1-afce-fdf3f124e4cf,,,,,,,,528224001113990,2026-01-22T15:34:37.000Z,2026-01-22T15:34:37.000Z,1,0,
019be657-decc-7d67-b048-c51428d18fec,DT-1483,Whisper,,,W,2016-11-15,,,019b6f8b-fc47-759f-8525-b4aaf11a97d6,,,,,,,,2760981063621115,2026-01-22T15:34:37.000Z,2026-01-22T15:34:37.000Z,1,0,
019be657-decc-7c78-8159-0d0c48ac7159,DT-1484,Biggie,,Old English Bulldog,W,2020-09-19,,,019b6f8b-fc45-72ae-8bd4-befb6003efa8,,,,,,,,,2026-01-22T15:34:37.000Z,2026-01-22T15:34:37.000Z,1,0,
019be657-decc-7394-8d9e-08cdb08282a5,DT-1485,Oryx,,Berner Sennenhund,M,2020-12-09,,,019b6f8b-fc44-7e13-ba07-2d5c2dbefb6e,,,,,,,,,2026-01-22T15:34:37.000Z,2026-01-22T15:34:37.000Z,1,0,
019be657-decc-7920-8abd-939dbd216d2c,DT-1486,Fender,,,M,2016-05-13,,,019b6f8b-fc43-7a6b-a711-13c221304c24,,,,,,,,756098100773446,2026-01-22T15:34:37.000Z,2026-01-22T15:34:37.000Z,1,0,
019be657-decc-76b6-9955-c8a142c8ec0f,DT-1487,Daylie,,,W,2015-02-03,,,019b6f8b-fc43-7687-bc99-949a0282dcc2,,,,,,,,756098100712343,2026-01-22T15:34:37.000Z,2026-01-22T15:34:37.000Z,1,0,
019be657-decd-78d7-82f1-a5bc0c7c10f0,DT-1488,Enea,,,W,2017-08-10,,,019b6f8b-fc43-7687-bc99-949a0282dcc2,,,,,,,,941000021238198,2026-01-22T15:34:37.000Z,2026-01-22T15:34:37.000Z,1,0,
019be657-decd-732f-bc24-83171398a740,DT-1489,Nami,,,W,2021-10-20,,,019b6f8b-fc47-71da-83b5-802263615b06,,,,,,,,276095610723865,2026-01-22T15:34:37.000Z,2026-01-22T15:34:37.000Z,1,0,
019be657-decd-7672-928d-8dfa1e168b40,DT-1490,Ablaze,,Golden Retriever x Weiss,M,2017-08-07,,,019b6f8b-fc47-7b8e-b785-d259a18387ac,,,,,,,,,2026-01-22T15:34:37.000Z,2026-01-22T15:34:37.000Z,1,0,
019be657-decd-763f-b133-9a66ed3a3004,DT-1491,Cicco,,Barbet,M,2016-04-26,,,019b6f8b-fc44-78b5-bd42-5eb6f5ed8f6d,,,,,,,,,2026-01-22T15:34:37.000Z,2026-01-22T15:34:37.000Z,1,0,
019be657-decd-75e4-b1a2-b946cb0e3c29,DT-1492,Nami,,Shiba Inu,W,2021-10-20,,,019b6f8b-fc47-7657-baeb-526a08100429,,,,,,,,,2026-01-22T15:34:37.000Z,2026-01-22T15:34:37.000Z,1,0,
019be657-dece-722b-8efd-b1147766476e,DT-1493,Toby,,,M,2018-12-27,,,019b6f8b-fc44-7f6e-bd77-ad4f4285703c,,,,,,,,756097201002642,2026-01-22T15:34:37.000Z,2026-01-22T15:34:37.000Z,1,0,
019be657-dece-729d-8761-d3e1779f6a30,DT-1494,Toby,,Labrador Retriever,M,,,,019b6f8b-fc44-7bc4-b097-dbe03a266a32,,,,,,,,,2026-01-22T15:34:37.000Z,2026-01-22T15:34:37.000Z,1,0,
019be657-dece-721d-8f04-63f99c11d355,DT-1495,Gino,,Golden Retriever,M,,,,019b6f8b-fc47-7f14-88ba-34de80264daf,,,,,,,,,2026-01-22T15:34:37.000Z,2026-01-22T15:34:37.000Z,1,0,
019be657-dece-7786-999d-6e274655e9b0,DT-1496,Gino,,,M,2023-05-16,,,019b6f8b-fc47-7f0c-8184-6b651ad9af08,,,,,,,,756098100937012,2026-01-22T15:34:37.000Z,2026-01-22T15:34:37.000Z,1,0,
019be657-dece-7e58-ab42-112060fc4aba,DT-1497,Tiffany,,Chihuahua,W,2018-06-27,,,019b6f8b-fc43-7ff6-b6eb-5542482a4be0,,,,,,,,,2026-01-22T15:34:37.000Z,2026-01-22T15:34:37.000Z,1,0,
019be657-dece-7161-a3df-4f95209c0ea5,DT-1498,Cuba,,,W,2022-09-16,,,019b6f8b-fc47-7d6f-a675-27f681ca0878,,,,,,,,756095310105141,2026-01-22T15:34:37.000Z,2026-01-22T15:34:37.000Z,1,0,
019be657-decf-7e6f-b466-7355c8ea1a83,DT-1499,Joya,,American Staffordshire Te,W,,,,019b6f8b-fc44-74b5-b250-911743eee11a,,,,,,,,,2026-01-22T15:34:37.000Z,2026-01-22T15:34:37.000Z,1,0,
019be657-decf-7f3b-be37-dc43ebd53f79,DT-1500,Joya,,American Staffordshire Te,W,,,,019b6f8b-fc47-7485-9733-af3add297622,,,,,,,,,2026-01-22T15:34:37.000Z,2026-01-22T15:34:37.000Z,1,0,
019be657-decf-7a6c-aa2b-af1eac117cdf,DT-1501,Joya,,,W,2017-01-22,,,019b6f8b-fc47-763f-9300-85ec14849968,,,,,,,,276098007191632,2026-01-22T15:34:37.000Z,2026-01-22T15:34:37.000Z,1,0,
019be657-decf-70ed-9618-7918059b7f68,DT-1502,Jangoe,,,M,2013-12-02,,,019b6f8b-fc49-7055-97f8-008a558936fb,,,,,,,,756097200178728,2026-01-22T15:34:37.000Z,2026-01-22T15:34:37.000Z,1,0,
019be657-decf-76cb-81e7-2eae2dc7ceb9,DT-1503,Kami,,Alaskan Malamute,W,2017-04-10,,,019b6f8b-fc44-7716-849c-6b2508a3fbd1,,,,,,,,,2026-01-22T15:34:37.000Z,2026-01-22T15:34:37.000Z,1,0,
019be657-decf-7aa1-b7a8-2fa5c40c0ab7,DT-1504,Xenja,,,W,2021-09-04,,,019b6f8b-fc47-78e2-88e6-f49efd592552,,,,,,,,756097201029561,2026-01-22T15:34:37.000Z,2026-01-22T15:34:37.000Z,1,0,
019be657-ded0-79ea-86e8-66b9f2493849,DT-1505,Basco,,,M,2016-01-09,,,019b6f8b-fc43-7c42-986b-f71d6355046f,,,,,,,,380260042373727,2026-01-22T15:34:37.000Z,2026-01-22T15:34:37.000Z,1,0,
019be657-ded0-7944-8e45-4cc219c03c87,DT-1506,Basco,,,M,2016-01-09,,,019b6f8b-fc43-76ea-8dd7-776c4af1c6bb,,,,,,,,380260042373727,2026-01-22T15:34:37.000Z,2026-01-22T15:34:37.000Z,1,0,
019be657-ded0-7d21-ac61-7c93b529c10f,DT-1507,Emma,,Rauhhaardackel,W,2008-01-06,,,019b6f8b-fc43-7eb6-8edc-baefa977c67a,,,,,,,,,2026-01-22T15:34:37.000Z,2026-01-22T15:34:37.000Z,1,0,
019be657-ded0-7956-960b-920af5ca9007,DT-1508,Bonnie,,Basset Fauve de Bretagn,W,2016-06-04,,,019b6f8b-fc43-7eb6-8edc-baefa977c67a,,,,,,,,,2026-01-22T15:34:37.000Z,2026-01-22T15:34:37.000Z,1,0,
019be657-ded0-72c1-8583-cfcc03d9d065,DT-1509,Lotti,,,W,2018-06-19,,,019b6f8b-fc43-7eb6-8edc-baefa977c67a,,,,,,,,276094500639350,2026-01-22T15:34:37.000Z,2026-01-22T15:34:37.000Z,1,0,
019be657-ded1-7b51-a84e-39dd0df1f2e2,DT-1510,Cashew,,,W,2018-06-14,,,019b6f8b-fc4b-729b-bb51-7c41b2cf35eb,,,,,,,,642090001858717,2026-01-22T15:34:37.000Z,2026-01-22T15:34:37.000Z,1,0,
019be657-ded1-70f7-90f8-83a99741411b,DT-1511,Schweini,,,M,2014-06-02,,,019b6f8b-fc45-77a0-9d88-0e4131c042c4,,,,,,,,276098106111415,2026-01-22T15:34:37.000Z,2026-01-22T15:34:37.000Z,1,0,
019be657-ded1-727d-adc0-38d7359b9c27,DT-1512,Fijall,,,M,2012-05-22,,,019b6f8b-fc49-7dc7-904f-41eca3088a40,,,,,,,,756 098 100 602 411,2026-01-22T15:34:37.000Z,2026-01-22T15:34:37.000Z,1,0,
019be657-ded1-7a7b-8892-731708c4cdd1,DT-1513,Fijall,,,M,2012-05-22,,,019b6f8b-fc48-7e53-977c-9ec209be2952,,,,,,,,756 098 100 602 411,2026-01-22T15:34:37.000Z,2026-01-22T15:34:37.000Z,1,0,
019be657-ded1-7f74-823d-6a94d20f4126,DT-1514,Isky,,,W,2018-10-20,,,019b6f8b-fc44-7072-97e1-a3ecf0bbc530,,,,,,,,756098100832718,2026-01-22T15:34:37.000Z,2026-01-22T15:34:37.000Z,1,0,
019be657-ded1-77dc-a873-2b846c0213ba,DT-1515,Cara,,,W,2013-09-15,,,019b6f8b-fc4b-7a18-84a8-7f1224419ab3,,,,,,,,642090000574999,2026-01-22T15:34:37.000Z,2026-01-22T15:34:37.000Z,1,0,
019be657-ded2-735c-bd06-18a279a3649f,DT-1516,Eron,,Rhodesien Ridgeback,M,2010-02-26,,,019b6f8b-fc43-758d-813a-f9b9a6c59832,,,,,,,,,2026-01-22T15:34:37.000Z,2026-01-22T15:34:37.000Z,1,0,
019be657-ded2-7ea3-a0ed-9abfdf1e40e9,DT-1517,Ailey,,Irish Terrier,W,,,,019b6f8b-fc43-758d-813a-f9b9a6c59832,,,,,,,,,2026-01-22T15:34:37.000Z,2026-01-22T15:34:37.000Z,1,0,
019be657-ded2-70dc-bbcc-ce59fd828762,DT-1518,hund,,Deutscher Boxer,M,,,,019b6f8b-fc47-7ccd-b736-9a29eeab008c,,,,,,,,,2026-01-22T15:34:37.000Z,2026-01-22T15:34:37.000Z,1,0,
019be657-ded2-7fe1-85b7-54173e4c0f87,DT-1519,Django,,,M,,,,019b6f8b-fc45-785b-a67e-1677f4b96b8d,,,,,,,,276097202795635,2026-01-22T15:34:37.000Z,2026-01-22T15:34:37.000Z,1,0,
019be657-ded2-7057-998b-12bf9c97bb7f,DT-1520,Attila,,,M,2020-01-15,,,019b6f8b-fc44-7caa-bda6-d2b34c8ef252,,,,,,,,756095310023307,2026-01-22T15:34:37.000Z,2026-01-22T15:34:37.000Z,1,0,
019be657-ded3-74a2-9212-d0fc54d45db2,DT-1521,Nina,,,W,2011-04-12,,,019b6f8b-fc49-74c9-9940-a88b83ac585e,,,,,,,,380260040241607,2026-01-22T15:34:37.000Z,2026-01-22T15:34:37.000Z,1,0,
019be657-ded3-76d7-9855-b95d5dbd2269,DT-1522,Yöra,,,W,2012-02-10,,,019b6f8b-fc48-7408-98c8-944260635700,,,,,,,,756098100540207,2026-01-22T15:34:37.000Z,2026-01-22T15:34:37.000Z,1,0,
019be657-ded3-77f9-8fe5-f72cf8ee7faf,DT-1523,Alma,,,W,2001-12-24,,,019b6f8b-fc4a-708a-b852-f6c4ca5cceee,,,,,,,,756097200105085,2026-01-22T15:34:37.000Z,2026-01-22T15:34:37.000Z,1,0,
019be657-ded3-706a-8d77-eb86f0503db7,DT-1524,Jerry,,,M,2011-01-15,,,019b6f8b-fc48-74f9-ac51-ab56b36b0120,,,,,,,,756 098 100 515 658,2026-01-22T15:34:37.000Z,2026-01-22T15:34:37.000Z,1,0,
019be657-ded3-70fe-9500-3d116baa3aaf,DT-1525,Whopi,,,M,2015-03-26,,,019b6f8b-fc4a-7b02-873a-460b3261a772,,,,,,,,756098100716819,2026-01-22T15:34:37.000Z,2026-01-22T15:34:37.000Z,1,0,
019be657-ded4-7994-9270-1d90cb45d13b,DT-1526,Lee,,,M,2015-04-01,,,019b6f8b-fc4a-7325-8758-20baa0791b1f,,,,,,,,756098100700950,2026-01-22T15:34:37.000Z,2026-01-22T15:34:37.000Z,1,0,
019be657-ded4-7f20-9b9e-7cd526ce7e05,DT-1527,Rocky,,,M,2008-07-02,,,019b6f8b-fc49-7597-a875-0754cf2116fb,,,,,,,,756 098 100 412 606,2026-01-22T15:34:37.000Z,2026-01-22T15:34:37.000Z,1,0,
019be657-ded4-734b-91fb-cc60675a4c96,DT-1528,Amo,,,M,2016-03-26,,,019b6f8b-fc4b-7db4-9f2e-b4dd5d833251,,,,,,,,756098100772416,2026-01-22T15:34:37.000Z,2026-01-22T15:34:37.000Z,1,0,
019be657-ded4-761d-b9ee-942445d0fb08,DT-1529,Bruno,,,M,2024-08-01,,,019be657-de48-79a6-bad9-3200ea637409,,,,,,,,990000011505480,2026-01-22T15:34:37.000Z,2026-01-22T15:34:37.000Z,1,0,
019be657-ded4-7640-a239-53370f81755a,DT-1530,Grace,,Berner Sennenhund x Sch,W,,,,019b6f8b-fc49-7525-8584-f4ca6c8ca5a8,,,,,,,,,2026-01-22T15:34:37.000Z,2026-01-22T15:34:37.000Z,1,0,
019be657-ded4-74c3-a35b-f9e74cf168d6,DT-1531,Major,,,M,2018-11-25,,,019b6f8b-fc44-74e2-99a7-8106639d4002,,,,,,,,756098100816723,2026-01-22T15:34:37.000Z,2026-01-22T15:34:37.000Z,1,0,
019be657-ded5-794a-8254-fabd5a033e3f,DT-1532,Izzy,,,W,2024-07-01,,,019b6f8b-fc47-7774-b310-90158e6b1d3a,,,,,,,,756095310167179,2026-01-22T15:34:37.000Z,2026-01-22T15:34:37.000Z,1,0,
019be657-ded5-7b44-b029-6c77d3f39530,DT-1533,Kaja,,,W,2017-07-23,,,019b6f8b-fc4b-7212-888a-520d38fbba4c,,,,,,,,756098100826709,2026-01-22T15:34:37.000Z,2026-01-22T15:34:37.000Z,1,0,
019be657-ded5-77ab-9aef-27a178214ea9,DT-1534,Rocky,,Labrador Retriever,M,2017-05-15,,,019b6f8b-fc44-76fd-bfc5-02e20a26c6c1,,,,,,,,,2026-01-22T15:34:37.000Z,2026-01-22T15:34:37.000Z,1,0,
019be657-ded5-7d46-b094-bbb56bc245ec,DT-1535,Ella,,,W,2025-04-13,,,019b6f8b-fc47-7551-bcfa-2781882550bf,,,,,,,,756095310185569,2026-01-22T15:34:37.000Z,2026-01-22T15:34:37.000Z,1,0,
019be657-ded5-7543-9018-2bf4a414ee94,DT-1536,Manolo,,,M,2020-03-23,,,019b6f8b-fc44-7a9b-a72c-c02b84006e95,,,,,,,,250266743270354,2026-01-22T15:34:37.000Z,2026-01-22T15:34:37.000Z,1,0,
019be657-ded6-753d-b686-8459d5fbaf7f,DT-1537,Chili,,,W,2022-05-14,,,019b6f8b-fc45-7987-bf9a-44a5c5d48842,,,,,,,,756097201027539,2026-01-22T15:34:37.000Z,2026-01-22T15:34:37.000Z,1,0,
019be657-ded6-7fca-a749-96c8999dfdae,DT-1538,Zuma,,,W,2011-12-24,,,019b6f8b-fc48-7765-b623-dfabbc370b5b,,,,,,,,756 095 200 162 543,2026-01-22T15:34:37.000Z,2026-01-22T15:34:37.000Z,1,0,
019be657-ded6-7e27-a38e-f3a399d2bc27,DT-1539,Kuma,,,M,2015-05-22,,,019b6f8b-fc4a-7baa-98e3-49d319f1fd70,,,,,,,,756098100692722,2026-01-22T15:34:37.000Z,2026-01-22T15:34:37.000Z,1,0,
019be657-ded6-77bd-a587-208cde6cd072,DT-1540,Quinta,,,W,2018-04-16,,,019b6f8b-fc44-7469-b214-7dbcb4ba442b,,,,,,,,756098100821760,2026-01-22T15:34:37.000Z,2026-01-22T15:34:37.000Z,1,0,
019be657-ded6-7481-81ee-856319a0247a,DT-1541,Birka,,,W,2013-06-30,,,019b6f8b-fc49-7fb9-9be7-038ed4a783e8,,,,,,,,981 189 900 043 289,2026-01-22T15:34:37.000Z,2026-01-22T15:34:37.000Z,1,0,
019be657-ded7-75c6-96a2-360a6ceb3ec2,DT-1542,Jasco,,,M,2014-02-05,,,019b6f8b-fc49-7057-a63c-48aa2c412304,,,,,,,,3800260000985190,2026-01-22T15:34:37.000Z,2026-01-22T15:34:37.000Z,1,0,
019be657-ded7-7666-bf0e-e45b7f0f028c,DT-1543,Django,,,M,2016-02-05,,,019b6f8b-fc4a-7444-b964-1888a29ec814,,,,,,,,756098100713509,2026-01-22T15:34:37.000Z,2026-01-22T15:34:37.000Z,1,0,
019be657-ded7-7368-afaa-db0c834fb647,DT-1544,Yucca,,,W,2017-07-01,,,019b6f8b-fc46-791d-aee2-da42c50f3126,,,,,,,,990000008025265,2026-01-22T15:34:37.000Z,2026-01-22T15:34:37.000Z,1,0,
019be657-ded7-786c-8f36-20f7b1ef6c1a,DT-1545,Bella,,,W,2024-04-07,,,019b6f8b-fc47-7015-b776-5086aacdb037,,,,,,,,756095310156663,2026-01-22T15:34:37.000Z,2026-01-22T15:34:37.000Z,1,0,
019be657-ded7-730b-9257-b63cb8086817,DT-1546,Casanova,,,M,2014-04-05,,,019b6f8b-fc49-7be5-a87c-191ed87baae8,,,,,,,,756097202004082,2026-01-22T15:34:37.000Z,2026-01-22T15:34:37.000Z,1,0,
019be657-ded7-77e8-af51-02f5238031e4,DT-1547,Mali,,Bull Terrier Miniature,M,2017-12-15,,,019b6f8b-fc4b-70f8-9a84-cdb5a21f056b,,,,,,,,,2026-01-22T15:34:37.000Z,2026-01-22T15:34:37.000Z,1,0,
019be657-ded8-7822-99a1-8ea2351d84dc,DT-1548,Subi,,,W,2012-03-17,,,019b6f8b-fc48-7a57-97df-29d2fa678b8b,,,,,,,,900 032 001 250 294,2026-01-22T15:34:37.000Z,2026-01-22T15:34:37.000Z,1,0,
019be657-ded8-72bc-a93c-df59670904fe,DT-1549,Chipou,,,M,2014-03-01,,,019b6f8b-fc4a-7f3a-98d9-c8bef81e4489,,,,,,,,250269500670950,2026-01-22T15:34:37.000Z,2026-01-22T15:34:37.000Z,1,0,
019be657-ded8-7b1f-9d1d-ba075c2a9324,DT-1550,Mango,,Französische Bulldogge,W,2019-06-16,,,019b6f8b-fc44-7b98-820b-19ff65429472,,,,,,,,,2026-01-22T15:34:37.000Z,2026-01-22T15:34:37.000Z,1,0,
019be657-ded8-7895-b71b-5f709c3a6c66,DT-1551,Sherlock,,,M,2019-01-11,,,019b6f8b-fc45-7019-a9a3-4c1ddae9a5a7,,,,,,,,900133002001637,2026-01-22T15:34:37.000Z,2026-01-22T15:34:37.000Z,1,0,
019be657-ded8-75c4-b252-9a7307c36ad7,DT-1552,April,,Beirischer Gebirgs Schwei,W,2018-11-01,,,019b6f8b-fc44-7dc1-8481-7658ef4588d3,,,,,,,,,2026-01-22T15:34:37.000Z,2026-01-22T15:34:37.000Z,1,0,
019be657-ded9-7937-8e33-f84b414fdb47,DT-1553,Aris,,,M,2017-05-30,,,019b6f8b-fc44-7fef-96f0-d78e3d777bac,,,,,,,,756098100804898,2026-01-22T15:34:37.000Z,2026-01-22T15:34:37.000Z,1,0,
019be657-ded9-7925-8af3-1c6819047ac4,DT-1554,Kimi,,,M,2020-04-07,,,019b6f8b-fc44-7fe6-af3b-4021b4f39b91,,,,,,,,756097201008808,2026-01-22T15:34:37.000Z,2026-01-22T15:34:37.000Z,1,0,
019be657-ded9-705a-a7c1-131ec679a502,DT-1555,Linus,,,M,2014-01-17,,,019b6f8b-fc4a-7fd2-aaa5-9af145c15711,,,,,,,,981020009322167,2026-01-22T15:34:37.000Z,2026-01-22T15:34:37.000Z,1,0,
019be657-ded9-77d9-b6c9-1bcb72f37441,DT-1556,Fite,,Scandinavian Hound,M,,,,019b6f8b-fc44-75b3-825c-484eadb45453,,,,,,,,,2026-01-22T15:34:37.000Z,2026-01-22T15:34:37.000Z,1,0,
019be657-ded9-7810-892e-8520bd00e123,DT-1557,Fite,,Scandinavian Hound,M,,,,019b6f8b-fc44-7de2-b4f9-3b2bef8ac58b,,,,,,,,,2026-01-22T15:34:37.000Z,2026-01-22T15:34:37.000Z,1,0,
019be657-deda-74ef-ab0e-1a81fa9b0337,DT-1558,Tegan,,,W,2010-08-15,,,019b6f8b-fc48-79ed-beaf-19f34a75bc8d,,,,,,,,978 101 080 614 046,2026-01-22T15:34:37.000Z,2026-01-22T15:34:37.000Z,1,0,
019be657-deda-73db-b99a-f06ad44fe4ff,DT-1559,Tchoupi,,,M,2017-09-13,,,019b6f8b-fc44-7bec-99c7-0b74cc12f77f,,,,,,,,756093400007458,2026-01-22T15:34:37.000Z,2026-01-22T15:34:37.000Z,1,0,
019be657-deda-72cb-a612-4e30ccb8faa3,DT-1560,Brutus,,,M,2012-09-12,,,019b6f8b-fc49-7ae9-9de9-01ca225be3c1,,,,,,,,756098100368474,2026-01-22T15:34:37.000Z,2026-01-22T15:34:37.000Z,1,0,
019be657-deda-7022-9905-956eabae6741,DT-1561,Bonzer,,,M,2022-08-30,,,019b6f8b-fc47-72ad-a357-41dae9a8675d,,,,,,,,276098108660502,2026-01-22T15:34:37.000Z,2026-01-22T15:34:37.000Z,1,0,
019be657-deda-7049-aa1c-49d293e38f1d,DT-1562,Amy,,Labrador Mix,W,2016-12-24,,,019b6f8b-fc4a-7658-90f2-1f0dc289655f,,,,,,,,,2026-01-22T15:34:37.000Z,2026-01-22T15:34:37.000Z,1,0,
019be657-deda-7f3c-83dc-42b2581722d9,DT-1563,Suki,,,W,2011-11-27,,,019b6f8b-fc49-7f89-9bda-cba7ff5fe37d,,,,,,,,756094500209702,2026-01-22T15:34:37.000Z,2026-01-22T15:34:37.000Z,1,0,
019be657-dedb-7b83-a602-952aeb45e3ad,DT-1564,Shiva,,,W,2016-06-10,,,019b6f8b-fc4b-741e-b19c-a47d50fd39ee,,,,,,,,756098100752979,2026-01-22T15:34:37.000Z,2026-01-22T15:34:37.000Z,1,0,
019be657-dedb-7f5c-9501-75104647e4c3,DT-1565,Alf,,,M,2022-02-02,,,019b6f8b-fc45-7dc8-a35d-e7868d308ef2,,,,,,,,276095677762784,2026-01-22T15:34:37.000Z,2026-01-22T15:34:37.000Z,1,0,
019be657-dedb-7b51-baf0-97d2515dbdbc,DT-1566,Bhanou,,,W,2013-11-15,,,019b6f8b-fc49-7ab2-9c37-4073b3f20070,,,,,,,,756096900004271,2026-01-22T15:34:37.000Z,2026-01-22T15:34:37.000Z,1,0,
019be657-dedb-75ed-b4ee-5fd4249cb384,DT-1567,Adonis,,,M,2015-05-22,,,019b6f8b-fc49-7af6-afb0-2ee86e586854,,,,,,,,756098100735559,2026-01-22T15:34:37.000Z,2026-01-22T15:34:37.000Z,1,0,
019be657-dedb-7fc7-b483-65445c5069e3,DT-1568,Simba,,,M,2024-07-04,,,019b6f8b-fc47-709c-8bb0-7d9653a8b5b9,,,,,,,,756095310181352,2026-01-22T15:34:37.000Z,2026-01-22T15:34:37.000Z,1,0,
019be657-dedc-7cc7-9114-57ccc32163ce,DT-1569,Ella,,Mischling,W,2016-04-01,,,019b6f8b-fc47-71e5-8f1c-20e1220c0902,,,,,,,,,2026-01-22T15:34:37.000Z,2026-01-22T15:34:37.000Z,1,0,
019be657-dedc-7553-ab64-a673fd5c0549,DT-1570,Deva,,,W,2016-06-26,,,019b6f8b-fc43-7868-9e5d-98de01fb6df0,,,,,,,,756098100732500,2026-01-22T15:34:37.000Z,2026-01-22T15:34:37.000Z,1,0,
019be657-dedc-7f31-a723-d4b4f3b6ee89,DT-1571,Deva,,Golden Retriever,W,,,,019b6f8b-fc4a-76ce-a32f-a1cea7025a8c,,,,,,,,,2026-01-22T15:34:37.000Z,2026-01-22T15:34:37.000Z,1,0,
019be657-dedc-7e60-a25f-b4cd505caf49,DT-1572,Rocco,,Border Collie,M,,,,019b6f8b-fc45-7a6a-a8fe-bc82e3219cb1,,,,,,,,,2026-01-22T15:34:37.000Z,2026-01-22T15:34:37.000Z,1,0,
019be657-dedc-71f5-a3e9-c8d8fe95aa85,DT-1573,fifi,,Französische Bulldogge,M,,,,019b6f8b-fc4b-7e7a-9e1b-2f34aedeb46f,,,,,,,,,2026-01-22T15:34:37.000Z,2026-01-22T15:34:37.000Z,1,0,
019be657-dedd-7838-8d42-6a0e409b7422,DT-1574,Charly,,,M,2017-12-25,,,019b6f8b-fc44-7d3c-9b22-87dd90c57c27,,,,,,,,380260043111376,2026-01-22T15:34:37.000Z,2026-01-22T15:34:37.000Z,1,0,
019be657-dedd-7675-b5ee-b7ecb910a734,DT-1575,Simba,,,M,2023-05-05,,,019b6f8b-fc47-7420-95bb-3d52c474b4a7,,,,,,,,191035000202121,2026-01-22T15:34:37.000Z,2026-01-22T15:34:37.000Z,1,0,
019be657-dedd-70f1-8af0-2d5fd6961404,DT-1576,Irco,,Shetland Sheepdog,M,2012-12-26,,,019b6f8b-fc4a-7eef-bf95-7915b2edf28e,,,,,,,,,2026-01-22T15:34:37.000Z,2026-01-22T15:34:37.000Z,1,0,
019be657-dedd-77e4-bd67-411dee352655,DT-1577,Anouk,,,W,,,,019b6f8b-fc4a-7912-b939-7a156445dfe3,,,,,,,,276093400300581,2026-01-22T15:34:37.000Z,2026-01-22T15:34:37.000Z,1,0,
019be657-dedd-7471-af6e-ff83b7592faa,DT-1578,Bengi,,,M,2015-05-20,,,019b6f8b-fc4a-77bc-8365-9dc86db30423,,,,,,,,276096909320551,2026-01-22T15:34:37.000Z,2026-01-22T15:34:37.000Z,1,0,
019be657-dedd-7d22-b328-69007b0f0b1e,DT-1579,Milo,,,M,2023-11-24,,,019b6f8b-fc47-78ae-85f0-9723996d6a89,,,,,,,,756098100988557,2026-01-22T15:34:37.000Z,2026-01-22T15:34:37.000Z,1,0,
019be657-dede-7556-8059-8a91faf3e81b,DT-1580,Nikan,,Flat Coated Retriever,M,,,,019b6f8b-fc44-7858-a247-4194433df218,,,,,,,,,2026-01-22T15:34:37.000Z,2026-01-22T15:34:37.000Z,1,0,
019be657-dede-79e6-aa6b-e68e3e3e5a24,DT-1581,Rowdy,,,M,2019-10-10,,,019b6f8b-fc4b-74a9-ad57-2c5123e48542,,,,,,,,756098800005787,2026-01-22T15:34:37.000Z,2026-01-22T15:34:37.000Z,1,0,
019be657-dede-79c5-9c23-3941b6f6c9a9,DT-1582,Shayen,,,W,2022-01-26,,,019b6f8b-fc47-746b-8bc9-8bf853ba7345,,,,,,,,756095310087921,2026-01-22T15:34:37.000Z,2026-01-22T15:34:37.000Z,1,0,
019be657-dede-7251-be3b-c4beae6db2fa,DT-1583,Cuchi,,Yorkshire Terrier,M,,,,019b6f8b-fc44-77f1-90a9-8b06f8671b0d,,,,,,,,,2026-01-22T15:34:37.000Z,2026-01-22T15:34:37.000Z,1,0,
019be657-dede-7cfa-a350-0b421ef8bb5c,DT-1584,Churby,,Cane Corso Italiano,M,2017-07-19,,,019b6f8b-fc4b-7e0a-b90b-01c82b6da199,,,,,,,,,2026-01-22T15:34:37.000Z,2026-01-22T15:34:37.000Z,1,0,
019be657-dedf-7dbf-af3c-b61b92742d27,DT-1585,Ava,,,W,2022-03-17,,,019b6f8b-fc45-73d8-99d5-602d621ee27e,,,,,,,,756098100940739,2026-01-22T15:34:37.000Z,2026-01-22T15:34:37.000Z,1,0,
019be657-dedf-788c-b005-3844126e4d3d,DT-1586,DonLy,,,M,2018-06-25,,,019b6f8b-fc47-7ef9-974a-2b39572fc30c,,,,,,,,276093422181040,2026-01-22T15:34:37.000Z,2026-01-22T15:34:37.000Z,1,0,
019be657-dedf-7f79-b261-ad6658653ba3,DT-1587,Nina,,,W,2011-03-01,,,019b6f8b-fc4a-7aa5-8cd2-8af82fba3766,,,,,,,,380260002064776,2026-01-22T15:34:37.000Z,2026-01-22T15:34:37.000Z,1,0,
019be657-dedf-7eee-9fb4-95963e6cda41,DT-1588,Eddie,,,M,2016-08-22,,,019b6f8b-fc4b-7015-903a-b36a5deac198,,,,,,,,756096900002347,2026-01-22T15:34:37.000Z,2026-01-22T15:34:37.000Z,1,0,
019be657-dedf-77a5-b333-619ef64bbbbd,DT-1589,Joshy,,,M,2021-07-13,,,019b6f8b-fc45-73e6-8a7c-bb388fb75552,,,,,,,,276099200026895,2026-01-22T15:34:37.000Z,2026-01-22T15:34:37.000Z,1,0,
019be657-dee0-7170-b758-b343f5cd80c6,DT-1590,Frankee,,Französische Bulldogge,M,2017-11-04,,,019b6f8b-fc44-7eb3-b201-c1f15f4d8952,,,,,,,,,2026-01-22T15:34:37.000Z,2026-01-22T15:34:37.000Z,1,0,
019be657-dee0-7a1c-a15c-f816f8323fe0,DT-1591,Eros,,,M,2015-06-16,,,019b6f8b-fc4a-7e7c-85c1-84302bc403e0,,,,,,,,756097200097391,2026-01-22T15:34:37.000Z,2026-01-22T15:34:37.000Z,1,0,
019be657-dee0-7538-927e-931d1fd66c27,DT-1592,Grappa,,Flat Coated Retriever,W,2008-03-16,,,019b6f8b-fc49-7391-8f06-471e00148db0,,,,,,,,,2026-01-22T15:34:37.000Z,2026-01-22T15:34:37.000Z,1,0,
019be657-dee0-7686-b747-1ea991dbb659,DT-1593,Xena,,,W,,,,019b6f8b-fc45-7707-b3ae-9323644e1b1b,,,,,,,,756095310048798,2026-01-22T15:34:37.000Z,2026-01-22T15:34:37.000Z,1,0,
019be657-dee0-75ad-87c8-3e2c486eb2cb,DT-1594,Bexter,,Schäferhund DDR Linie,M,2018-09-16,,,019b6f8b-fc43-7f8e-8d64-2f0662be27b8,,,,,,,,,2026-01-22T15:34:37.000Z,2026-01-22T15:34:37.000Z,1,0,
019be657-dee1-74ef-8c80-51fd1407e665,DT-1595,Sunny,,,M,2016-03-20,,,019b6f8b-fc4a-7509-9f8c-4ead2434c535,,,,,,,,939000010773369,2026-01-22T15:34:37.000Z,2026-01-22T15:34:37.000Z,1,0,
019be657-dee1-74c1-95cd-d15fe9a39364,DT-1596,Sunny,,Französische Bulldogge,M,2016-03-20,,,019b6f8b-fc4a-7b93-b456-d56751717cdd,,,,,,,,,2026-01-22T15:34:37.000Z,2026-01-22T15:34:37.000Z,1,0,
019be657-dee1-70da-ac3b-3404e576ae78,DT-1597,Giosch,,Lagotto Romagnolo,M,,,,019b6f8b-fc4b-7127-9303-a9aeb82a1494,,,,,,,,,2026-01-22T15:34:37.000Z,2026-01-22T15:34:37.000Z,1,0,
019be657-dee1-708a-bf71-aded943441fc,DT-1598,Timmy,,,M,2012-10-24,,,019b6f8b-fc49-7355-a0cd-be4c05a53383,,,,,,,,900 108 000 666 853,2026-01-22T15:34:37.000Z,2026-01-22T15:34:37.000Z,1,0,
019be657-dee1-70fd-862a-6386b3bcac4f,DT-1599,Rick,,Deutscher Schäferhund,M,2008-09-05,,,019b6f8b-fc48-7f00-8117-f31a3d339969,,,,,,,,,2026-01-22T15:34:37.000Z,2026-01-22T15:34:37.000Z,1,0,
019be657-dee2-7dff-bb49-469be8a8773d,DT-1600,Kaya,,Lagotto Romagnolo,W,2021-08-27,,,019b6f8b-fc45-7691-a3b2-716687b05e03,,,,,,,,,2026-01-22T15:34:37.000Z,2026-01-22T15:34:37.000Z,1,0,
019be657-dee2-7109-bb34-581a1f504810,DT-1601,Balu,,"Talhof,",M,2022-05-14,,,019b6f8b-fc47-7e8a-ba24-e608bd02faa8,,,,,,,,756098100953995,2026-01-22T15:34:37.000Z,2026-01-22T15:34:37.000Z,1,0,
019be657-dee2-7b1a-9ce7-b3c94deb7af5,DT-1602,Kaya,,Lagotto Romagnolo,W,2021-08-27,,,019b6f8b-fc45-77fb-a78a-6bfab07aee3a,,,,,,,,,2026-01-22T15:34:37.000Z,2026-01-22T15:34:37.000Z,1,0,
019be657-dee3-7170-93a8-99195a9acb0b,DT-1603,Bandit,,,M,2012-12-25,,,019b6f8b-fc49-7883-b3d1-8f7149c81482,,,,,,,,276 098 104 415 985,2026-01-22T15:34:37.000Z,2026-01-22T15:34:37.000Z,1,0,
019be657-dee3-75b3-bb3e-2f6f73778f52,DT-1604,Elco,,"Elo, gross",M,2016-03-13,,,019b6f8b-fc4b-7257-8047-fb2de93c2e8e,,,,,,,,,2026-01-22T15:34:37.000Z,2026-01-22T15:34:37.000Z,1,0,
019be657-dee3-77e4-9676-f957a4b7a959,DT-1605,Simba,,,M,2012-03-01,,,019b6f8b-fc48-7150-8212-c8b4785dd597,,,,,,,,756 098 100 554 292,2026-01-22T15:34:37.000Z,2026-01-22T15:34:37.000Z,1,0,
019be657-dee3-7bbc-8ca2-0aea207bfe8b,DT-1606,Sira,,,W,2001-11-03,,,019b6f8b-fc49-7991-bb36-af494b5be9dc,,,,,,,,985 100 008 448 291,2026-01-22T15:34:37.000Z,2026-01-22T15:34:37.000Z,1,0,
019be657-dee4-7a35-9226-e8b4956c7945,DT-1607,Hope,,Labrador,M,2008-06-15,,,019b6f8b-fc43-7254-8314-80dd64001677,,,,,,,,,2026-01-22T15:34:37.000Z,2026-01-22T15:34:37.000Z,1,0,
019be657-dee4-7215-9874-1ff37e828a72,DT-1608,Flo,,Labrador Retriever,M,2019-07-12,,,019b6f8b-fc43-7254-8314-80dd64001677,,,,,,,,,2026-01-22T15:34:37.000Z,2026-01-22T15:34:37.000Z,1,0,
019be657-dee4-77ca-92bf-2faea61c51dd,DT-1609,Molli,,,W,2008-01-01,,,019b6f8b-fc4a-7fa9-b14b-33eadd0f13fb,,,,,,,,941000016615631,2026-01-22T15:34:37.000Z,2026-01-22T15:34:37.000Z,1,0,
019be657-dee4-7e2b-99b2-bf3cedd680a0,DT-1610,Jessy,,,W,2020-09-05,,,019b6f8b-fc4a-7fa9-b14b-33eadd0f13fb,,,,,,,,276095610616425,2026-01-22T15:34:37.000Z,2026-01-22T15:34:37.000Z,1,0,
019be657-dee5-75f9-bea2-a5d713c94dd6,DT-1611,Max,,,M,2014-07-04,,,019b6f8b-fc4a-790d-a25e-ecce5e0b9dc3,,,,,,,,900108001321217,2026-01-22T15:34:37.000Z,2026-01-22T15:34:37.000Z,1,0,
019be657-dee5-717a-9dc1-a6b9c19ce0f9,DT-1612,Spike,,,M,2014-08-12,,,019b6f8b-fc4a-7d4a-bdf6-1e18ec11dbd5,,,,,,,,756098100675748,2026-01-22T15:34:37.000Z,2026-01-22T15:34:37.000Z,1,0,
019be657-dee5-7bc1-82c5-5b32ef80b786,DT-1613,Lilly,,,W,2019-12-15,,,019b6f8b-fc45-7c6f-893a-a79c65619309,,,,,,,,276094100250200,2026-01-22T15:34:37.000Z,2026-01-22T15:34:37.000Z,1,0,
019be657-dee5-760e-88cd-71ad69bc77f8,DT-1614,Nico,,,M,2019-10-01,,,019b6f8b-fc44-795f-8d58-b605e2eac19c,,,,,,,,900079000694514,2026-01-22T15:34:37.000Z,2026-01-22T15:34:37.000Z,1,0,
019be657-dee5-7e68-890b-b4d2d2267c61,DT-1615,Cino,,,M,2019-03-20,,,019b6f8b-fc45-7d6f-a74d-e94a65305eef,,,,,,,,276098106848460,2026-01-22T15:34:37.000Z,2026-01-22T15:34:37.000Z,1,0,
019be657-dee6-7426-b331-2113dd16f4ba,DT-1616,Lumos,,Old English Bulldogge,M,2019-03-22,,,019b6f8b-fc44-716a-a9ba-1ba6c9def9d6,,,,,,,,,2026-01-22T15:34:37.000Z,2026-01-22T15:34:37.000Z,1,0,
019be657-dee6-76c6-a3e3-d470fa7bef43,DT-1617,Barka,,,W,2011-03-01,,,019b6f8b-fc48-712f-a110-155173ef6435,,,,,,,,939 000 010 170 830,2026-01-22T15:34:37.000Z,2026-01-22T15:34:37.000Z,1,0,
019be657-dee6-7de4-9078-d53a112ffdfd,DT-1618,Smilla,,Berger Blanc Suisse,W,2023-11-10,,,019b6f8b-fc47-76b5-8076-2f8336f3485b,,,,,,,,,2026-01-22T15:34:37.000Z,2026-01-22T15:34:37.000Z,1,0,
019be657-dee6-7ddf-be7b-a21e8f2a531d,DT-1619,Grady,,,M,2020-05-25,,,019b6f8b-fc45-7f42-a507-60181c530ea7,,,,,,,,756097202036358,2026-01-22T15:34:37.000Z,2026-01-22T15:34:37.000Z,1,0,
019be657-dee7-72d7-94f6-267ad5279142,DT-1620,Fimo,,,M,2010-04-27,,,019b6f8b-fc4a-7284-a424-5b529369ef71,,,,,,,,756098100371827,2026-01-22T15:34:37.000Z,2026-01-22T15:34:37.000Z,1,0,
019be657-dee7-7fc8-84c9-cee66ccfc2e4,DT-1621,Baluu,,,M,2020-08-23,,,019b6f8b-fc45-75a1-a079-a5362c4a75b6,,,,,,,,642 090000205434,2026-01-22T15:34:37.000Z,2026-01-22T15:34:37.000Z,1,0,
019be657-dee7-7ecd-958d-50d0bf853e12,DT-1622,Charly,,,M,2024-04-01,,,019b6f8b-fc47-79ea-b0d4-481fd89f3001,,,,,,,,756098100994326,2026-01-22T15:34:37.000Z,2026-01-22T15:34:37.000Z,1,0,
019be657-dee7-7b4d-b5ed-37a522966866,DT-1623,Emil,,,M,2011-03-09,,,019b6f8b-fc44-72b9-8e27-44ec5250308d,,,,,,,,756097200149758,2026-01-22T15:34:37.000Z,2026-01-22T15:34:37.000Z,1,0,
019be657-dee7-7bf0-8f45-7fbb31c003f1,DT-1624,Tessy,,,W,2009-04-28,,,019b6f8b-fc49-7f90-b5cb-81b636dd8403,,,,,,,,276 098 102 701 659,2026-01-22T15:34:37.000Z,2026-01-22T15:34:37.000Z,1,0,
019be657-dee8-7e47-983f-4a5423a185af,DT-1625,Basco,,,M,2014-03-13,,,019b6f8b-fc4a-76b0-9729-258e2274eee7,,,,,,,,756098100683886,2026-01-22T15:34:37.000Z,2026-01-22T15:34:37.000Z,1,0,
019be657-dee8-7289-98a6-ab59addab7f3,DT-1626,Astor,,Jack-Russell-Terrier,M,2018-02-21,,,019b6f8b-fc44-7097-aab7-005a52e6304c,,,,,,,,,2026-01-22T15:34:37.000Z,2026-01-22T15:34:37.000Z,1,0,
019be657-dee8-7205-9330-7bce7444639c,DT-1627,Balu,,,M,2023-03-26,,,019b6f8b-fc47-7ed4-acdd-d44aa2f9137b,,,,,,,,756095310114314,2026-01-22T15:34:37.000Z,2026-01-22T15:34:37.000Z,1,0,
019be657-dee8-77cc-962a-02ec968acbc2,DT-1628,Coco,,Chihuahua,M,2009-06-23,,,019b6f8b-fc48-7060-a4b9-7b31dc9404ed,,,,,,,,,2026-01-22T15:34:37.000Z,2026-01-22T15:34:37.000Z,1,0,
019be657-dee8-75ca-958a-30a74211d9c6,DT-1629,Chanel,,Chihuahua,W,2010-02-07,,,019b6f8b-fc48-7060-a4b9-7b31dc9404ed,,,,,,,,,2026-01-22T15:34:37.000Z,2026-01-22T15:34:37.000Z,1,0,
019be657-dee9-7537-8bd5-9b7b96453e42,DT-1630,Fellow,,,M,2015-07-23,,,019b6f8b-fc48-7060-a4b9-7b31dc9404ed,,,,,,,,756096900013296,2026-01-22T15:34:37.000Z,2026-01-22T15:34:37.000Z,1,0,
019be657-dee9-75d2-84e7-35e91cfa4fe1,DT-1631,Tupf,,Berner Sennenhund x Lab,W,2019-01-07,,,019b6f8b-fc44-7eea-8068-ba28ae2db233,,,,,,,,,2026-01-22T15:34:37.000Z,2026-01-22T15:34:37.000Z,1,0,
019be657-dee9-712c-976d-9edfb1fe1420,DT-1632,Aldo,,,M,2020-01-12,,,019b6f8b-fc45-710a-ab8b-8014a2f3ded2,,,,,,,,276098106973779,2026-01-22T15:34:37.000Z,2026-01-22T15:34:37.000Z,1,0,
019be657-dee9-7be8-9771-00eb229c6e13,DT-1633,Aldo,,,M,2020-01-12,,,019b6f8b-fc45-78d6-a0b4-2473fd3fc8aa,,,,,,,,276098106973779,2026-01-22T15:34:37.000Z,2026-01-22T15:34:37.000Z,1,0,
019be657-deea-7a3a-8c99-f60560a0c6a4,DT-1634,Anchio,,Pumi Mix,M,,,,019b6f8b-fc45-7c1d-89a8-5426f802c758,,,,,,,,,2026-01-22T15:34:37.000Z,2026-01-22T15:34:37.000Z,1,0,
019be657-deea-75ce-bb89-ed58e2437a9f,DT-1635,Anchio,,,M,2021-06-01,,,019b6f8b-fc45-70d5-a5bf-55edf9770617,,,,,,,,972274001367724,2026-01-22T15:34:37.000Z,2026-01-22T15:34:37.000Z,1,0,
019be657-deea-76d5-8d6d-00015a7c30ca,DT-1636,Lina,,,W,2021-10-11,,,019b6f8b-fc47-7eba-aa02-3a9368285915,,,,,,,,756098100931971,2026-01-22T15:34:37.000Z,2026-01-22T15:34:37.000Z,1,0,
019be657-deea-7140-9d1d-6dd64b6a9f96,DT-1637,Timmy,,Lagotto Romagnolo,M,2021-08-27,,,019b6f8b-fc45-7376-ad2b-20b5f7230e1c,,,,,,,,,2026-01-22T15:34:37.000Z,2026-01-22T15:34:37.000Z,1,0,
019be657-deea-76d4-b56a-c9df40004a56,DT-1638,Maya,,,W,2012-03-07,,,019b6f8b-fc47-72c3-bb6c-8257ee334813,,,,,,,,756 097 200 134 372,2026-01-22T15:34:37.000Z,2026-01-22T15:34:37.000Z,1,0,
019be657-deeb-7376-b4ae-89d146ab5741,DT-1639,Lenny,,,M,2015-08-08,,,019b6f8b-fc43-743b-ad10-931a85f31c0b,,,,,,,,756096900024827,2026-01-22T15:34:37.000Z,2026-01-22T15:34:37.000Z,1,0,
019be657-deeb-766d-a057-5427b95d9736,DT-1640,Shanee,,,W,2014-07-25,,,019b6f8b-fc43-7203-8a1e-812ffaa36fda,,,,,,,,953010000050379,2026-01-22T15:34:37.000Z,2026-01-22T15:34:37.000Z,1,0,
019be657-deeb-7042-b582-05243458c149,DT-1641,Django,,Labrador- Border Collie Mi,M,2022-05-05,,,019b6f8b-fc46-7a7e-80f1-912f5256190f,,,,,,,,,2026-01-22T15:34:37.000Z,2026-01-22T15:34:37.000Z,1,0,
019be657-deeb-760d-b70d-91e5c49f59c9,DT-1642,Lucky,,,M,2015-06-01,,,019b6f8b-fc4a-7ca6-9c15-048728f86d6f,,,,,,,,250269802327965,2026-01-22T15:34:37.000Z,2026-01-22T15:34:37.000Z,1,0,
019be657-deec-76b4-abb9-61f6ad60fc1b,DT-1643,Chelsea,,,W,2008-10-10,,,019b6f8b-fc4a-7ef0-88ed-fcaf5cf37cbf,,,,,,,,756095200065493,2026-01-22T15:34:37.000Z,2026-01-22T15:34:37.000Z,1,0,
019be657-deec-727e-9f88-74555554aaca,DT-1644,Frasco,,,M,2010-06-19,,,019b6f8b-fc48-7dd8-99a0-d06e741a960b,,,,,,,,756 098 100 447 519,2026-01-22T15:34:37.000Z,2026-01-22T15:34:37.000Z,1,0,
019be657-deec-788e-863c-53878a768ad3,DT-1645,Jason,,,M,2013-08-07,,,019b6f8b-fc4a-7e09-9749-4bff7c56fecf,,,,,,,,756098100672352,2026-01-22T15:34:37.000Z,2026-01-22T15:34:37.000Z,1,0,
019be657-deec-7f58-83d2-1eb76113c00c,DT-1646,Django,,,M,2022-05-05,,,019b6f8b-fc46-7e1f-8974-eedc0faed69a,,,,,,,,756097201010287,2026-01-22T15:34:37.000Z,2026-01-22T15:34:37.000Z,1,0,
019be657-deec-77c4-9966-6014ce00fc1f,DT-1647,Gandalf,,Australian Shepherd x Ber,M,,,,019b6f8b-fc47-76fe-a5e9-22f1cd8dddac,,,,,,,,,2026-01-22T15:34:37.000Z,2026-01-22T15:34:37.000Z,1,0,
019be657-deed-76b5-83eb-c89fd4562119,DT-1648,Moro,,Border Collie,M,2014-04-08,,,019b6f8b-fc4a-7a8d-b502-ecc8e2fa725f,,,,,,,,,2026-01-22T15:34:37.000Z,2026-01-22T15:34:37.000Z,1,0,
019be657-deed-7ca4-842b-77b47ecba677,DT-1649,Amy,,Pinscher Mix,W,2014-05-03,,,019b6f8b-fc49-74fb-a9d8-b78052f66c61,,,,,,,,,2026-01-22T15:34:37.000Z,2026-01-22T15:34:37.000Z,1,0,
019be657-deed-74d2-90b8-a2d695e67b95,DT-1650,Neva,,Havaneser,W,2016-06-08,,,019b6f8b-fc4b-7850-8a38-aebf43d906c0,,,,,,,,,2026-01-22T15:34:37.000Z,2026-01-22T15:34:37.000Z,1,0,
019be657-deed-7acb-955c-0950b9d345c6,DT-1651,Nando,,,M,2023-09-06,,,019b6f8b-fc4b-7850-8a38-aebf43d906c0,,,,,,,,756095310138964,2026-01-22T15:34:37.000Z,2026-01-22T15:34:37.000Z,1,0,
019be657-deee-79f6-8877-4959619f55d7,DT-1652,Nanni,,Entlebucher Sennenhund,W,2009-06-09,,,019b6f8b-fc48-7276-b5ed-99feaaec24fd,,,,,,,,,2026-01-22T15:34:37.000Z,2026-01-22T15:34:37.000Z,1,0,
019be657-deee-7a4d-950d-596946b31c5d,DT-1653,Zala,,,W,2018-01-05,,,019b6f8b-fc44-713a-8549-140ab9127ac2,,,,,,,,756097202023892,2026-01-22T15:34:37.000Z,2026-01-22T15:34:37.000Z,1,0,
019be657-deee-772f-b2ac-b0ab83d9a9b8,DT-1654,James,,,M,2014-03-01,,,019b6f8b-fc4a-7830-bd59-3e41bd7c8654,,,,,,,,380260002390880,2026-01-22T15:34:37.000Z,2026-01-22T15:34:37.000Z,1,0,
019be657-deee-7d15-a677-a010cc0388fa,DT-1655,Amy,,,W,,,,019b6f8b-fc45-7176-8cd7-2d06e6508ed9,,,,,,,,941000024538360,2026-01-22T15:34:37.000Z,2026-01-22T15:34:37.000Z,1,0,
019be657-deee-7881-b918-550d2d25d899,DT-1656,Glynn,,Cairn Terrier,W,2009-04-05,,,019b6f8b-fc48-756b-8428-d9a1b1e64047,,,,,,,,,2026-01-22T15:34:37.000Z,2026-01-22T15:34:37.000Z,1,0,
019be657-deef-78cd-9775-df48aac44536,DT-1657,Sasso,,Cairn Terrier,M,2009-04-05,,,019b6f8b-fc48-756b-8428-d9a1b1e64047,,,,,,,,,2026-01-22T15:34:37.000Z,2026-01-22T15:34:37.000Z,1,0,
019be657-deef-7ef1-abed-771e1ab782ec,DT-1658,Ken,,,M,2013-01-23,,,019b6f8b-fc48-756b-8428-d9a1b1e64047,,,,,,,,756 098 100 613 047,2026-01-22T15:34:37.000Z,2026-01-22T15:34:37.000Z,1,0,
019be657-deef-7967-9e6d-d771dd1116b8,DT-1659,Kamy,,,W,2013-01-23,,,019b6f8b-fc48-756b-8428-d9a1b1e64047,,,,,,,,756 098 100 614 146,2026-01-22T15:34:37.000Z,2026-01-22T15:34:37.000Z,1,0,
019be657-deef-7ced-a8d6-3825f8cd0432,DT-1660,Yellow,,,W,2011-10-01,,,019b6f8b-fc48-7d7c-882b-bd4201f879b4,,,,,,,,276 096 100 301 327,2026-01-22T15:34:37.000Z,2026-01-22T15:34:37.000Z,1,0,
019be657-def0-79f1-aa42-eeaf885c5b48,DT-1661,Tino,,,M,2008-10-04,,,019b6f8b-fc48-7d7c-882b-bd4201f879b4,,,,,,,,756 097 200 085 712,2026-01-22T15:34:37.000Z,2026-01-22T15:34:37.000Z,1,0,
019be657-def0-79e3-aaba-06abe25b0fdd,DT-1662,Timo,,Malamut/Husky/Schäfer/L,M,,,,019b6f8b-fc4a-74f2-8575-c9cac57b3b04,,,,,,,,,2026-01-22T15:34:37.000Z,2026-01-22T15:34:37.000Z,1,0,
019be657-def0-73ea-9343-49ccc6505127,DT-1663,Momo,,,M,2022-09-12,,,019b6f8b-fc46-77d1-9665-6e6c44dac293,,,,,,,,756095310118558,2026-01-22T15:34:37.000Z,2026-01-22T15:34:37.000Z,1,0,
019be657-def0-779a-80b2-b628299d08e6,DT-1664,Pitch,,,M,2012-08-01,,,019b6f8b-fc49-7d50-9d63-33e86a8c7d15,,,,,,,,972274000107304,2026-01-22T15:34:37.000Z,2026-01-22T15:34:37.000Z,1,0,
019be657-def0-72be-ba41-4b8e8db1c08e,DT-1665,Pitch,,,M,2012-08-01,,,019b6f8b-fc49-7d50-9d63-33e86a8c7d15,,,,,,,,972274000107304,2026-01-22T15:34:37.000Z,2026-01-22T15:34:37.000Z,1,0,
019be657-def1-7e36-ac58-fa025f1a7978,DT-1666,Ojala,,Pudel,W,2013-10-22,,,019b6f8b-fc49-7ba3-98c8-91318c19d4dd,,,,,,,,,2026-01-22T15:34:37.000Z,2026-01-22T15:34:37.000Z,1,0,
019be657-def1-788e-bb2f-ea4aa2623b55,DT-1667,Jeni,,,W,2014-08-20,,,019b6f8b-fc4a-7404-a3f9-7c5856cebc3a,,,,,,,,756098100623406,2026-01-22T15:34:37.000Z,2026-01-22T15:34:37.000Z,1,0,
019be657-def1-7c92-9315-ca0491ba71d8,DT-1668,Rigo,,Lagotto Romagnolo,M,,,,019b6f8b-fc4b-7bc9-ba90-b2feee0eccb3,,,,,,,,,2026-01-22T15:34:37.000Z,2026-01-22T15:34:37.000Z,1,0,
019be657-def1-78ad-83e4-e8fcb0aad16d,DT-1669,Rigo,,Lagotto Romagnolo,M,,,,019b6f8b-fc47-759d-9e22-e4ae8befad9b,,,,,,,,,2026-01-22T15:34:37.000Z,2026-01-22T15:34:37.000Z,1,0,
019be657-def2-7279-9045-b636ee1b37ff,DT-1670,Abby,,Continental Bulldog,W,,,,019b6f8b-fc45-7650-b00c-ce579e471e51,,,,,,,,,2026-01-22T15:34:37.000Z,2026-01-22T15:34:37.000Z,1,0,
019be657-def2-7c76-a4cf-e6385e5f4ffe,DT-1671,Ailey,,,W,2013-12-07,,,019b6f8b-fc43-77e1-8450-dd5c8dc2252b,,,,,,,,276093400540191,2026-01-22T15:34:37.000Z,2026-01-22T15:34:37.000Z,1,0,
019be657-def2-79bd-83cd-9ab2e00782aa,DT-1672,Ailey,,,W,2013-12-07,,,019b6f8b-fc43-77e1-8450-dd5c8dc2252b,,,,,,,,276093400540191,2026-01-22T15:34:37.000Z,2026-01-22T15:34:37.000Z,1,0,
019be657-def2-71ff-baf2-e0b3f8d7a4bb,DT-1673,Emmy,,,W,2014-03-16,,,019b6f8b-fc49-7b94-8646-89f1e885167e,,,,,,,,756097200097053,2026-01-22T15:34:37.000Z,2026-01-22T15:34:37.000Z,1,0,
019be657-def3-7ec6-a457-f4b6846b9a44,DT-1674,Renny,,,W,2017-10-03,,,019b6f8b-fc45-7541-9e50-e68bf1100559,,,,,,,,756098100793465,2026-01-22T15:34:37.000Z,2026-01-22T15:34:37.000Z,1,0,
019be657-def3-769b-b8e1-cdb40d62e949,DT-1675,Eli,,Schäfer Mix,M,2014-01-01,,,019b6f8b-fc49-7630-9950-21fad4f3694f,,,,,,,,,2026-01-22T15:34:37.000Z,2026-01-22T15:34:37.000Z,1,0,
019be657-def3-785a-a94f-59d8ec34f5d4,DT-1676,Chico,,,M,2020-06-09,,,019b6f8b-fc45-769e-9028-8a2f154b967f,,,,,,,,900182002133636,2026-01-22T15:34:37.000Z,2026-01-22T15:34:37.000Z,1,0,
019be657-def3-746a-b342-ea4e07a9318d,DT-1677,Bayou,,,W,2021-10-20,,,019b6f8b-fc46-7593-8348-0ffedf2e6d0e,,,,,,,,250269610181359,2026-01-22T15:34:37.000Z,2026-01-22T15:34:37.000Z,1,0,
019be657-def3-7f3e-9ef3-7cc56e3fb74d,DT-1678,Hector,,,M,2012-02-10,,,019b6f8b-fc48-7f11-b062-7f24065f99f7,,,,,,,,250 269 604 607 147,2026-01-22T15:34:37.000Z,2026-01-22T15:34:37.000Z,1,0,
019be657-def4-7f25-8eb2-8a8b0338ec3b,DT-1679,Felix,,,M,2015-05-03,,,019b6f8b-fc48-7f11-b062-7f24065f99f7,,,,,,,,756098100697690,2026-01-22T15:34:37.000Z,2026-01-22T15:34:37.000Z,1,0,
019be657-def4-7c34-9260-de8219ea1a8e,DT-1680,Hector,,,M,2012-02-10,,,019b6f8b-fc43-704d-89e9-83e440895c5f,,,,,,,,250269604607147,2026-01-22T15:34:37.000Z,2026-01-22T15:34:37.000Z,1,0,
019be657-def4-71c7-8e96-7ede5d50e2a0,DT-1681,Felix,,,M,2015-05-03,,,019b6f8b-fc43-704d-89e9-83e440895c5f,,,,,,,,756098100697690,2026-01-22T15:34:37.000Z,2026-01-22T15:34:37.000Z,1,0,
019be657-def4-7d7b-89eb-6aa93f0b79b8,DT-1682,Diana,,,W,2008-06-03,,,019b6f8b-fc43-704d-89e9-83e440895c5f,,,,,,,,756097200105954,2026-01-22T15:34:37.000Z,2026-01-22T15:34:37.000Z,1,0,
019be657-def5-70ef-9646-e9c9dbde1e04,DT-1683,Irmel,,Dackel - Langhaar,W,,,,019b6f8b-fc43-704d-89e9-83e440895c5f,,,,,,,,,2026-01-22T15:34:37.000Z,2026-01-22T15:34:37.000Z,1,0,
019be657-def5-7e2c-9b36-e528a85b18c4,DT-1684,Arroum (Rummi),,LH Tackel Standard,W,2021-07-25,,,019b6f8b-fc43-704d-89e9-83e440895c5f,,,,,,,,,2026-01-22T15:34:37.000Z,2026-01-22T15:34:37.000Z,1,0,
019be657-def5-72e4-a046-1c0197577109,DT-1685,Leo,,,M,2022-03-30,,,019b6f8b-fc46-743e-aecc-94f47f04e763,,,,,,,,756095310089218,2026-01-22T15:34:37.000Z,2026-01-22T15:34:37.000Z,1,0,
019be657-def5-70a5-a367-0031776c9c0f,DT-1686,Ciasira,,Boxer,W,2012-10-14,,,019b6f8b-fc44-7cc4-a817-0f9660582460,,,,,,,,,2026-01-22T15:34:37.000Z,2026-01-22T15:34:37.000Z,1,0,
019be657-def5-7eac-abf6-6b0777be5eeb,DT-1687,Zötzel,,,M,2012-02-05,,,019b6f8b-fc49-7c63-8a4e-cdf866aa6864,,,,,,,,756097200180664,2026-01-22T15:34:37.000Z,2026-01-22T15:34:37.000Z,1,0,
019be657-def6-76aa-853a-06bd863d18cd,DT-1688,Bujo,,Schnauzer Mix,X,2012-05-18,,,019b6f8b-fc4a-72f3-8bbf-18ea73768336,,,,,,,,,2026-01-22T15:34:37.000Z,2026-01-22T15:34:37.000Z,1,0,
019be657-def6-7907-bb8a-f2a8a068fb19,DT-1689,Malu,,Thai Ridgeback,W,2021-09-02,,,019b6f8b-fc45-72f5-b937-e316257ea512,,,,,,,,,2026-01-22T15:34:37.000Z,2026-01-22T15:34:37.000Z,1,0,
019be657-def6-7e7c-83d5-99484ac6ce57,DT-1690,Anjo,,Deutscher Schäferhund,M,,,,019b6f8b-fc44-7f7e-b88f-c57549fbcfe1,,,,,,,,,2026-01-22T15:34:37.000Z,2026-01-22T15:34:37.000Z,1,0,
019be657-def6-7295-853f-10ce0b3b4e81,DT-1691,Hector,,,M,2007-08-11,,,019b6f8b-fc4a-7130-a0a8-26699646ca08,,,,,,,,941000016080411,2026-01-22T15:34:37.000Z,2026-01-22T15:34:37.000Z,1,0,
019be657-def7-78e1-ab32-546cc4a9112b,DT-1692,Leroy,,Shih Tzu,M,,,,019b6f8b-fc44-7fc8-807f-5f602d941317,,,,,,,,,2026-01-22T15:34:37.000Z,2026-01-22T15:34:37.000Z,1,0,
019be657-def7-7852-9cfd-a957621680ba,DT-1693,Leroy,,,M,2018-12-12,,,019b6f8b-fc44-724c-846f-f05058ae029c,,,,,,,,756097202034789,2026-01-22T15:34:37.000Z,2026-01-22T15:34:37.000Z,1,0,
019be657-def7-791a-8eb2-07e48c787568,DT-1694,Keylo,,,M,2018-05-04,,,019b6f8b-fc43-73fd-afc2-14d7ea8fdc29,,,,,,,,276097202597287,2026-01-22T15:34:37.000Z,2026-01-22T15:34:37.000Z,1,0,
019be657-def7-7365-894a-a3e89124ae69,DT-1695,Dixie,,,W,2008-01-01,,,019b6f8b-fc49-7f4a-b509-6a7b552ac56b,,,,,,,,939 000 010 285 853,2026-01-22T15:34:37.000Z,2026-01-22T15:34:37.000Z,1,0,
019be657-def7-783e-916c-ce273b0c1c95,DT-1696,Uschka,,,W,2011-04-08,,,019b6f8b-fc49-71f8-a0a2-3a4673615daf,,,,,,,,756 098 100 527 571,2026-01-22T15:34:37.000Z,2026-01-22T15:34:37.000Z,1,0,
019be657-def8-7a3c-bcc3-4565162dcb6f,DT-1697,Cataleya,,,W,2015-10-08,,,019b6f8b-fc4b-7f52-9dd0-62fcd1e87971,,,,,,,,250269606181821,2026-01-22T15:34:37.000Z,2026-01-22T15:34:37.000Z,1,0,
019be657-def8-7129-bb3a-c1ebaa60c26e,DT-1698,Jawango,,Mastiff,M,2010-04-04,,,019b6f8b-fc48-752c-bc50-07e73e8afdf5,,,,,,,,,2026-01-22T15:34:37.000Z,2026-01-22T15:34:37.000Z,1,0,
019be657-def8-7045-8dc1-10269ca61dcd,DT-1699,Frekia,,,X,2012-05-22,,,019b6f8b-fc48-711c-b8ba-0e67db573845,,,,,,,,756 098 100 604 554,2026-01-22T15:34:37.000Z,2026-01-22T15:34:37.000Z,1,0,
019be657-def8-789b-9f6b-6e489b84b1d5,DT-1700,Luna,,Beagle,W,,,,019b6f8b-fc4a-7db3-a586-8f241c3206e3,,,,,,,,,2026-01-22T15:34:37.000Z,2026-01-22T15:34:37.000Z,1,0,
019be657-def9-7cae-8ce9-397c1452ade4,DT-1701,Elly,,,W,2019-10-01,,,019b6f8b-fc45-766b-8acd-2f073a84269a,,,,,,,,040098100553649,2026-01-22T15:34:37.000Z,2026-01-22T15:34:37.000Z,1,0,
019be657-def9-7f1e-bbc1-d7c39835fb35,DT-1702,Maja,,,W,2009-09-20,,,019b6f8b-fc48-78a1-af09-3cb0b59c865f,,,,,,,,756098100494510,2026-01-22T15:34:37.000Z,2026-01-22T15:34:37.000Z,1,0,
019be657-def9-754f-a4bc-bb9bf606ec30,DT-1703,Gretli,,Beagle,W,2009-06-15,,,019b6f8b-fc49-789d-b61b-b4796b8aae93,,,,,,,,,2026-01-22T15:34:37.000Z,2026-01-22T15:34:37.000Z,1,0,
019be657-def9-7431-9d56-837e686542cb,DT-1704,Paco,,,M,2022-03-10,,,019b6f8b-fc47-707a-b39b-79d18b20ecda,,,,,,,,276095611072119,2026-01-22T15:34:37.000Z,2026-01-22T15:34:37.000Z,1,0,
019be657-defa-759c-b3c1-1cd01949632d,DT-1705,Kenzo,,,M,2009-03-26,,,019b6f8b-fc49-728f-ab98-036301dc5a72,,,,,,,,756098100428428,2026-01-22T15:34:37.000Z,2026-01-22T15:34:37.000Z,1,0,
019be657-defa-7efe-8cce-d62209caaacf,DT-1706,Janusch,,,M,2022-11-24,,,019b6f8b-fc44-70f7-9c35-b7f8a677b44d,,,,,,,,191035000169473,2026-01-22T15:34:37.000Z,2026-01-22T15:34:37.000Z,1,0,
019be657-defa-7b62-8ee9-01c4bcf199ae,DT-1707,Zorro,,,M,2016-03-04,,,019b6f8b-fc4b-7ab5-8345-3c53abdf6f66,,,,,,,,756097200071918,2026-01-22T15:34:37.000Z,2026-01-22T15:34:37.000Z,1,0,
019be657-defa-7642-8717-09a2060f868c,DT-1708,Schiggy,,,W,2020-10-09,,,019b6f8b-fc44-7b87-ac46-aba264040c62,,,,,,,,276098108200731,2026-01-22T15:34:37.000Z,2026-01-22T15:34:37.000Z,1,0,
019be657-defb-7d9e-8f60-7e90fcb081d3,DT-1709,Ayla,,,W,2017-10-02,,,019b6f8b-fc44-7ba8-a94d-bbbf8912c170,,,,,,,,756098000031299,2026-01-22T15:34:37.000Z,2026-01-22T15:34:37.000Z,1,0,
019be657-defb-7402-ac7f-09bae3f4dc06,DT-1710,Delta,,,W,2016-03-20,,,019b6f8b-fc4b-7cbc-8906-4cd5442abb82,,,,,,,,756098000007886,2026-01-22T15:34:37.000Z,2026-01-22T15:34:37.000Z,1,0,
019be657-defb-7cc2-a6cc-61ec8ed685b3,DT-1711,Lili,,Labrador Retriever,W,2015-09-03,,,019b6f8b-fc4b-7014-9b6b-47c34e470fe3,,,,,,,,,2026-01-22T15:34:37.000Z,2026-01-22T15:34:37.000Z,1,0,
019be657-defb-7c04-b29b-d1887a9b3a93,DT-1712,Jayjay,,,M,2024-04-13,,,019b6f8b-fc47-7597-9ea7-77ac736febbe,,,,,,,,756097201051136,2026-01-22T15:34:37.000Z,2026-01-22T15:34:37.000Z,1,0,
019be657-defb-781b-b144-f7dabf9e6ae7,DT-1713,Pongo,,,M,2014-07-04,,,019b6f8b-fc49-78ee-b7a8-9eb05d944767,,,,,,,,756096900013015,2026-01-22T15:34:37.000Z,2026-01-22T15:34:37.000Z,1,0,
019be657-defc-78b8-8dd3-3431ea3ac77e,DT-1714,Cara,,,W,2019-03-06,,,019b6f8b-fc44-7cee-9592-e59209c95e2e,,,,,,,,276 098 106 757 454,2026-01-22T15:34:37.000Z,2026-01-22T15:34:37.000Z,1,0,
019be657-defc-70f1-9761-49249b13f3f9,DT-1715,Duke,,,M,2024-08-10,,,019b6f8b-fc47-7a9d-a71b-f388644ec377,,,,,,,,756098101178228,2026-01-22T15:34:37.000Z,2026-01-22T15:34:37.000Z,1,0,
019be657-defc-78e9-b7ce-6916bb8859fb,DT-1716,Eros,,,M,2013-09-23,,,019b6f8b-fc49-7c70-8a60-2effa61478ff,,,,,,,,250269801438392,2026-01-22T15:34:37.000Z,2026-01-22T15:34:37.000Z,1,0,
019be657-defc-75d7-8db4-13aa7b7e7b1d,DT-1717,Pascha,,Siberian Husky,M,,,,019b6f8b-fc44-71fe-a405-2602f0b92956,,,,,,,,,2026-01-22T15:34:37.000Z,2026-01-22T15:34:37.000Z,1,0,
019be657-defd-73f2-a357-11c33acc7577,DT-1718,Diego,,,M,2020-08-07,,,019b6f8b-fc45-71e0-babf-2ea0518c2243,,,,,,,,756098100911650,2026-01-22T15:34:37.000Z,2026-01-22T15:34:37.000Z,1,0,
019be657-defd-7492-b367-a29f2d5c4893,DT-1719,Mahto,,,M,2021-01-05,,,019b6f8b-fc45-7588-9876-3600f7101e1e,,,,,,,,756097201006960,2026-01-22T15:34:37.000Z,2026-01-22T15:34:37.000Z,1,0,
019be657-defd-719b-869c-804b5d696e43,DT-1720,Danny,,,M,2012-02-01,,,019b6f8b-fc48-737d-8333-43d300fef627,,,,,,,,756 098 100 553 938,2026-01-22T15:34:37.000Z,2026-01-22T15:34:37.000Z,1,0,
019be657-defd-7ca8-9aaa-b152681b74ca,DT-1721,Kira,,,W,2012-05-05,,,019b6f8b-fc48-7945-b5ab-455fdef4a835,,,,,,,,756 098 100 570 271,2026-01-22T15:34:37.000Z,2026-01-22T15:34:37.000Z,1,0,
019be657-defd-763a-ad15-32b7229e4996,DT-1722,Schneeball,,,W,2011-05-20,,,019b6f8b-fc48-785a-8595-fd9dcb2ee3e7,,,,,,,,756 097 200 149 193,2026-01-22T15:34:37.000Z,2026-01-22T15:34:37.000Z,1,0,
019be657-defe-72cf-bcd4-26a15688026c,DT-1723,Angel,,,W,2013-06-01,,,019b6f8b-fc48-785a-8595-fd9dcb2ee3e7,,,,,,,,756 098 100 615 009,2026-01-22T15:34:37.000Z,2026-01-22T15:34:37.000Z,1,0,
019be657-defe-755e-88ce-f5c6ab47b009,DT-1724,Pepper,,,W,2008-05-19,,,019b6f8b-fc48-7a10-b4b9-4d84b9130bc6,,,,,,,,276097200855922,2026-01-22T15:34:37.000Z,2026-01-22T15:34:37.000Z,1,0,
019be657-defe-72f9-b0b7-abe3b93f0075,DT-1725,Phönix,,,M,2017-01-01,,,019b6f8b-fc44-77fd-bd5d-263dd7ab912a,,,,,,,,981020000358835,2026-01-22T15:34:37.000Z,2026-01-22T15:34:37.000Z,1,0,
019be657-defe-79e5-bb14-5ccc629b0ad3,DT-1726,Balto,,Foxterrier X Berner-Laufhu,M,,,,019b6f8b-fc45-7a98-8f8e-ff0e087358a6,,,,,,,,,2026-01-22T15:34:37.000Z,2026-01-22T15:34:37.000Z,1,0,
019be657-deff-74d6-a6a6-2c7a9eb9304d,DT-1727,Balto,,,M,2020-05-13,,,019b6f8b-fc45-7012-8ab0-7503ccaf7797,,,,,,,,756097201008207,2026-01-22T15:34:37.000Z,2026-01-22T15:34:37.000Z,1,0,
019be657-deff-7dca-ac91-92ba95118965,DT-1728,Charlie,,,M,2019-04-04,,,019b6f8b-fc44-7eeb-a1a6-ecf4433b6f6b,,,,,,,,276090010852149,2026-01-22T15:34:37.000Z,2026-01-22T15:34:37.000Z,1,0,
019be657-deff-7f8a-a8ab-cc46caf89265,DT-1729,Jack,,,M,2023-04-18,,,019b6f8b-fc47-7f4b-8007-94f7533cefd3,,,,,,,,276099200263361,2026-01-22T15:34:37.000Z,2026-01-22T15:34:37.000Z,1,0,
019be657-deff-7c04-b56d-986e6c2c2892,DT-1730,Emir,,,M,2022-12-17,,,019b6f8b-fc47-79c0-b1f3-fc57703be8eb,,,,,,,,250268712861364,2026-01-22T15:34:37.000Z,2026-01-22T15:34:37.000Z,1,0,
019be657-df00-7c5d-b939-5cb63fa01577,DT-1731,Pequitas,,,W,2023-01-28,,,019b6f8b-fc47-7bdd-8ce2-4c1ea7c2b276,,,,,,,,756095310119649,2026-01-22T15:34:37.000Z,2026-01-22T15:34:37.000Z,1,0,
019be657-df00-78df-b069-24cc34f03d6e,DT-1732,Lio,,,M,2014-06-02,,,019b6f8b-fc4b-7566-aba8-ceeed8eca3d8,,,,,,,,756098100687528,2026-01-22T15:34:37.000Z,2026-01-22T15:34:37.000Z,1,0,
019be657-df00-7e71-bb37-43697929a034,DT-1733,Beny,,,M,2018-08-28,,,019b6f8b-fc44-7c0e-9370-de2de2e5263b,,,,,,,,276098007283538,2026-01-22T15:34:37.000Z,2026-01-22T15:34:37.000Z,1,0,
019be657-df00-7c95-a90d-0a400311e988,DT-1734,Julio,,Chihuahua,M,2014-05-28,,,019b6f8b-fc4a-7b4f-a941-3a39e2703541,,,,,,,,,2026-01-22T15:34:37.000Z,2026-01-22T15:34:37.000Z,1,0,
019be657-df00-7b39-8659-03c0dcd1903a,DT-1735,Gino,,,M,2022-02-16,,,019b6f8b-fc46-7acb-861a-28d103fcd5b2,,,,,,,,756095310088977,2026-01-22T15:34:37.000Z,2026-01-22T15:34:37.000Z,1,0,
019be657-df01-79d6-8bc7-69d42cfc9a8a,DT-1736,Gino,,Border Collie/Australischer,M,,,,019b6f8b-fc45-7ae9-b524-f1bcface1152,,,,,,,,,2026-01-22T15:34:37.000Z,2026-01-22T15:34:37.000Z,1,0,
019be657-df01-72a8-8b88-ec419696092e,DT-1737,Tschiwa,,,W,2003-06-30,,,019b6f8b-fc49-72a1-8706-da764afcbd77,,,,,,,,756098101126907,2026-01-22T15:34:37.000Z,2026-01-22T15:34:37.000Z,1,0,
019be657-df01-7146-84a1-07d0422e7ba6,DT-1738,Chico,,,M,2020-09-30,,,019b6f8b-fc46-7120-8323-52db27e40234,,,,,,,,380260101686297,2026-01-22T15:34:37.000Z,2026-01-22T15:34:37.000Z,1,0,
019be657-df01-76ad-88c0-26199433c21f,DT-1739,Shadow,,,M,2014-02-06,,,019b6f8b-fc49-7c27-8dce-e0d8cf168d79,,,,,,,,756098100667822,2026-01-22T15:34:37.000Z,2026-01-22T15:34:37.000Z,1,0,
019be657-df02-766e-a444-3e7b673ec847,DT-1740,Shadow,,,M,2014-02-06,,,019b6f8b-fc49-7c27-8dce-e0d8cf168d79,,,,,,,,756098100667822,2026-01-22T15:34:37.000Z,2026-01-22T15:34:37.000Z,1,0,
019be657-df02-741d-be05-21c874129445,DT-1741,Saphira,,Collie,W,2015-04-21,,,019b6f8b-fc4a-70ed-8bed-ac2a0fd6a854,,,,,,,,,2026-01-22T15:34:37.000Z,2026-01-22T15:34:37.000Z,1,0,
019be657-df02-7673-9d0e-5574c8ddacd0,DT-1742,Yoki,,Langhaardackel,W,2017-04-30,,,019b6f8b-fc4a-70ed-8bed-ac2a0fd6a854,,,,,,,,,2026-01-22T15:34:37.000Z,2026-01-22T15:34:37.000Z,1,0,
019be657-df02-7b71-aba5-2c76bceb3797,DT-1743,Racky,,,M,2017-02-01,,,019b6f8b-fc47-7d9c-9fc8-078f7002481b,,,,,,,,191100000887705,2026-01-22T15:34:37.000Z,2026-01-22T15:34:37.000Z,1,0,
019be657-df03-720a-b83b-e723ca65063b,DT-1744,Miranda,,Zum Felsblick,W,2009-09-12,,,019b6f8b-fc49-7e20-98bf-9ee950d8de41,,,,,,,,941 000 012 418 971,2026-01-22T15:34:37.000Z,2026-01-22T15:34:37.000Z,1,0,
019be657-df03-7b17-b933-839f28f11413,DT-1745,Racky,,Pudel x Schnauzer Mix,M,,,,019b6f8b-fc4b-7e69-827d-bb902c440842,,,,,,,,,2026-01-22T15:34:37.000Z,2026-01-22T15:34:37.000Z,1,0,
019be657-df03-7755-8a43-b0b6a08013c3,DT-1746,Lexi,,,W,2014-04-27,,,019b6f8b-fc4a-7441-84ba-4c436ff8b4dc,,,,,,,,756097202005210,2026-01-22T15:34:37.000Z,2026-01-22T15:34:37.000Z,1,0,
019be657-df03-735d-b92a-b3cf9547fa35,DT-1747,Jimmy,,,M,2008-11-10,,,019b6f8b-fc4a-7abc-8398-c039123720e3,,,,,,,,756097200089346,2026-01-22T15:34:37.000Z,2026-01-22T15:34:37.000Z,1,0,
